stream	Set up job	﻿2026-08-17T13:58:07.5149092Z Current runner version: '2.336.0'
stream	Set up job	2026-08-17T13:58:07.5170614Z ##[group]Runner Image Provisioner
stream	Set up job	2026-08-17T13:58:07.5171492Z Hosted Compute Agent
stream	Set up job	2026-08-17T13:58:07.5171989Z Version: 20260729.566
stream	Set up job	2026-08-17T13:58:07.5172527Z Commit: cf7153fe6e25b664e8693c24944bf2b00355d109
stream	Set up job	2026-08-17T13:58:07.5173144Z Build Date: 2026-07-29T19:17:02Z
stream	Set up job	2026-08-17T13:58:07.5173717Z Worker ID: {75c0b56c-ee25-4a6b-b038-164dd9a37b67}
stream	Set up job	2026-08-17T13:58:07.5174347Z Azure Region: westus3
stream	Set up job	2026-08-17T13:58:07.5174820Z ##[endgroup]
stream	Set up job	2026-08-17T13:58:07.5176012Z ##[group]Operating System
stream	Set up job	2026-08-17T13:58:07.5176608Z Ubuntu
stream	Set up job	2026-08-17T13:58:07.5177039Z 24.04.4
stream	Set up job	2026-08-17T13:58:07.5177468Z LTS
stream	Set up job	2026-08-17T13:58:07.5177929Z ##[endgroup]
stream	Set up job	2026-08-17T13:58:07.5178561Z ##[group]Runner Image
stream	Set up job	2026-08-17T13:58:07.5179090Z Image: ubuntu-24.04
stream	Set up job	2026-08-17T13:58:07.5179556Z Version: 20260810.271.1
stream	Set up job	2026-08-17T13:58:07.5180459Z Included Software: https://github.com/actions/runner-images/blob/ubuntu24/20260810.271/images/ubuntu/Ubuntu2404-Readme.md
stream	Set up job	2026-08-17T13:58:07.5181878Z Image Release: https://github.com/actions/runner-images/releases/tag/ubuntu24%2F20260810.271
stream	Set up job	2026-08-17T13:58:07.5182710Z ##[endgroup]
stream	Set up job	2026-08-17T13:58:07.5183669Z ##[group]GITHUB_TOKEN Permissions
stream	Set up job	2026-08-17T13:58:07.5185664Z Contents: read
stream	Set up job	2026-08-17T13:58:07.5186152Z Metadata: read
stream	Set up job	2026-08-17T13:58:07.5186630Z Packages: read
stream	Set up job	2026-08-17T13:58:07.5187095Z ##[endgroup]
stream	Set up job	2026-08-17T13:58:07.5189119Z Secret source: Actions
stream	Set up job	2026-08-17T13:58:07.5190352Z Prepare workflow directory
stream	Set up job	2026-08-17T13:58:07.5816618Z Prepare all required actions
stream	Set up job	2026-08-17T13:58:07.5858078Z Getting action download info
stream	Set up job	2026-08-17T13:58:07.8543060Z Download action repository 'actions/checkout@v4' (SHA:11d5960a326750d5838078e36cf38b85af677262)
stream	Set up job	2026-08-17T13:58:08.9858731Z Download action repository 'actions/upload-artifact@v4' (SHA:ea165f8d65b6e75b540449e92b4886f43607fa02)
stream	Set up job	2026-08-17T13:58:09.2426205Z Complete job name: stream
stream	Checkout repository	﻿2026-08-17T13:58:09.3027189Z Node 20 is being deprecated. This workflow is running with Node 24 by default. If you need to temporarily use Node 20, you can set the ACTIONS_ALLOW_USE_UNSECURE_NODE_VERSION=true environment variable. For more information see: https://github.blog/changelog/2025-09-19-deprecation-of-node-20-on-github-actions-runners/
stream	Checkout repository	2026-08-17T13:58:09.3035856Z ##[group]Run actions/checkout@v4
stream	Checkout repository	2026-08-17T13:58:09.3036643Z with:
stream	Checkout repository	2026-08-17T13:58:09.3037247Z   repository: Gojozz/my-racing-stream
stream	Checkout repository	2026-08-17T13:58:09.3041265Z   token: ***
stream	Checkout repository	2026-08-17T13:58:09.3041791Z   ssh-strict: true
stream	Checkout repository	2026-08-17T13:58:09.3042298Z   ssh-user: git
stream	Checkout repository	2026-08-17T13:58:09.3042805Z   persist-credentials: true
stream	Checkout repository	2026-08-17T13:58:09.3043403Z   clean: true
stream	Checkout repository	2026-08-17T13:58:09.3043926Z   sparse-checkout-cone-mode: true
stream	Checkout repository	2026-08-17T13:58:09.3044501Z   fetch-depth: 1
stream	Checkout repository	2026-08-17T13:58:09.3045002Z   fetch-tags: false
stream	Checkout repository	2026-08-17T13:58:09.3045512Z   show-progress: true
stream	Checkout repository	2026-08-17T13:58:09.3046058Z   lfs: false
stream	Checkout repository	2026-08-17T13:58:09.3046554Z   submodules: false
stream	Checkout repository	2026-08-17T13:58:09.3047211Z   set-safe-directory: true
stream	Checkout repository	2026-08-17T13:58:09.3047809Z   allow-unsafe-pr-checkout: false
stream	Checkout repository	2026-08-17T13:58:09.3048724Z ##[endgroup]
stream	Checkout repository	2026-08-17T13:58:09.3917518Z Syncing repository: Gojozz/my-racing-stream
stream	Checkout repository	2026-08-17T13:58:09.3919784Z ##[group]Getting Git version info
stream	Checkout repository	2026-08-17T13:58:09.3920603Z Working directory is '/home/runner/work/my-racing-stream/my-racing-stream'
stream	Checkout repository	2026-08-17T13:58:09.3921851Z [command]/usr/bin/git version
stream	Checkout repository	2026-08-17T13:58:09.3944442Z git version 2.54.0
stream	Checkout repository	2026-08-17T13:58:09.3994725Z ##[endgroup]
stream	Checkout repository	2026-08-17T13:58:09.4008212Z Temporarily overriding HOME='/home/runner/work/_temp/cfa1143f-7390-4de5-9ffa-0ab644eeb2d4' before making global git config changes
stream	Checkout repository	2026-08-17T13:58:09.4012645Z Adding repository directory to the temporary git global config as a safe directory
stream	Checkout repository	2026-08-17T13:58:09.4014127Z [command]/usr/bin/git config --global --add safe.directory /home/runner/work/my-racing-stream/my-racing-stream
stream	Checkout repository	2026-08-17T13:58:09.4060871Z Deleting the contents of '/home/runner/work/my-racing-stream/my-racing-stream'
stream	Checkout repository	2026-08-17T13:58:09.4063337Z ##[group]Initializing the repository
stream	Checkout repository	2026-08-17T13:58:09.4065023Z [command]/usr/bin/git init /home/runner/work/my-racing-stream/my-racing-stream
stream	Checkout repository	2026-08-17T13:58:09.4449705Z hint: Using 'master' as the name for the initial branch. This default branch name
stream	Checkout repository	2026-08-17T13:58:09.4458624Z hint: will change to "main" in Git 3.0. To configure the initial branch name
stream	Checkout repository	2026-08-17T13:58:09.4460387Z hint: to use in all of your new repositories, which will suppress this warning,
stream	Checkout repository	2026-08-17T13:58:09.4467283Z hint: call:
stream	Checkout repository	2026-08-17T13:58:09.4468293Z hint:
stream	Checkout repository	2026-08-17T13:58:09.4469301Z hint: 	git config --global init.defaultBranch <name>
stream	Checkout repository	2026-08-17T13:58:09.4470302Z hint:
stream	Checkout repository	2026-08-17T13:58:09.4471195Z hint: Names commonly chosen instead of 'master' are 'main', 'trunk' and
stream	Checkout repository	2026-08-17T13:58:09.4472501Z hint: 'development'. The just-created branch can be renamed via this command:
stream	Checkout repository	2026-08-17T13:58:09.4473654Z hint:
stream	Checkout repository	2026-08-17T13:58:09.4474316Z hint: 	git branch -m <name>
stream	Checkout repository	2026-08-17T13:58:09.4475159Z hint:
stream	Checkout repository	2026-08-17T13:58:09.4476110Z hint: Disable this message with "git config set advice.defaultBranchName false"
stream	Checkout repository	2026-08-17T13:58:09.4477624Z Initialized empty Git repository in /home/runner/work/my-racing-stream/my-racing-stream/.git/
stream	Checkout repository	2026-08-17T13:58:09.4480752Z [command]/usr/bin/git remote add origin https://github.com/Gojozz/my-racing-stream
stream	Checkout repository	2026-08-17T13:58:09.4486817Z ##[endgroup]
stream	Checkout repository	2026-08-17T13:58:09.4488290Z ##[group]Disabling automatic garbage collection
stream	Checkout repository	2026-08-17T13:58:09.4491256Z [command]/usr/bin/git config --local gc.auto 0
stream	Checkout repository	2026-08-17T13:58:09.4517267Z ##[endgroup]
stream	Checkout repository	2026-08-17T13:58:09.4518653Z ##[group]Setting up auth
stream	Checkout repository	2026-08-17T13:58:09.4522169Z [command]/usr/bin/git config --local --name-only --get-regexp core\.sshCommand
stream	Checkout repository	2026-08-17T13:58:09.4547250Z [command]/usr/bin/git submodule foreach --recursive sh -c "git config --local --name-only --get-regexp 'core\.sshCommand' && git config --local --unset-all 'core.sshCommand' || :"
stream	Checkout repository	2026-08-17T13:58:09.5635924Z [command]/usr/bin/git config --local --name-only --get-regexp http\.https\:\/\/github\.com\/\.extraheader
stream	Checkout repository	2026-08-17T13:58:09.5663917Z [command]/usr/bin/git submodule foreach --recursive sh -c "git config --local --name-only --get-regexp 'http\.https\:\/\/github\.com\/\.extraheader' && git config --local --unset-all 'http.https://github.com/.extraheader' || :"
stream	Checkout repository	2026-08-17T13:58:09.5840260Z [command]/usr/bin/git config --local --name-only --get-regexp ^includeIf\.gitdir:
stream	Checkout repository	2026-08-17T13:58:09.5871064Z [command]/usr/bin/git submodule foreach --recursive git config --local --show-origin --name-only --get-regexp remote.origin.url
stream	Checkout repository	2026-08-17T13:58:09.6049203Z [command]/usr/bin/git config --local http.https://github.com/.extraheader AUTHORIZATION: basic ***
stream	Checkout repository	2026-08-17T13:58:09.6079243Z ##[endgroup]
stream	Checkout repository	2026-08-17T13:58:09.6080702Z ##[group]Fetching the repository
stream	Checkout repository	2026-08-17T13:58:09.6088689Z [command]/usr/bin/git -c protocol.version=2 fetch --no-tags --prune --no-recurse-submodules --depth=1 origin +9a09994f0bbf4471c0b0654f873e3977f332bc49:refs/remotes/origin/main
stream	Checkout repository	2026-08-17T13:58:10.0265307Z From https://github.com/Gojozz/my-racing-stream
stream	Checkout repository	2026-08-17T13:58:10.0266860Z  * [new ref]         9a09994f0bbf4471c0b0654f873e3977f332bc49 -> origin/main
stream	Checkout repository	2026-08-17T13:58:10.0283674Z ##[endgroup]
stream	Checkout repository	2026-08-17T13:58:10.0285026Z ##[group]Determining the checkout info
stream	Checkout repository	2026-08-17T13:58:10.0286219Z ##[endgroup]
stream	Checkout repository	2026-08-17T13:58:10.0290496Z [command]/usr/bin/git sparse-checkout disable
stream	Checkout repository	2026-08-17T13:58:10.0322981Z [command]/usr/bin/git config --local --unset-all extensions.worktreeConfig
stream	Checkout repository	2026-08-17T13:58:10.0885968Z ##[group]Checking out the ref
stream	Checkout repository	2026-08-17T13:58:10.0890240Z [command]/usr/bin/git checkout --progress --force -B main refs/remotes/origin/main
stream	Checkout repository	2026-08-17T13:58:10.0921306Z Switched to a new branch 'main'
stream	Checkout repository	2026-08-17T13:58:10.0931731Z branch 'main' set up to track 'origin/main'.
stream	Checkout repository	2026-08-17T13:58:10.0939270Z ##[endgroup]
stream	Checkout repository	2026-08-17T13:58:10.0963495Z [command]/usr/bin/git log -1 --format=%H
stream	Checkout repository	2026-08-17T13:58:10.0982270Z 9a09994f0bbf4471c0b0654f873e3977f332bc49
stream	Install dependencies	﻿2026-08-17T13:58:10.1157997Z ##[group]Run sudo apt-get update
stream	Install dependencies	2026-08-17T13:58:10.1159155Z ^[[36;1msudo apt-get update^[[0m
stream	Install dependencies	2026-08-17T13:58:10.1159792Z ^[[36;1msudo apt-get install -y \^[[0m
stream	Install dependencies	2026-08-17T13:58:10.1160305Z ^[[36;1m  ffmpeg \^[[0m
stream	Install dependencies	2026-08-17T13:58:10.1160991Z ^[[36;1m  xvfb \^[[0m
stream	Install dependencies	2026-08-17T13:58:10.1161448Z ^[[36;1m  chromium \^[[0m
stream	Install dependencies	2026-08-17T13:58:10.1161892Z ^[[36;1m  imagemagick \^[[0m
stream	Install dependencies	2026-08-17T13:58:10.1162371Z ^[[36;1m  mesa-utils \^[[0m
stream	Install dependencies	2026-08-17T13:58:10.1162869Z ^[[36;1m  libgl1-mesa-dri^[[0m
stream	Install dependencies	2026-08-17T13:58:10.1188323Z shell: /usr/bin/bash -e {0}
stream	Install dependencies	2026-08-17T13:58:10.1188889Z ##[endgroup]
stream	Install dependencies	2026-08-17T13:58:10.3338647Z Get:1 file:/etc/apt/apt-mirrors.txt Mirrorlist [144 B]
stream	Install dependencies	2026-08-17T13:58:10.4060496Z Hit:2 http://azure.archive.ubuntu.com/ubuntu noble InRelease
stream	Install dependencies	2026-08-17T13:58:10.4087147Z Get:3 http://azure.archive.ubuntu.com/ubuntu noble-updates InRelease [126 kB]
stream	Install dependencies	2026-08-17T13:58:10.4773635Z Get:4 http://azure.archive.ubuntu.com/ubuntu noble-backports InRelease [126 kB]
stream	Install dependencies	2026-08-17T13:58:10.4783405Z Get:5 http://azure.archive.ubuntu.com/ubuntu noble-security InRelease [126 kB]
stream	Install dependencies	2026-08-17T13:58:10.4796354Z Get:6 https://packages.microsoft.com/repos/azure-cli noble InRelease [3564 B]
stream	Install dependencies	2026-08-17T13:58:10.4799436Z Get:7 https://packages.microsoft.com/ubuntu/24.04/prod noble InRelease [3600 B]
stream	Install dependencies	2026-08-17T13:58:10.4872296Z Get:8 https://dl.google.com/linux/chrome-stable/deb stable InRelease [2548 B]
stream	Install dependencies	2026-08-17T13:58:10.5634774Z Get:9 http://azure.archive.ubuntu.com/ubuntu noble-updates/main amd64 Packages [1208 kB]
stream	Install dependencies	2026-08-17T13:58:10.5741010Z Get:10 http://azure.archive.ubuntu.com/ubuntu noble-updates/main Translation-en [284 kB]
stream	Install dependencies	2026-08-17T13:58:10.5759452Z Get:11 http://azure.archive.ubuntu.com/ubuntu noble-updates/main amd64 Components [181 kB]
stream	Install dependencies	2026-08-17T13:58:10.5773028Z Get:12 http://azure.archive.ubuntu.com/ubuntu noble-updates/universe amd64 Packages [1683 kB]
stream	Install dependencies	2026-08-17T13:58:10.5856507Z Get:13 http://azure.archive.ubuntu.com/ubuntu noble-updates/universe Translation-en [336 kB]
stream	Install dependencies	2026-08-17T13:58:10.5863733Z Get:14 http://azure.archive.ubuntu.com/ubuntu noble-updates/universe amd64 Components [388 kB]
stream	Install dependencies	2026-08-17T13:58:10.5891284Z Get:15 http://azure.archive.ubuntu.com/ubuntu noble-updates/restricted amd64 Packages [1452 kB]
stream	Install dependencies	2026-08-17T13:58:10.5953390Z Get:16 http://azure.archive.ubuntu.com/ubuntu noble-updates/restricted Translation-en [330 kB]
stream	Install dependencies	2026-08-17T13:58:10.5976517Z Get:17 http://azure.archive.ubuntu.com/ubuntu noble-updates/multiverse Translation-en [12.6 kB]
stream	Install dependencies	2026-08-17T13:58:10.5983541Z Get:18 http://azure.archive.ubuntu.com/ubuntu noble-updates/multiverse amd64 Components [940 B]
stream	Install dependencies	2026-08-17T13:58:10.6502724Z Get:19 http://azure.archive.ubuntu.com/ubuntu noble-backports/main amd64 Components [5744 B]
stream	Install dependencies	2026-08-17T13:58:10.6523095Z Get:20 http://azure.archive.ubuntu.com/ubuntu noble-backports/universe amd64 Components [12.6 kB]
stream	Install dependencies	2026-08-17T13:58:10.6539084Z Get:21 http://azure.archive.ubuntu.com/ubuntu noble-security/main amd64 Packages [934 kB]
stream	Install dependencies	2026-08-17T13:58:10.6586708Z Get:22 http://azure.archive.ubuntu.com/ubuntu noble-security/main Translation-en [202 kB]
stream	Install dependencies	2026-08-17T13:58:10.6606836Z Get:23 http://azure.archive.ubuntu.com/ubuntu noble-security/main amd64 Components [46.3 kB]
stream	Install dependencies	2026-08-17T13:58:10.6630626Z Get:24 http://azure.archive.ubuntu.com/ubuntu noble-security/universe amd64 Packages [1201 kB]
stream	Install dependencies	2026-08-17T13:58:10.6681691Z Get:25 http://azure.archive.ubuntu.com/ubuntu noble-security/universe Translation-en [240 kB]
stream	Install dependencies	2026-08-17T13:58:10.6686860Z Get:26 http://azure.archive.ubuntu.com/ubuntu noble-security/universe amd64 Components [76.2 kB]
stream	Install dependencies	2026-08-17T13:58:10.6698855Z Get:27 http://azure.archive.ubuntu.com/ubuntu noble-security/restricted amd64 Packages [1330 kB]
stream	Install dependencies	2026-08-17T13:58:10.6761545Z Get:28 http://azure.archive.ubuntu.com/ubuntu noble-security/restricted Translation-en [304 kB]
stream	Install dependencies	2026-08-17T13:58:10.6780432Z Get:29 http://azure.archive.ubuntu.com/ubuntu noble-security/multiverse Translation-en [10.9 kB]
stream	Install dependencies	2026-08-17T13:58:10.8142803Z Get:30 https://packages.microsoft.com/repos/azure-cli noble/main amd64 Packages [2452 B]
stream	Install dependencies	2026-08-17T13:58:10.8466697Z Get:31 https://packages.microsoft.com/ubuntu/24.04/prod noble/main amd64 Packages [326 kB]
stream	Install dependencies	2026-08-17T13:58:10.8686650Z Get:32 https://packages.microsoft.com/ubuntu/24.04/prod noble/main arm64 Packages [285 kB]
stream	Install dependencies	2026-08-17T13:58:10.8879242Z Get:33 https://packages.microsoft.com/ubuntu/24.04/prod noble/main armhf Packages [12.4 kB]
stream	Install dependencies	2026-08-17T13:58:10.9111575Z Get:34 https://dl.google.com/linux/chrome-stable/deb stable/main amd64 Packages [1416 B]
stream	Install dependencies	2026-08-17T13:58:18.9614994Z Fetched 11.3 MB in 1s (9005 kB/s)
stream	Install dependencies	2026-08-17T13:58:19.6047545Z Reading package lists...
stream	Install dependencies	2026-08-17T13:58:19.6321620Z Reading package lists...
stream	Install dependencies	2026-08-17T13:58:19.7554160Z Building dependency tree...
stream	Install dependencies	2026-08-17T13:58:19.7558374Z Reading state information...
stream	Install dependencies	2026-08-17T13:58:19.9030485Z xvfb is already the newest version (2:21.1.12-1ubuntu1.6).
stream	Install dependencies	2026-08-17T13:58:19.9032179Z libgl1-mesa-dri is already the newest version (25.2.8-0ubuntu0.24.04.2).
stream	Install dependencies	2026-08-17T13:58:19.9033084Z libgl1-mesa-dri set to manually installed.
stream	Install dependencies	2026-08-17T13:58:19.9034116Z The following additional packages will be installed:
stream	Install dependencies	2026-08-17T13:58:19.9035084Z   fonts-droid-fallback fonts-noto-mono fonts-urw-base35 ghostscript
stream	Install dependencies	2026-08-17T13:58:19.9036071Z   i965-va-driver imagemagick-6.q16 intel-media-va-driver libaacs0 libass9
stream	Install dependencies	2026-08-17T13:58:19.9036998Z   libasyncns0 libavc1394-0 libavcodec60 libavdevice60 libavfilter9
stream	Install dependencies	2026-08-17T13:58:19.9037980Z   libavformat60 libavutil58 libbdplus0 libblas3 libbluray2 libbs2b0 libcaca0
stream	Install dependencies	2026-08-17T13:58:19.9041799Z   libcdio-cdda2t64 libcdio-paranoia2t64 libcdio19t64 libchromaprint1 libcjson1
stream	Install dependencies	2026-08-17T13:58:19.9043024Z   libcodec2-1.2 libdav1d7 libdc1394-25 libdecor-0-0 libdecor-0-plugin-1-gtk
stream	Install dependencies	2026-08-17T13:58:19.9044359Z   libdjvulibre-text libdjvulibre21 libegl-mesa0 libegl1 libflac12t64 libflite1
stream	Install dependencies	2026-08-17T13:58:19.9045466Z   libgles2 libgme0 libgs-common libgs10 libgs10-common libgsm1 libhwy1t64
stream	Install dependencies	2026-08-17T13:58:19.9046463Z   libidn12 libiec61883-0 libigdgmm12 libijs-0.35 libimath-3-1-29t64
stream	Install dependencies	2026-08-17T13:58:19.9047558Z   libjack-jackd2-0 libjbig2dec0 libjxl0.7 libjxr-tools libjxr0t64 liblapack3
stream	Install dependencies	2026-08-17T13:58:19.9048758Z   liblilv-0-0 libmagickcore-6.q16-7-extra libmbedcrypto7t64 libmp3lame0
stream	Install dependencies	2026-08-17T13:58:19.9049728Z   libmpg123-0t64 libmysofa1 libnetpbm11t64 libopenal-data libopenal1
stream	Install dependencies	2026-08-17T13:58:19.9050746Z   libopenexr-3-1-30 libopenmpt0t64 libopus0 libpaper-utils libpaper1
stream	Install dependencies	2026-08-17T13:58:19.9051689Z   libplacebo338 libpocketsphinx3 libpostproc57 libpulse0 librav1e0
stream	Install dependencies	2026-08-17T13:58:19.9052713Z   libraw1394-11 librist4 librsvg2-2 librsvg2-common librubberband2
stream	Install dependencies	2026-08-17T13:58:19.9053670Z   libsamplerate0 libsdl2-2.0-0 libserd-0-0 libshine3 libsndfile1 libsndio7.0
stream	Install dependencies	2026-08-17T13:58:19.9054637Z   libsord-0-0 libsoxr0 libspeex1 libsphinxbase3t64 libsratom-0-0
stream	Install dependencies	2026-08-17T13:58:19.9055667Z   libsrt1.5-gnutls libssh-gcrypt-4 libsvtav1enc1d1 libswresample4 libswscale7
stream	Install dependencies	2026-08-17T13:58:19.9056762Z   libtheora0 libtwolame0 libudfread0 libunibreak5 libva-drm2 libva-x11-2
stream	Install dependencies	2026-08-17T13:58:19.9057745Z   libva2 libvdpau1 libvidstab1.1 libvorbisenc2 libvpl2 libvpx9
stream	Install dependencies	2026-08-17T13:58:19.9059387Z   libwmflite-0.2-7 libx264-164 libx265-199 libxcb-shape0 libxcb-xkb1
stream	Install dependencies	2026-08-17T13:58:19.9060676Z   libxkbcommon-x11-0 libxv1 libxvidcore4 libzimg2 libzix-0-0 libzvbi-common
stream	Install dependencies	2026-08-17T13:58:19.9061783Z   libzvbi0t64 mesa-utils-bin mesa-va-drivers mesa-vdpau-drivers netpbm
stream	Install dependencies	2026-08-17T13:58:19.9062788Z   ocl-icd-libopencl1 pocketsphinx-en-us poppler-data va-driver-all
stream	Install dependencies	2026-08-17T13:58:19.9063702Z   vdpau-driver-all xfonts-encodings xfonts-utils
stream	Install dependencies	2026-08-17T13:58:19.9064500Z Suggested packages:
stream	Install dependencies	2026-08-17T13:58:19.9065356Z   ffmpeg-doc fonts-noto fonts-freefont-otf | fonts-freefont-ttf fonts-texgyre
stream	Install dependencies	2026-08-17T13:58:19.9066485Z   texlive-binaries i965-va-driver-shaders imagemagick-6-doc autotrace cups-bsd
stream	Install dependencies	2026-08-17T13:58:19.9067584Z   | lpr | lprng enscript gimp gnuplot grads graphviz hp2xx html2ps libwmf-bin
stream	Install dependencies	2026-08-17T13:58:19.9068767Z   mplayer povray radiance sane-utils texlive-base-bin transfig libraw-bin
stream	Install dependencies	2026-08-17T13:58:19.9070265Z   libcuda1 libnvcuvid1 libnvidia-encode1 libbluray-bdj jackd2 inkscape
stream	Install dependencies	2026-08-17T13:58:19.9071234Z   libportaudio2 opus-tools pulseaudio libraw1394-doc librsvg2-bin serdi sndiod
stream	Install dependencies	2026-08-17T13:58:19.9072248Z   sordi speex opencl-icd poppler-utils fonts-japanese-mincho
stream	Install dependencies	2026-08-17T13:58:19.9073137Z   | fonts-ipafont-mincho fonts-japanese-gothic | fonts-ipafont-gothic
stream	Install dependencies	2026-08-17T13:58:19.9074151Z   fonts-arphic-ukai fonts-arphic-uming fonts-nanum libvdpau-va-gl1
stream	Install dependencies	2026-08-17T13:58:19.9482917Z The following NEW packages will be installed:
stream	Install dependencies	2026-08-17T13:58:19.9483894Z   chromium-browser ffmpeg fonts-droid-fallback fonts-noto-mono
stream	Install dependencies	2026-08-17T13:58:19.9484800Z   fonts-urw-base35 ghostscript i965-va-driver imagemagick imagemagick-6.q16
stream	Install dependencies	2026-08-17T13:58:19.9485565Z   intel-media-va-driver libaacs0 libass9 libasyncns0 libavc1394-0 libavcodec60
stream	Install dependencies	2026-08-17T13:58:19.9486369Z   libavdevice60 libavfilter9 libavformat60 libavutil58 libbdplus0 libblas3
stream	Install dependencies	2026-08-17T13:58:19.9487118Z   libbluray2 libbs2b0 libcaca0 libcdio-cdda2t64 libcdio-paranoia2t64
stream	Install dependencies	2026-08-17T13:58:19.9487950Z   libcdio19t64 libchromaprint1 libcjson1 libcodec2-1.2 libdav1d7 libdc1394-25
stream	Install dependencies	2026-08-17T13:58:19.9488863Z   libdecor-0-0 libdecor-0-plugin-1-gtk libdjvulibre-text libdjvulibre21
stream	Install dependencies	2026-08-17T13:58:19.9489578Z   libegl-mesa0 libegl1 libflac12t64 libflite1 libgles2 libgme0 libgs-common
stream	Install dependencies	2026-08-17T13:58:19.9490324Z   libgs10 libgs10-common libgsm1 libhwy1t64 libidn12 libiec61883-0 libigdgmm12
stream	Install dependencies	2026-08-17T13:58:19.9490986Z   libijs-0.35 libimath-3-1-29t64 libjack-jackd2-0 libjbig2dec0 libjxl0.7
stream	Install dependencies	2026-08-17T13:58:19.9491693Z   libjxr-tools libjxr0t64 liblapack3 liblilv-0-0 libmagickcore-6.q16-7-extra
stream	Install dependencies	2026-08-17T13:58:19.9492465Z   libmbedcrypto7t64 libmp3lame0 libmpg123-0t64 libmysofa1 libnetpbm11t64
stream	Install dependencies	2026-08-17T13:58:19.9493194Z   libopenal-data libopenal1 libopenexr-3-1-30 libopenmpt0t64 libopus0
stream	Install dependencies	2026-08-17T13:58:19.9493916Z   libpaper-utils libpaper1 libplacebo338 libpocketsphinx3 libpostproc57
stream	Install dependencies	2026-08-17T13:58:19.9494732Z   libpulse0 librav1e0 libraw1394-11 librist4 librsvg2-2 librsvg2-common
stream	Install dependencies	2026-08-17T13:58:19.9495516Z   librubberband2 libsamplerate0 libsdl2-2.0-0 libserd-0-0 libshine3
stream	Install dependencies	2026-08-17T13:58:19.9496331Z   libsndfile1 libsndio7.0 libsord-0-0 libsoxr0 libspeex1 libsphinxbase3t64
stream	Install dependencies	2026-08-17T13:58:19.9497077Z   libsratom-0-0 libsrt1.5-gnutls libssh-gcrypt-4 libsvtav1enc1d1
stream	Install dependencies	2026-08-17T13:58:19.9509857Z   libswresample4 libswscale7 libtheora0 libtwolame0 libudfread0 libunibreak5
stream	Install dependencies	2026-08-17T13:58:19.9510564Z   libva-drm2 libva-x11-2 libva2 libvdpau1 libvidstab1.1 libvorbisenc2 libvpl2
stream	Install dependencies	2026-08-17T13:58:19.9511055Z   libvpx9 libwmflite-0.2-7 libx264-164 libx265-199 libxcb-shape0 libxcb-xkb1
stream	Install dependencies	2026-08-17T13:58:19.9511554Z   libxkbcommon-x11-0 libxv1 libxvidcore4 libzimg2 libzix-0-0 libzvbi-common
stream	Install dependencies	2026-08-17T13:58:19.9512082Z   libzvbi0t64 mesa-utils mesa-utils-bin mesa-va-drivers mesa-vdpau-drivers
stream	Install dependencies	2026-08-17T13:58:19.9512582Z   netpbm ocl-icd-libopencl1 pocketsphinx-en-us poppler-data va-driver-all
stream	Install dependencies	2026-08-17T13:58:19.9513025Z   vdpau-driver-all xfonts-encodings xfonts-utils
stream	Install dependencies	2026-08-17T13:58:19.9655381Z 0 upgraded, 134 newly installed, 0 to remove and 12 not upgraded.
stream	Install dependencies	2026-08-17T13:58:19.9656248Z Need to get 121 MB of archives.
stream	Install dependencies	2026-08-17T13:58:19.9656877Z After this operation, 317 MB of additional disk space will be used.
stream	Install dependencies	2026-08-17T13:58:19.9657512Z Get:1 file:/etc/apt/apt-mirrors.txt Mirrorlist [144 B]
stream	Install dependencies	2026-08-17T13:58:20.0569152Z Get:2 http://azure.archive.ubuntu.com/ubuntu noble/universe amd64 chromium-browser amd64 2:1snap1-0ubuntu2 [50.0 kB]
stream	Install dependencies	2026-08-17T13:58:20.1105595Z Get:3 http://azure.archive.ubuntu.com/ubuntu noble/main amd64 fonts-droid-fallback all 1:6.0.1r16-1.1build1 [1805 kB]
stream	Install dependencies	2026-08-17T13:58:20.1824981Z Get:4 http://azure.archive.ubuntu.com/ubuntu noble/main amd64 poppler-data all 0.4.12-1 [2060 kB]
stream	Install dependencies	2026-08-17T13:58:20.2570943Z Get:5 http://azure.archive.ubuntu.com/ubuntu noble-updates/universe amd64 libva2 amd64 2.20.0-2ubuntu0.2 [66.4 kB]
stream	Install dependencies	2026-08-17T13:58:20.3094288Z Get:6 http://azure.archive.ubuntu.com/ubuntu noble-updates/universe amd64 libva-drm2 amd64 2.20.0-2ubuntu0.2 [7124 B]
stream	Install dependencies	2026-08-17T13:58:20.3615308Z Get:7 http://azure.archive.ubuntu.com/ubuntu noble-updates/universe amd64 libva-x11-2 amd64 2.20.0-2ubuntu0.2 [12.0 kB]
stream	Install dependencies	2026-08-17T13:58:20.4133830Z Get:8 http://azure.archive.ubuntu.com/ubuntu noble/main amd64 libvdpau1 amd64 1.5-2build1 [27.8 kB]
stream	Install dependencies	2026-08-17T13:58:20.4661281Z Get:9 http://azure.archive.ubuntu.com/ubuntu noble/universe amd64 libvpl2 amd64 2023.3.0-1build1 [99.8 kB]
stream	Install dependencies	2026-08-17T13:58:20.5193621Z Get:10 http://azure.archive.ubuntu.com/ubuntu noble/universe amd64 ocl-icd-libopencl1 amd64 2.3.2-1build1 [38.5 kB]
stream	Install dependencies	2026-08-17T13:58:20.5831351Z Get:11 http://azure.archive.ubuntu.com/ubuntu noble/universe amd64 libavutil58 amd64 7:6.1.1-3ubuntu5 [401 kB]
stream	Install dependencies	2026-08-17T13:58:20.7140131Z Get:12 http://azure.archive.ubuntu.com/ubuntu noble/universe amd64 libcodec2-1.2 amd64 1.2.0-2build1 [8998 kB]
stream	Install dependencies	2026-08-17T13:58:21.0185268Z Get:13 http://azure.archive.ubuntu.com/ubuntu noble/universe amd64 libdav1d7 amd64 1.4.1-1build1 [604 kB]
stream	Install dependencies	2026-08-17T13:58:21.3631894Z Get:14 http://azure.archive.ubuntu.com/ubuntu noble/universe amd64 libgsm1 amd64 1.0.22-1build1 [27.8 kB]
stream	Install dependencies	2026-08-17T13:58:21.4154720Z Get:15 http://azure.archive.ubuntu.com/ubuntu noble/universe amd64 libhwy1t64 amd64 1.0.7-8.1build1 [584 kB]
stream	Install dependencies	2026-08-17T13:58:21.5017792Z Get:16 http://azure.archive.ubuntu.com/ubuntu noble-updates/universe amd64 libjxl0.7 amd64 0.7.0-10.2ubuntu6.1 [1001 kB]
stream	Install dependencies	2026-08-17T13:58:21.6041851Z Get:17 http://azure.archive.ubuntu.com/ubuntu noble/main amd64 libmp3lame0 amd64 3.100-6build1 [142 kB]
stream	Install dependencies	2026-08-17T13:58:21.6598367Z Get:18 http://azure.archive.ubuntu.com/ubuntu noble/main amd64 libopus0 amd64 1.4-1build1 [208 kB]
stream	Install dependencies	2026-08-17T13:58:21.7172652Z Get:19 http://azure.archive.ubuntu.com/ubuntu noble/universe amd64 librav1e0 amd64 0.7.1-2 [1022 kB]
stream	Install dependencies	2026-08-17T13:58:21.8042377Z Get:20 http://azure.archive.ubuntu.com/ubuntu noble/main amd64 librsvg2-2 amd64 2.58.0+dfsg-1build1 [2135 kB]
stream	Install dependencies	2026-08-17T13:58:21.9175551Z Get:21 http://azure.archive.ubuntu.com/ubuntu noble/universe amd64 libshine3 amd64 3.1.1-2build1 [23.2 kB]
stream	Install dependencies	2026-08-17T13:58:21.9699330Z Get:22 http://azure.archive.ubuntu.com/ubuntu noble-updates/main amd64 libspeex1 amd64 1.2.1-2ubuntu2.24.04.1 [59.6 kB]
stream	Install dependencies	2026-08-17T13:58:22.0221645Z Get:23 http://azure.archive.ubuntu.com/ubuntu noble/universe amd64 libsvtav1enc1d1 amd64 1.7.0+dfsg-2build1 [2425 kB]
stream	Install dependencies	2026-08-17T13:58:22.0981818Z Get:24 http://azure.archive.ubuntu.com/ubuntu noble/universe amd64 libsoxr0 amd64 0.1.3-4build3 [80.0 kB]
stream	Install dependencies	2026-08-17T13:58:22.1509973Z Get:25 http://azure.archive.ubuntu.com/ubuntu noble/universe amd64 libswresample4 amd64 7:6.1.1-3ubuntu5 [63.8 kB]
stream	Install dependencies	2026-08-17T13:58:22.2038048Z Get:26 http://azure.archive.ubuntu.com/ubuntu noble/main amd64 libtheora0 amd64 1.1.1+dfsg.1-16.1build3 [211 kB]
stream	Install dependencies	2026-08-17T13:58:22.2683351Z Get:27 http://azure.archive.ubuntu.com/ubuntu noble/main amd64 libtwolame0 amd64 0.4.0-2build3 [52.3 kB]
stream	Install dependencies	2026-08-17T13:58:22.3212563Z Get:28 http://azure.archive.ubuntu.com/ubuntu noble/main amd64 libvorbisenc2 amd64 1.3.7-1build3 [80.8 kB]
stream	Install dependencies	2026-08-17T13:58:22.3739137Z Get:29 http://azure.archive.ubuntu.com/ubuntu noble-updates/main amd64 libvpx9 amd64 1.14.0-1ubuntu2.3 [1143 kB]
stream	Install dependencies	2026-08-17T13:58:22.4322227Z Get:30 http://azure.archive.ubuntu.com/ubuntu noble/universe amd64 libx264-164 amd64 2:0.164.3108+git31e19f9-1 [604 kB]
stream	Install dependencies	2026-08-17T13:58:22.4876123Z Get:31 http://azure.archive.ubuntu.com/ubuntu noble/universe amd64 libx265-199 amd64 3.5-2build1 [1226 kB]
stream	Install dependencies	2026-08-17T13:58:22.5475576Z Get:32 http://azure.archive.ubuntu.com/ubuntu noble/universe amd64 libxvidcore4 amd64 2:1.3.7-1build1 [219 kB]
stream	Install dependencies	2026-08-17T13:58:22.6012315Z Get:33 http://azure.archive.ubuntu.com/ubuntu noble/universe amd64 libzvbi-common all 0.2.42-2 [42.4 kB]
stream	Install dependencies	2026-08-17T13:58:22.6539103Z Get:34 http://azure.archive.ubuntu.com/ubuntu noble/universe amd64 libzvbi0t64 amd64 0.2.42-2 [261 kB]
stream	Install dependencies	2026-08-17T13:58:22.7073233Z Get:35 http://azure.archive.ubuntu.com/ubuntu noble/universe amd64 libavcodec60 amd64 7:6.1.1-3ubuntu5 [5851 kB]
stream	Install dependencies	2026-08-17T13:58:22.7884142Z Get:36 http://azure.archive.ubuntu.com/ubuntu noble/main amd64 libraw1394-11 amd64 2.1.2-2build3 [26.2 kB]
stream	Install dependencies	2026-08-17T13:58:22.8405964Z Get:37 http://azure.archive.ubuntu.com/ubuntu noble/main amd64 libavc1394-0 amd64 0.5.4-5build3 [15.4 kB]
stream	Install dependencies	2026-08-17T13:58:22.8932003Z Get:38 http://azure.archive.ubuntu.com/ubuntu noble/universe amd64 libunibreak5 amd64 5.1-2build1 [25.0 kB]
stream	Install dependencies	2026-08-17T13:58:22.9458574Z Get:39 http://azure.archive.ubuntu.com/ubuntu noble/universe amd64 libass9 amd64 1:0.17.1-2build1 [104 kB]
stream	Install dependencies	2026-08-17T13:58:22.9987856Z Get:40 http://azure.archive.ubuntu.com/ubuntu noble/universe amd64 libudfread0 amd64 1.1.2-1build1 [19.0 kB]
stream	Install dependencies	2026-08-17T13:58:23.0511582Z Get:41 http://azure.archive.ubuntu.com/ubuntu noble/universe amd64 libbluray2 amd64 1:1.3.4-1build1 [159 kB]
stream	Install dependencies	2026-08-17T13:58:23.1042484Z Get:42 http://azure.archive.ubuntu.com/ubuntu noble/universe amd64 libchromaprint1 amd64 1.5.1-5 [30.5 kB]
stream	Install dependencies	2026-08-17T13:58:23.1571237Z Get:43 http://azure.archive.ubuntu.com/ubuntu noble/universe amd64 libgme0 amd64 0.6.3-7build1 [134 kB]
stream	Install dependencies	2026-08-17T13:58:23.2100335Z Get:44 http://azure.archive.ubuntu.com/ubuntu noble-updates/main amd64 libmpg123-0t64 amd64 1.32.5-1ubuntu1.1 [169 kB]
stream	Install dependencies	2026-08-17T13:58:23.2628710Z Get:45 http://azure.archive.ubuntu.com/ubuntu noble/universe amd64 libopenmpt0t64 amd64 0.7.3-1.1build3 [647 kB]
stream	Install dependencies	2026-08-17T13:58:23.3189713Z Get:46 http://azure.archive.ubuntu.com/ubuntu noble/universe amd64 libcjson1 amd64 1.7.17-1 [24.8 kB]
stream	Install dependencies	2026-08-17T13:58:23.3713739Z Get:47 http://azure.archive.ubuntu.com/ubuntu noble/universe amd64 libmbedcrypto7t64 amd64 2.28.8-1 [209 kB]
stream	Install dependencies	2026-08-17T13:58:23.4251302Z Get:48 http://azure.archive.ubuntu.com/ubuntu noble/universe amd64 librist4 amd64 0.2.10+dfsg-2 [74.9 kB]
stream	Install dependencies	2026-08-17T13:58:23.4778367Z Get:49 http://azure.archive.ubuntu.com/ubuntu noble/universe amd64 libsrt1.5-gnutls amd64 1.5.3-1build2 [316 kB]
stream	Install dependencies	2026-08-17T13:58:23.5315968Z Get:50 http://azure.archive.ubuntu.com/ubuntu noble-updates/main amd64 libssh-gcrypt-4 amd64 0.10.6-2ubuntu0.4 [225 kB]
stream	Install dependencies	2026-08-17T13:58:23.5847250Z Get:51 http://azure.archive.ubuntu.com/ubuntu noble/universe amd64 libavformat60 amd64 7:6.1.1-3ubuntu5 [1153 kB]
stream	Install dependencies	2026-08-17T13:58:23.6425506Z Get:52 http://azure.archive.ubuntu.com/ubuntu noble/universe amd64 libbs2b0 amd64 3.1.0+dfsg-7build1 [10.6 kB]
stream	Install dependencies	2026-08-17T13:58:23.6949289Z Get:53 http://azure.archive.ubuntu.com/ubuntu noble/universe amd64 libflite1 amd64 2.2-6build3 [13.6 MB]
stream	Install dependencies	2026-08-17T13:58:23.8343652Z Get:54 http://azure.archive.ubuntu.com/ubuntu noble/universe amd64 libserd-0-0 amd64 0.32.2-1 [43.6 kB]
stream	Install dependencies	2026-08-17T13:58:23.8871483Z Get:55 http://azure.archive.ubuntu.com/ubuntu noble/universe amd64 libzix-0-0 amd64 0.4.2-2build1 [23.6 kB]
stream	Install dependencies	2026-08-17T13:58:23.9400971Z Get:56 http://azure.archive.ubuntu.com/ubuntu noble/universe amd64 libsord-0-0 amd64 0.16.16-2build1 [15.8 kB]
stream	Install dependencies	2026-08-17T13:58:23.9922313Z Get:57 http://azure.archive.ubuntu.com/ubuntu noble/universe amd64 libsratom-0-0 amd64 0.6.16-1build1 [17.3 kB]
stream	Install dependencies	2026-08-17T13:58:24.0453434Z Get:58 http://azure.archive.ubuntu.com/ubuntu noble/universe amd64 liblilv-0-0 amd64 0.24.22-1build1 [41.0 kB]
stream	Install dependencies	2026-08-17T13:58:24.0975403Z Get:59 http://azure.archive.ubuntu.com/ubuntu noble/universe amd64 libmysofa1 amd64 1.3.2+dfsg-2ubuntu2 [1158 kB]
stream	Install dependencies	2026-08-17T13:58:24.1554811Z Get:60 http://azure.archive.ubuntu.com/ubuntu noble/universe amd64 libplacebo338 amd64 6.338.2-2build1 [2654 kB]
stream	Install dependencies	2026-08-17T13:58:24.2457510Z Get:61 http://azure.archive.ubuntu.com/ubuntu noble-updates/main amd64 libblas3 amd64 3.12.0-3build1.1 [238 kB]
stream	Install dependencies	2026-08-17T13:58:24.3052689Z Get:62 http://azure.archive.ubuntu.com/ubuntu noble-updates/main amd64 liblapack3 amd64 3.12.0-3build1.1 [2646 kB]
stream	Install dependencies	2026-08-17T13:58:24.3746344Z Get:63 http://azure.archive.ubuntu.com/ubuntu noble/main amd64 libasyncns0 amd64 0.8-6build4 [11.3 kB]
stream	Install dependencies	2026-08-17T13:58:24.4307281Z Get:64 http://azure.archive.ubuntu.com/ubuntu noble/main amd64 libflac12t64 amd64 1.4.3+ds-2.1ubuntu2 [197 kB]
stream	Install dependencies	2026-08-17T13:58:24.4947424Z Get:65 http://azure.archive.ubuntu.com/ubuntu noble-updates/main amd64 libsndfile1 amd64 1.2.2-1ubuntu5.24.04.1 [209 kB]
stream	Install dependencies	2026-08-17T13:58:24.5512621Z Get:66 http://azure.archive.ubuntu.com/ubuntu noble-updates/main amd64 libpulse0 amd64 1:16.1+dfsg1-2ubuntu10.1 [292 kB]
stream	Install dependencies	2026-08-17T13:58:24.6212621Z Get:67 http://azure.archive.ubuntu.com/ubuntu noble/universe amd64 libsphinxbase3t64 amd64 0.8+5prealpha+1-17build2 [126 kB]
stream	Install dependencies	2026-08-17T13:58:24.6744207Z Get:68 http://azure.archive.ubuntu.com/ubuntu noble/universe amd64 libpocketsphinx3 amd64 0.8.0+real5prealpha+1-15ubuntu5 [133 kB]
stream	Install dependencies	2026-08-17T13:58:24.7273842Z Get:69 http://azure.archive.ubuntu.com/ubuntu noble/universe amd64 libpostproc57 amd64 7:6.1.1-3ubuntu5 [49.9 kB]
stream	Install dependencies	2026-08-17T13:58:24.7797525Z Get:70 http://azure.archive.ubuntu.com/ubuntu noble/main amd64 libsamplerate0 amd64 0.2.2-4build1 [1344 kB]
stream	Install dependencies	2026-08-17T13:58:24.8391620Z Get:71 http://azure.archive.ubuntu.com/ubuntu noble/universe amd64 librubberband2 amd64 3.3.0+dfsg-2build1 [130 kB]
stream	Install dependencies	2026-08-17T13:58:24.8918389Z Get:72 http://azure.archive.ubuntu.com/ubuntu noble/universe amd64 libswscale7 amd64 7:6.1.1-3ubuntu5 [193 kB]
stream	Install dependencies	2026-08-17T13:58:24.9451457Z Get:73 http://azure.archive.ubuntu.com/ubuntu noble/universe amd64 libvidstab1.1 amd64 1.1.0-2build1 [38.5 kB]
stream	Install dependencies	2026-08-17T13:58:24.9977904Z Get:74 http://azure.archive.ubuntu.com/ubuntu noble/universe amd64 libzimg2 amd64 3.0.5+ds1-1build1 [254 kB]
stream	Install dependencies	2026-08-17T13:58:25.0446292Z Get:75 http://azure.archive.ubuntu.com/ubuntu noble/universe amd64 libavfilter9 amd64 7:6.1.1-3ubuntu5 [4235 kB]
stream	Install dependencies	2026-08-17T13:58:25.3421683Z Get:76 http://azure.archive.ubuntu.com/ubuntu noble-updates/main amd64 libcaca0 amd64 0.99.beta20-4ubuntu0.2 [209 kB]
stream	Install dependencies	2026-08-17T13:58:25.3890489Z Get:77 http://azure.archive.ubuntu.com/ubuntu noble-updates/main amd64 libcdio19t64 amd64 2.1.0-4.1ubuntu1.2 [62.4 kB]
stream	Install dependencies	2026-08-17T13:58:25.4353352Z Get:78 http://azure.archive.ubuntu.com/ubuntu noble/main amd64 libcdio-cdda2t64 amd64 10.2+2.0.1-1.1build2 [16.5 kB]
stream	Install dependencies	2026-08-17T13:58:25.4811179Z Get:79 http://azure.archive.ubuntu.com/ubuntu noble/main amd64 libcdio-paranoia2t64 amd64 10.2+2.0.1-1.1build2 [16.6 kB]
stream	Install dependencies	2026-08-17T13:58:25.5268964Z Get:80 http://azure.archive.ubuntu.com/ubuntu noble/universe amd64 libdc1394-25 amd64 2.2.6-4build1 [90.1 kB]
stream	Install dependencies	2026-08-17T13:58:25.5844250Z Get:81 http://azure.archive.ubuntu.com/ubuntu noble/main amd64 libiec61883-0 amd64 1.2.0-6build1 [24.5 kB]
stream	Install dependencies	2026-08-17T13:58:25.6301471Z Get:82 http://azure.archive.ubuntu.com/ubuntu noble/main amd64 libjack-jackd2-0 amd64 1.9.21~dfsg-3ubuntu3 [289 kB]
stream	Install dependencies	2026-08-17T13:58:25.6772995Z Get:83 http://azure.archive.ubuntu.com/ubuntu noble/universe amd64 libopenal-data all 1:1.23.1-4build1 [161 kB]
stream	Install dependencies	2026-08-17T13:58:25.7241663Z Get:84 http://azure.archive.ubuntu.com/ubuntu noble/universe amd64 libsndio7.0 amd64 1.9.0-0.3build3 [29.6 kB]
stream	Install dependencies	2026-08-17T13:58:25.7712404Z Get:85 http://azure.archive.ubuntu.com/ubuntu noble/universe amd64 libopenal1 amd64 1:1.23.1-4build1 [540 kB]
stream	Install dependencies	2026-08-17T13:58:25.8198881Z Get:86 http://azure.archive.ubuntu.com/ubuntu noble/main amd64 libdecor-0-0 amd64 0.2.2-1build2 [16.5 kB]
stream	Install dependencies	2026-08-17T13:58:25.8655921Z Get:87 http://azure.archive.ubuntu.com/ubuntu noble-updates/main amd64 libsdl2-2.0-0 amd64 2.30.0+dfsg-1ubuntu3.1 [686 kB]
stream	Install dependencies	2026-08-17T13:58:25.9159801Z Get:88 http://azure.archive.ubuntu.com/ubuntu noble/main amd64 libxcb-shape0 amd64 1.15-1ubuntu2 [6100 B]
stream	Install dependencies	2026-08-17T13:58:25.9619635Z Get:89 http://azure.archive.ubuntu.com/ubuntu noble/main amd64 libxv1 amd64 2:1.0.11-1.1build1 [10.7 kB]
stream	Install dependencies	2026-08-17T13:58:26.0078633Z Get:90 http://azure.archive.ubuntu.com/ubuntu noble/universe amd64 libavdevice60 amd64 7:6.1.1-3ubuntu5 [82.3 kB]
stream	Install dependencies	2026-08-17T13:58:26.0542656Z Get:91 http://azure.archive.ubuntu.com/ubuntu noble/universe amd64 ffmpeg amd64 7:6.1.1-3ubuntu5 [1879 kB]
stream	Install dependencies	2026-08-17T13:58:26.1129175Z Get:92 http://azure.archive.ubuntu.com/ubuntu noble/main amd64 fonts-noto-mono all 20201225-2 [435 kB]
stream	Install dependencies	2026-08-17T13:58:26.1611895Z Get:93 http://azure.archive.ubuntu.com/ubuntu noble/main amd64 xfonts-encodings all 1:1.0.5-0ubuntu2 [578 kB]
stream	Install dependencies	2026-08-17T13:58:26.2102419Z Get:94 http://azure.archive.ubuntu.com/ubuntu noble/main amd64 xfonts-utils amd64 1:7.7+6build3 [94.4 kB]
stream	Install dependencies	2026-08-17T13:58:26.2613764Z Get:95 http://azure.archive.ubuntu.com/ubuntu noble/main amd64 fonts-urw-base35 all 20200910-8 [11.0 MB]
stream	Install dependencies	2026-08-17T13:58:26.3638921Z Get:96 http://azure.archive.ubuntu.com/ubuntu noble-updates/main amd64 libgs-common all 10.02.1~dfsg1-0ubuntu7.8 [176 kB]
stream	Install dependencies	2026-08-17T13:58:26.4103850Z Get:97 http://azure.archive.ubuntu.com/ubuntu noble-updates/main amd64 libgs10-common all 10.02.1~dfsg1-0ubuntu7.8 [488 kB]
stream	Install dependencies	2026-08-17T13:58:26.4592568Z Get:98 http://azure.archive.ubuntu.com/ubuntu noble-updates/main amd64 libidn12 amd64 1.42-1ubuntu0.1 [56.1 kB]
stream	Install dependencies	2026-08-17T13:58:26.5052207Z Get:99 http://azure.archive.ubuntu.com/ubuntu noble/main amd64 libijs-0.35 amd64 0.35-15.1build1 [15.3 kB]
stream	Install dependencies	2026-08-17T13:58:26.5513882Z Get:100 http://azure.archive.ubuntu.com/ubuntu noble-updates/main amd64 libjbig2dec0 amd64 0.20-1ubuntu0.24.04.1 [65.2 kB]
stream	Install dependencies	2026-08-17T13:58:26.5972288Z Get:101 http://azure.archive.ubuntu.com/ubuntu noble/main amd64 libpaper1 amd64 1.1.29build1 [13.4 kB]
stream	Install dependencies	2026-08-17T13:58:26.6430984Z Get:102 http://azure.archive.ubuntu.com/ubuntu noble-updates/main amd64 libgs10 amd64 10.02.1~dfsg1-0ubuntu7.8 [3897 kB]
stream	Install dependencies	2026-08-17T13:58:26.7654400Z Get:103 http://azure.archive.ubuntu.com/ubuntu noble-updates/main amd64 ghostscript amd64 10.02.1~dfsg1-0ubuntu7.8 [43.4 kB]
stream	Install dependencies	2026-08-17T13:58:26.9000646Z Get:104 http://azure.archive.ubuntu.com/ubuntu noble/universe amd64 imagemagick-6.q16 amd64 8:6.9.12.98+dfsg1-5.2build2 [254 kB]
stream	Install dependencies	2026-08-17T13:58:27.0764432Z Get:105 http://azure.archive.ubuntu.com/ubuntu noble/universe amd64 imagemagick amd64 8:6.9.12.98+dfsg1-5.2build2 [14.2 kB]
stream	Install dependencies	2026-08-17T13:58:27.1228537Z Get:106 http://azure.archive.ubuntu.com/ubuntu noble-updates/universe amd64 libigdgmm12 amd64 22.3.17+ds1-1ubuntu1 [145 kB]
stream	Install dependencies	2026-08-17T13:58:27.1875881Z Get:107 http://azure.archive.ubuntu.com/ubuntu noble-updates/universe amd64 intel-media-va-driver amd64 24.1.0+dfsg1-1ubuntu0.2 [3163 kB]
stream	Install dependencies	2026-08-17T13:58:27.4087822Z Get:108 http://azure.archive.ubuntu.com/ubuntu noble/universe amd64 libaacs0 amd64 0.11.1-2build1 [62.9 kB]
stream	Install dependencies	2026-08-17T13:58:27.4599500Z Get:109 http://azure.archive.ubuntu.com/ubuntu noble/universe amd64 libbdplus0 amd64 0.2.0-3build1 [52.2 kB]
stream	Install dependencies	2026-08-17T13:58:27.5062474Z Get:110 http://azure.archive.ubuntu.com/ubuntu noble/main amd64 libdecor-0-plugin-1-gtk amd64 0.2.2-1build2 [22.2 kB]
stream	Install dependencies	2026-08-17T13:58:27.5529242Z Get:111 http://azure.archive.ubuntu.com/ubuntu noble-updates/main amd64 libdjvulibre-text all 3.5.28-2ubuntu0.24.04.2 [51.1 kB]
stream	Install dependencies	2026-08-17T13:58:27.5993188Z Get:112 http://azure.archive.ubuntu.com/ubuntu noble-updates/main amd64 libdjvulibre21 amd64 3.5.28-2ubuntu0.24.04.2 [638 kB]
stream	Install dependencies	2026-08-17T13:58:27.6507452Z Get:113 http://azure.archive.ubuntu.com/ubuntu noble-updates/main amd64 libegl-mesa0 amd64 25.2.8-0ubuntu0.24.04.2 [117 kB]
stream	Install dependencies	2026-08-17T13:58:27.7057258Z Get:114 http://azure.archive.ubuntu.com/ubuntu noble/universe amd64 libimath-3-1-29t64 amd64 3.1.9-3.1ubuntu2 [72.2 kB]
stream	Install dependencies	2026-08-17T13:58:27.7524560Z Get:115 http://azure.archive.ubuntu.com/ubuntu noble/universe amd64 libjxr0t64 amd64 1.2~git20170615.f752187-5.1ubuntu2 [181 kB]
stream	Install dependencies	2026-08-17T13:58:27.7995411Z Get:116 http://azure.archive.ubuntu.com/ubuntu noble/universe amd64 libjxr-tools amd64 1.2~git20170615.f752187-5.1ubuntu2 [15.8 kB]
stream	Install dependencies	2026-08-17T13:58:27.8458595Z Get:117 http://azure.archive.ubuntu.com/ubuntu noble/universe amd64 libopenexr-3-1-30 amd64 3.1.5-5.1build3 [1004 kB]
stream	Install dependencies	2026-08-17T13:58:27.9009697Z Get:118 http://azure.archive.ubuntu.com/ubuntu noble/main amd64 libwmflite-0.2-7 amd64 0.2.13-1.1build3 [68.6 kB]
stream	Install dependencies	2026-08-17T13:58:27.9471545Z Get:119 http://azure.archive.ubuntu.com/ubuntu noble/universe amd64 libmagickcore-6.q16-7-extra amd64 8:6.9.12.98+dfsg1-5.2build2 [70.1 kB]
stream	Install dependencies	2026-08-17T13:58:27.9940820Z Get:120 http://azure.archive.ubuntu.com/ubuntu noble/universe amd64 libnetpbm11t64 amd64 2:11.05.02-1.1build1 [114 kB]
stream	Install dependencies	2026-08-17T13:58:28.0419301Z Get:121 http://azure.archive.ubuntu.com/ubuntu noble/main amd64 libpaper-utils amd64 1.1.29build1 [8650 B]
stream	Install dependencies	2026-08-17T13:58:28.0887772Z Get:122 http://azure.archive.ubuntu.com/ubuntu noble/main amd64 librsvg2-common amd64 2.58.0+dfsg-1build1 [11.8 kB]
stream	Install dependencies	2026-08-17T13:58:28.1361846Z Get:123 http://azure.archive.ubuntu.com/ubuntu noble/main amd64 libxcb-xkb1 amd64 1.15-1ubuntu2 [32.3 kB]
stream	Install dependencies	2026-08-17T13:58:28.1825471Z Get:124 http://azure.archive.ubuntu.com/ubuntu noble/main amd64 libxkbcommon-x11-0 amd64 1.6.0-1build1 [14.5 kB]
stream	Install dependencies	2026-08-17T13:58:28.2288941Z Get:125 http://azure.archive.ubuntu.com/ubuntu noble/main amd64 libegl1 amd64 1.7.0-1build1 [28.7 kB]
stream	Install dependencies	2026-08-17T13:58:28.2775953Z Get:126 http://azure.archive.ubuntu.com/ubuntu noble/main amd64 libgles2 amd64 1.7.0-1build1 [17.1 kB]
stream	Install dependencies	2026-08-17T13:58:28.3345646Z Get:127 http://azure.archive.ubuntu.com/ubuntu noble/universe amd64 mesa-utils-bin amd64 9.0.0-2 [164 kB]
stream	Install dependencies	2026-08-17T13:58:28.3882302Z Get:128 http://azure.archive.ubuntu.com/ubuntu noble-updates/universe amd64 mesa-va-drivers amd64 25.2.8-0ubuntu0.24.04.2 [6784 B]
stream	Install dependencies	2026-08-17T13:58:28.4379016Z Get:129 http://azure.archive.ubuntu.com/ubuntu noble-updates/main amd64 mesa-vdpau-drivers amd64 25.2.8-0ubuntu0.24.04.2 [23.2 kB]
stream	Install dependencies	2026-08-17T13:58:28.4846388Z Get:130 http://azure.archive.ubuntu.com/ubuntu noble/universe amd64 netpbm amd64 2:11.05.02-1.1build1 [2054 kB]
stream	Install dependencies	2026-08-17T13:58:28.5434825Z Get:131 http://azure.archive.ubuntu.com/ubuntu noble-updates/universe amd64 i965-va-driver amd64 2.4.1+dfsg1-1ubuntu0.2 [332 kB]
stream	Install dependencies	2026-08-17T13:58:28.5958476Z Get:132 http://azure.archive.ubuntu.com/ubuntu noble-updates/universe amd64 va-driver-all amd64 2.20.0-2ubuntu0.2 [5014 B]
stream	Install dependencies	2026-08-17T13:58:28.6434564Z Get:133 http://azure.archive.ubuntu.com/ubuntu noble/main amd64 vdpau-driver-all amd64 1.5-2build1 [4414 B]
stream	Install dependencies	2026-08-17T13:58:28.6919451Z Get:134 http://azure.archive.ubuntu.com/ubuntu noble/universe amd64 mesa-utils amd64 9.0.0-2 [1051 kB]
stream	Install dependencies	2026-08-17T13:58:28.7717673Z Get:135 http://azure.archive.ubuntu.com/ubuntu noble/universe amd64 pocketsphinx-en-us all 0.8.0+real5prealpha+1-15ubuntu5 [27.4 MB]
stream	Install dependencies	2026-08-17T13:58:29.7896674Z Preconfiguring packages ...
stream	Install dependencies	2026-08-17T13:58:30.0339502Z Fetched 121 MB in 9s (12.8 MB/s)
stream	Install dependencies	2026-08-17T13:58:30.2199597Z Selecting previously unselected package chromium-browser.
stream	Install dependencies	2026-08-17T13:58:30.2482804Z (Reading database ... 
stream	Install dependencies	2026-08-17T13:58:30.2483679Z (Reading database ... 5%
stream	Install dependencies	2026-08-17T13:58:30.2484177Z (Reading database ... 10%
stream	Install dependencies	2026-08-17T13:58:30.2484846Z (Reading database ... 15%
stream	Install dependencies	2026-08-17T13:58:30.2487483Z (Reading database ... 20%
stream	Install dependencies	2026-08-17T13:58:30.2488227Z (Reading database ... 25%
stream	Install dependencies	2026-08-17T13:58:30.2488679Z (Reading database ... 30%
stream	Install dependencies	2026-08-17T13:58:30.2489041Z (Reading database ... 35%
stream	Install dependencies	2026-08-17T13:58:30.2489358Z (Reading database ... 40%
stream	Install dependencies	2026-08-17T13:58:30.2489745Z (Reading database ... 45%
stream	Install dependencies	2026-08-17T13:58:30.2490070Z (Reading database ... 50%
stream	Install dependencies	2026-08-17T13:58:30.3036969Z (Reading database ... 55%
stream	Install dependencies	2026-08-17T13:58:30.5021433Z (Reading database ... 60%
stream	Install dependencies	2026-08-17T13:58:30.6667672Z (Reading database ... 65%
stream	Install dependencies	2026-08-17T13:58:30.9954405Z (Reading database ... 70%
stream	Install dependencies	2026-08-17T13:58:31.3929276Z (Reading database ... 75%
stream	Install dependencies	2026-08-17T13:58:31.7739428Z (Reading database ... 80%
stream	Install dependencies	2026-08-17T13:58:32.0580383Z (Reading database ... 85%
stream	Install dependencies	2026-08-17T13:58:32.3892935Z (Reading database ... 90%
stream	Install dependencies	2026-08-17T13:58:32.8081524Z (Reading database ... 95%
stream	Install dependencies	2026-08-17T13:58:32.8082132Z (Reading database ... 100%
stream	Install dependencies	2026-08-17T13:58:32.8082690Z (Reading database ... 203139 files and directories currently installed.)
stream	Install dependencies	2026-08-17T13:58:32.8127414Z Preparing to unpack .../000-chromium-browser_2%3a1snap1-0ubuntu2_amd64.deb ...
stream	Install dependencies	2026-08-17T13:58:33.2207906Z => Installing the chromium snap
stream	Install dependencies	2026-08-17T13:58:33.2208688Z ==> Checking connectivity with the snap store
stream	Install dependencies	2026-08-17T13:58:34.5373900Z ==> Installing the chromium snap
stream	Install dependencies	2026-08-17T13:58:35.1695574Z 
stream	Install dependencies	2026-08-17T13:58:35.2711679Z Ensure prerequisites for "chromium" are available                              /
stream	Install dependencies	2026-08-17T13:58:36.2906097Z Ensure prerequisites for "chromium" are available                              -
stream	Install dependencies	2026-08-17T13:58:36.3933487Z Ensure prerequisites for "chromium" are available                              \
stream	Install dependencies	2026-08-17T13:58:36.4946296Z Ensure prerequisites for "chromium" are available                              |
stream	Install dependencies	2026-08-17T13:58:36.5959612Z Ensure prerequisites for "chromium" are available                              /
stream	Install dependencies	2026-08-17T13:58:36.6970747Z Ensure prerequisites for "chromium" are available                              -
stream	Install dependencies	2026-08-17T13:58:36.7983099Z Ensure prerequisites for "chromium" are available                              \
stream	Install dependencies	2026-08-17T13:58:36.8996694Z Ensure prerequisites for "chromium" are available                              |
stream	Install dependencies	2026-08-17T13:58:37.0210227Z Ensure prerequisites for "chromium" are available                              /
stream	Install dependencies	2026-08-17T13:58:37.1231299Z Ensure prerequisites for "chromium" are available                              -
stream	Install dependencies	2026-08-17T13:58:37.2243314Z Ensure prerequisites for "chromium" are available                              \
stream	Install dependencies	2026-08-17T13:58:37.3255233Z Ensure prerequisites for "chromium" are available                              |
stream	Install dependencies	2026-08-17T13:58:37.4268816Z Ensure prerequisites for "chromium" are available                              /
stream	Install dependencies	2026-08-17T13:58:37.5282238Z Ensure prerequisites for "chromium" are available                              -
stream	Install dependencies	2026-08-17T13:58:37.6295610Z Ensure prerequisites for "chromium" are available                              \
stream	Install dependencies	2026-08-17T13:58:37.7307984Z Ensure prerequisites for "chromium" are available                              |
stream	Install dependencies	2026-08-17T13:58:37.8447034Z Ensure prerequisites for "chromium" are available                              /
stream	Install dependencies	2026-08-17T13:58:37.9460010Z Ensure prerequisites for "chromium" are available                              -
stream	Install dependencies	2026-08-17T13:58:38.0474348Z Ensure prerequisites for "chromium" are available                              \
stream	Install dependencies	2026-08-17T13:58:38.1488048Z Ensure prerequisites for "chromium" are available                              |
stream	Install dependencies	2026-08-17T13:58:38.4869540Z Ensure prerequisites for "chromium" are available                              /
stream	Install dependencies	2026-08-17T13:58:38.5909481Z Process delayed security backend side effects for affected snaps               -
stream	Install dependencies	2026-08-17T13:58:38.6948852Z Download snap "snapd" (27710) from channel "stable"                            \
stream	Install dependencies	2026-08-17T13:58:38.7987278Z Download snap "snapd" (27710) from channel "stable"                            |
stream	Install dependencies	2026-08-17T13:58:38.9021342Z Download snap "snapd" (27710) from channel "stable"                            /
stream	Install dependencies	2026-08-17T13:58:39.0143429Z Download snap "snapd" (27710) from channel "stable"                            -
stream	Install dependencies	2026-08-17T13:58:39.1177916Z Download snap "snapd" (27710) from channel "stable"                            \
stream	Install dependencies	2026-08-17T13:58:39.2210532Z Download snap "snapd" (27710) from channel "stable"                            |
stream	Install dependencies	2026-08-17T13:58:39.3246095Z Download snap "snapd" (27710) from channel "stable"                            /
stream	Install dependencies	2026-08-17T13:58:39.4285973Z Download snap "snapd" (27710) from channel "stable"                            -
stream	Install dependencies	2026-08-17T13:58:39.9212632Z Download snap "snapd" (27710) from channel "stable"                            \^[[?25l
stream	Install dependencies	2026-08-17T13:58:40.0249821Z ^[[7m^[[0mDownload snap "snapd" (27710) from channel "stable"            0% 2.20MB/s 23.8s
stream	Install dependencies	2026-08-17T13:58:40.1282571Z ^[[7m^[[0mDownload snap "snapd" (27710) from channel "stable"            1% 2.20MB/s 23.7s
stream	Install dependencies	2026-08-17T13:58:40.2319212Z ^[[7mD^[[0mownload snap "snapd" (27710) from channel "stable"            2% 2.57MB/s 20.1s
stream	Install dependencies	2026-08-17T13:58:40.3361384Z ^[[7mD^[[0mownload snap "snapd" (27710) from channel "stable"            2% 3.03MB/s 16.9s
stream	Install dependencies	2026-08-17T13:58:40.4416070Z ^[[7mDow^[[0mnload snap "snapd" (27710) from channel "stable"            5% 4.84MB/s 10.3s
stream	Install dependencies	2026-08-17T13:58:40.5454349Z ^[[7mDownl^[[0moad snap "snapd" (27710) from channel "stable"            7% 6.22MB/s 7.82s
stream	Install dependencies	2026-08-17T13:58:40.6498016Z ^[[7mDownload sn^[[0map "snapd" (27710) from channel "stable"           14% 10.0MB/s 4.50s
stream	Install dependencies	2026-08-17T13:58:40.7526494Z ^[[7mDownload snap "sn^[[0mapd" (27710) from channel "stable"           22% 13.6MB/s 3.03s
stream	Install dependencies	2026-08-17T13:58:40.8585065Z ^[[7mDownload snap "snapd" (27710) ^[[0mfrom channel "stable"           39% 21.7MB/s 1.48s
stream	Install dependencies	2026-08-17T13:58:40.9639447Z ^[[7mDownload snap "snapd" (27710) from channel "stab^[[0mle"           60% 30.5MB/s 681ms
stream	Install dependencies	2026-08-17T13:58:41.0670216Z ^[[7mDownload snap "snapd" (27710) from channel "stable"          100% 45.8MB/s 0.0ns^[[0m
stream	Install dependencies	2026-08-17T13:58:41.1718668Z ^[[7mDownload snap "snapd" (27710) from channel "stable"          100% 42.0MB/s 0.0ns^[[0m
stream	Install dependencies	2026-08-17T13:58:41.4115500Z ^[[7mDownload snap "snapd" (27710) from channel "stable"          100% 38.8MB/s 0.0ns^[[0m
stream	Install dependencies	2026-08-17T13:58:41.6430504Z Fetch and check assertions for snap "snapd" (27710)                            |
stream	Install dependencies	2026-08-17T13:58:41.7467254Z Fetch and check assertions for snap "snapd" (27710)                            /
stream	Install dependencies	2026-08-17T13:58:41.8503871Z Fetch and check assertions for snap "snapd" (27710)                            -
stream	Install dependencies	2026-08-17T13:58:41.9909454Z Fetch and check assertions for snap "snapd" (27710)                            \
stream	Install dependencies	2026-08-17T13:58:42.0960237Z Process delayed security backend side effects for affected snaps               |
stream	Install dependencies	2026-08-17T13:58:42.1996826Z Mount snap "snapd" (27710)                                                     /
stream	Install dependencies	2026-08-17T13:58:42.3669832Z Mount snap "snapd" (27710)                                                     -
stream	Install dependencies	2026-08-17T13:58:42.5308214Z Process delayed security backend side effects for affected snaps               \
stream	Install dependencies	2026-08-17T13:58:42.7712024Z Make snap "snapd" (27710) available to the system                              |
stream	Install dependencies	2026-08-17T13:58:42.7713173Z Automatically connect eligible plugs and slots of snap "snapd"                 /
stream	Install dependencies	2026-08-17T13:58:42.7714336Z ^[[0m^[[K2026-08-17T13:58:42Z INFO Waiting for automatic snapd restart...
stream	Install dependencies	2026-08-17T13:58:42.8843537Z 
stream	Install dependencies	2026-08-17T13:58:42.9881711Z Automatically connect eligible plugs and slots of snap "snapd"                 -
stream	Install dependencies	2026-08-17T13:58:43.0916108Z Automatically connect eligible plugs and slots of snap "snapd"                 \
stream	Install dependencies	2026-08-17T13:58:43.0916973Z Automatically connect eligible plugs and slots of snap "snapd"                 |
stream	Install dependencies	2026-08-17T13:58:43.0917760Z ^[[0m^[[K2026-08-17T13:58:43Z INFO Waiting for automatic snapd restart...
stream	Install dependencies	2026-08-17T13:58:43.1952730Z 
stream	Install dependencies	2026-08-17T13:58:43.2987098Z Automatically connect eligible plugs and slots of snap "snapd"                 /
stream	Install dependencies	2026-08-17T13:58:43.4021875Z Automatically connect eligible plugs and slots of snap "snapd"                 -
stream	Install dependencies	2026-08-17T13:58:43.5063814Z Automatically connect eligible plugs and slots of snap "snapd"                 \
stream	Install dependencies	2026-08-17T13:58:43.6125934Z Automatically connect eligible plugs and slots of snap "snapd"                 |
stream	Install dependencies	2026-08-17T13:58:43.7158930Z Automatically connect eligible plugs and slots of snap "snapd"                 /
stream	Install dependencies	2026-08-17T13:58:43.8196911Z Automatically connect eligible plugs and slots of snap "snapd"                 -
stream	Install dependencies	2026-08-17T13:58:43.9231431Z Automatically connect eligible plugs and slots of snap "snapd"                 \
stream	Install dependencies	2026-08-17T13:58:44.0265927Z Automatically connect eligible plugs and slots of snap "snapd"                 |
stream	Install dependencies	2026-08-17T13:58:44.2258574Z Automatically connect eligible plugs and slots of snap "snapd"                 /
stream	Install dependencies	2026-08-17T13:58:44.2259652Z Automatically connect eligible plugs and slots of snap "snapd"                 -
stream	Install dependencies	2026-08-17T13:58:44.2261208Z ^[[0m^[[K2026-08-17T13:58:44Z INFO Waiting for automatic snapd restart...
stream	Install dependencies	2026-08-17T13:58:44.3292623Z 
stream	Install dependencies	2026-08-17T13:58:44.4327814Z Automatically connect eligible plugs and slots of snap "snapd"                 \
stream	Install dependencies	2026-08-17T13:58:44.5372965Z Automatically connect eligible plugs and slots of snap "snapd"                 |
stream	Install dependencies	2026-08-17T13:58:44.6411448Z Automatically connect eligible plugs and slots of snap "snapd"                 /
stream	Install dependencies	2026-08-17T13:58:44.7481236Z Automatically connect eligible plugs and slots of snap "snapd"                 -
stream	Install dependencies	2026-08-17T13:58:44.8516927Z Automatically connect eligible plugs and slots of snap "snapd"                 \
stream	Install dependencies	2026-08-17T13:58:44.9561129Z Automatically connect eligible plugs and slots of snap "snapd"                 |
stream	Install dependencies	2026-08-17T13:58:45.0594131Z Automatically connect eligible plugs and slots of snap "snapd"                 /
stream	Install dependencies	2026-08-17T13:58:45.1630036Z Automatically connect eligible plugs and slots of snap "snapd"                 -
stream	Install dependencies	2026-08-17T13:58:45.3356990Z Automatically connect eligible plugs and slots of snap "snapd"                 \
stream	Install dependencies	2026-08-17T13:58:45.3358009Z Automatically connect eligible plugs and slots of snap "snapd"                 |
stream	Install dependencies	2026-08-17T13:58:45.3359138Z ^[[0m^[[K2026-08-17T13:58:45Z INFO Waiting for automatic snapd restart...
stream	Install dependencies	2026-08-17T13:58:45.4393411Z 
stream	Install dependencies	2026-08-17T13:58:47.1597179Z Automatically connect eligible plugs and slots of snap "snapd"                 /
stream	Install dependencies	2026-08-17T13:58:47.2632445Z Automatically connect eligible plugs and slots of snap "snapd"                 -
stream	Install dependencies	2026-08-17T13:58:47.3676132Z Automatically connect eligible plugs and slots of snap "snapd"                 \
stream	Install dependencies	2026-08-17T13:58:47.4708476Z Automatically connect eligible plugs and slots of snap "snapd"                 |
stream	Install dependencies	2026-08-17T13:58:47.5742172Z Automatically connect eligible plugs and slots of snap "snapd"                 /
stream	Install dependencies	2026-08-17T13:58:47.6775110Z Automatically connect eligible plugs and slots of snap "snapd"                 -
stream	Install dependencies	2026-08-17T13:58:47.7809663Z Automatically connect eligible plugs and slots of snap "snapd"                 \
stream	Install dependencies	2026-08-17T13:58:47.8845704Z Automatically connect eligible plugs and slots of snap "snapd"                 |
stream	Install dependencies	2026-08-17T13:58:47.9886175Z Automatically connect eligible plugs and slots of snap "snapd"                 /
stream	Install dependencies	2026-08-17T13:58:48.1024534Z Automatically connect eligible plugs and slots of snap "snapd"                 -
stream	Install dependencies	2026-08-17T13:58:48.2058574Z Run health check of "snapd" snap                                               \
stream	Install dependencies	2026-08-17T13:58:48.3091053Z Download snap "core24" (1643) from channel "stable"                            |
stream	Install dependencies	2026-08-17T13:58:48.4128712Z Download snap "core24" (1643) from channel "stable"                            /
stream	Install dependencies	2026-08-17T13:58:48.5394902Z Download snap "core24" (1643) from channel "stable"                            -
stream	Install dependencies	2026-08-17T13:58:48.6444260Z Download snap "core24" (1643) from channel "stable"                            \
stream	Install dependencies	2026-08-17T13:58:48.7483228Z Download snap "core24" (1643) from channel "stable"                            |
stream	Install dependencies	2026-08-17T13:58:48.9561761Z Download snap "core24" (1643) from channel "stable"                            /^[[?25l
stream	Install dependencies	2026-08-17T13:58:49.0607637Z ^[[7m^[[0mDownload snap "core24" (1643) from channel "stable"            0%     0B/s ages!
stream	Install dependencies	2026-08-17T13:58:49.1642384Z ^[[7m^[[0mDownload snap "core24" (1643) from channel "stable"            0% 1.40MB/s 49.8s
stream	Install dependencies	2026-08-17T13:58:49.2677322Z ^[[7m^[[0mDownload snap "core24" (1643) from channel "stable"            1% 1.41MB/s 49.5s
stream	Install dependencies	2026-08-17T13:58:49.3717569Z ^[[7mD^[[0mownload snap "core24" (1643) from channel "stable"            1% 2.47MB/s 27.9s
stream	Install dependencies	2026-08-17T13:58:49.4755767Z ^[[7mDo^[[0mwnload snap "core24" (1643) from channel "stable"            3% 3.96MB/s 17.2s
stream	Install dependencies	2026-08-17T13:58:49.6136831Z ^[[7mDow^[[0mnload snap "core24" (1643) from channel "stable"            5% 5.42MB/s 12.3s
stream	Install dependencies	2026-08-17T13:58:49.7178682Z ^[[7mDownl^[[0moad snap "core24" (1643) from channel "stable"            6% 5.98MB/s 11.0s
stream	Install dependencies	2026-08-17T13:58:49.8222604Z ^[[7mDownload^[[0m snap "core24" (1643) from channel "stable"           10% 8.14MB/s 7.74s
stream	Install dependencies	2026-08-17T13:58:49.9263653Z ^[[7mDownload sn^[[0map "core24" (1643) from channel "stable"           15% 10.8MB/s 5.55s
stream	Install dependencies	2026-08-17T13:58:50.0298338Z ^[[7mDownload snap "^[[0mcore24" (1643) from channel "stable"           20% 13.0MB/s 4.32s
stream	Install dependencies	2026-08-17T13:58:50.1352751Z ^[[7mDownload snap "core24" ^[[0m(1643) from channel "stable"           30% 17.7MB/s 2.78s
stream	Install dependencies	2026-08-17T13:58:50.2406140Z ^[[7mDownload snap "core24" (1643) from chan^[[0mnel "stable"           49% 26.8MB/s 1.33s
stream	Install dependencies	2026-08-17T13:58:50.3438638Z ^[[7mDownload snap "core24" (1643) from channel "stable"        ^[[0m   74% 37.4MB/s 487ms
stream	Install dependencies	2026-08-17T13:58:50.4472696Z ^[[7mDownload snap "core24" (1643) from channel "stable"          100% 47.0MB/s 0.0ns^[[0m
stream	Install dependencies	2026-08-17T13:58:50.5506230Z ^[[7mDownload snap "core24" (1643) from channel "stable"          100% 43.9MB/s 0.0ns^[[0m
stream	Install dependencies	2026-08-17T13:58:50.7003867Z ^[[7mDownload snap "core24" (1643) from channel "stable"          100% 41.2MB/s 0.0ns^[[0m
stream	Install dependencies	2026-08-17T13:58:50.9969293Z ^[[7mDownload snap "core24" (1643) from channel "stable"          100% 37.9MB/s 0.0ns^[[0m
stream	Install dependencies	2026-08-17T13:58:51.1007395Z Fetch and check assertions for snap "core24" (1643)                            -
stream	Install dependencies	2026-08-17T13:58:51.2332303Z Fetch and check assertions for snap "core24" (1643)                            \
stream	Install dependencies	2026-08-17T13:58:51.3366132Z Fetch and check assertions for snap "core24" (1643)                            |
stream	Install dependencies	2026-08-17T13:58:51.4403804Z Fetch and check assertions for snap "core24" (1643)                            /
stream	Install dependencies	2026-08-17T13:58:51.5442780Z Fetch and check assertions for snap "core24" (1643)                            -
stream	Install dependencies	2026-08-17T13:58:51.6478761Z Fetch and check assertions for snap "core24" (1643)                            \
stream	Install dependencies	2026-08-17T13:58:51.7519140Z Fetch and check assertions for snap "core24" (1643)                            |
stream	Install dependencies	2026-08-17T13:58:51.8578273Z Mount snap "core24" (1643)                                                     /
stream	Install dependencies	2026-08-17T13:58:51.9613728Z Mount snap "core24" (1643)                                                     -
stream	Install dependencies	2026-08-17T13:58:52.0777675Z Mount snap "core24" (1643)                                                     \
stream	Install dependencies	2026-08-17T13:58:52.1840277Z Process delayed security backend side effects for affected snaps               |
stream	Install dependencies	2026-08-17T13:58:52.2874990Z Run health check of "core24" snap                                              /
stream	Install dependencies	2026-08-17T13:58:52.3909628Z Download snap "mesa-2404" (1839) from channel "stable"                         -
stream	Install dependencies	2026-08-17T13:58:52.4942964Z Download snap "mesa-2404" (1839) from channel "stable"                         \
stream	Install dependencies	2026-08-17T13:58:52.6722604Z Download snap "mesa-2404" (1839) from channel "stable"                         |
stream	Install dependencies	2026-08-17T13:58:52.7759412Z Download snap "mesa-2404" (1839) from channel "stable"                         /
stream	Install dependencies	2026-08-17T13:58:52.8797840Z Download snap "core22" (2437) from channel "stable"                            -
stream	Install dependencies	2026-08-17T13:58:52.9845614Z Download snap "core22" (2437) from channel "stable"                            \
stream	Install dependencies	2026-08-17T13:58:53.0885374Z Download snap "core22" (2437) from channel "stable"                            |
stream	Install dependencies	2026-08-17T13:58:53.1923852Z Download snap "core22" (2437) from channel "stable"                            /
stream	Install dependencies	2026-08-17T13:58:53.4044873Z Download snap "core22" (2437) from channel "stable"                            -
stream	Install dependencies	2026-08-17T13:58:53.6140496Z Download snap "core22" (2437) from channel "stable"                            \^[[?25l
stream	Install dependencies	2026-08-17T13:58:53.7179611Z ^[[7m^[[0mDownload snap "core22" (2437) from channel "stable"            0% 1.53MB/s 50.7s
stream	Install dependencies	2026-08-17T13:58:53.8228254Z ^[[7m^[[0mDownload snap "core22" (2437) from channel "stable"            0% 1.55MB/s 49.9s
stream	Install dependencies	2026-08-17T13:58:53.9273045Z ^[[7m^[[0mDownload snap "core22" (2437) from channel "stable"            1% 2.07MB/s 37.2s
stream	Install dependencies	2026-08-17T13:58:54.0322054Z ^[[7mD^[[0mownload snap "core22" (2437) from channel "stable"            1% 2.72MB/s 28.1s
stream	Install dependencies	2026-08-17T13:58:54.1367486Z ^[[7mDo^[[0mwnload snap "core22" (2437) from channel "stable"            3% 4.36MB/s 17.3s
stream	Install dependencies	2026-08-17T13:58:54.2438656Z ^[[7mDown^[[0mload snap "core22" (2437) from channel "stable"            5% 6.23MB/s 11.8s
stream	Install dependencies	2026-08-17T13:58:54.3560823Z ^[[7mDownloa^[[0md snap "core22" (2437) from channel "stable"            9% 9.32MB/s 7.59s
stream	Install dependencies	2026-08-17T13:58:54.4687107Z ^[[7mDownload sna^[[0mp "core22" (2437) from channel "stable"           16% 14.6MB/s 4.46s
stream	Install dependencies	2026-08-17T13:58:54.5759414Z ^[[7mDownload snap "core^[[0m22" (2437) from channel "stable"           25% 19.9MB/s 2.94s
stream	Install dependencies	2026-08-17T13:58:54.6832207Z ^[[7mDownload snap "core22" (2437) fro^[[0mm channel "stable"           42% 30.7MB/s 1.46s
stream	Install dependencies	2026-08-17T13:58:54.7887221Z ^[[7mDownload snap "core22" (2437) from channel "stab^[[0mle"           60% 39.9MB/s 771ms
stream	Install dependencies	2026-08-17T13:58:54.8959756Z ^[[7mDownload snap "core22" (2437) from channel "stable"          ^[[0m 77% 46.9MB/s 374ms
stream	Install dependencies	2026-08-17T13:58:55.1006721Z ^[[7mDownload snap "core22" (2437) from channel "stable"           97% 54.4MB/s  4^[[0m0ms
stream	Install dependencies	2026-08-17T13:58:55.2074935Z ^[[7mDownload snap "core22" (2437) from channel "stable"          100% 48.7MB/s 1.4m^[[0ms
stream	Install dependencies	2026-08-17T13:58:55.3144746Z ^[[7mDownload snap "core22" (2437) from channel "stable"          100% 45.7MB/s 0.0ns^[[0m
stream	Install dependencies	2026-08-17T13:58:55.4221496Z ^[[7mDownload snap "core22" (2437) from channel "stable"          100% 43.0MB/s 0.0ns^[[0m
stream	Install dependencies	2026-08-17T13:58:55.5561588Z ^[[7mDownload snap "core22" (2437) from channel "stable"          100% 40.5MB/s 0.0ns^[[0m
stream	Install dependencies	2026-08-17T13:58:55.8155577Z ^[[7mDownload snap "core22" (2437) from channel "stable"          100% 37.9MB/s 0.0ns^[[0m
stream	Install dependencies	2026-08-17T13:58:55.9210390Z Fetch and check assertions for snap "core22" (2437)                            |
stream	Install dependencies	2026-08-17T13:58:56.0288609Z Fetch and check assertions for snap "core22" (2437)                            /
stream	Install dependencies	2026-08-17T13:58:56.6290689Z Fetch and check assertions for snap "core22" (2437)                            -
stream	Install dependencies	2026-08-17T13:58:56.7335697Z Fetch and check assertions for snap "core22" (2437)                            \
stream	Install dependencies	2026-08-17T13:58:56.9994057Z Fetch and check assertions for snap "core22" (2437)                            |
stream	Install dependencies	2026-08-17T13:58:57.1040278Z Fetch and check assertions for snap "core22" (2437)                            /
stream	Install dependencies	2026-08-17T13:58:57.2084531Z Mount snap "core22" (2437)                                                     -
stream	Install dependencies	2026-08-17T13:58:57.3146202Z Mount snap "core22" (2437)                                                     \
stream	Install dependencies	2026-08-17T13:58:57.4231158Z Mount snap "core22" (2437)                                                     |
stream	Install dependencies	2026-08-17T13:58:57.5299953Z Mount snap "core22" (2437)                                                     /
stream	Install dependencies	2026-08-17T13:58:58.3126528Z Copy snap "core22" data                                                        -^[[?25l
stream	Install dependencies	2026-08-17T13:58:58.4187958Z ^[[7mDownload snap "mesa-2404" (1839) from channel "stable"        82%^[[0m  511MB/s 149ms
stream	Install dependencies	2026-08-17T13:58:58.5249076Z ^[[7mDownload snap "mesa-2404" (1839) from channel "stable"        88%  472^[[0mMB/s 111ms
stream	Install dependencies	2026-08-17T13:58:58.6292537Z ^[[7mDownload snap "mesa-2404" (1839) from channel "stable"        93%  443MB/s^[[0m  63ms
stream	Install dependencies	2026-08-17T13:58:59.4742584Z ^[[7mDownload snap "mesa-2404" (1839) from channel "stable"        99%  419MB/s  14^[[0mms
stream	Install dependencies	2026-08-17T13:58:59.7933832Z ^[[7mDownload snap "mesa-2404" (1839) from channel "stable"       100%  229MB/s 0.0ns^[[0m
stream	Install dependencies	2026-08-17T13:59:00.8450880Z Ensure prerequisites for "bare" are available                                  \
stream	Install dependencies	2026-08-17T13:59:00.9524009Z Download snap "bare" (5) from channel "stable"                                 |
stream	Install dependencies	2026-08-17T13:59:01.0565980Z Download snap "bare" (5) from channel "stable"                                 /
stream	Install dependencies	2026-08-17T13:59:01.1613878Z Download snap "bare" (5) from channel "stable"                                 -
stream	Install dependencies	2026-08-17T13:59:01.2659992Z Download snap "bare" (5) from channel "stable"                                 \
stream	Install dependencies	2026-08-17T13:59:01.3717211Z Download snap "bare" (5) from channel "stable"                                 |
stream	Install dependencies	2026-08-17T13:59:01.4775821Z Download snap "bare" (5) from channel "stable"                                 /
stream	Install dependencies	2026-08-17T13:59:01.5834726Z Download snap "bare" (5) from channel "stable"                                 -
stream	Install dependencies	2026-08-17T13:59:01.6886620Z Download snap "bare" (5) from channel "stable"                                 \
stream	Install dependencies	2026-08-17T13:59:01.7937244Z Download snap "bare" (5) from channel "stable"                                 |
stream	Install dependencies	2026-08-17T13:59:01.8979109Z Download snap "bare" (5) from channel "stable"                                 /
stream	Install dependencies	2026-08-17T13:59:02.0027688Z Fetch and check assertions for snap "bare" (5)                                 -
stream	Install dependencies	2026-08-17T13:59:02.1080303Z Fetch and check assertions for snap "bare" (5)                                 \
stream	Install dependencies	2026-08-17T13:59:02.2129514Z Fetch and check assertions for snap "bare" (5)                                 |
stream	Install dependencies	2026-08-17T13:59:02.4917498Z Fetch and check assertions for snap "bare" (5)                                 /^[[?25l
stream	Install dependencies	2026-08-17T13:59:02.5977133Z Mount snap "bare" (5)                                                          -
stream	Install dependencies	2026-08-17T13:59:02.8210436Z Mount snap "bare" (5)                                                          \
stream	Install dependencies	2026-08-17T13:59:02.9505867Z Make snap "bare" (5) available to the system                                   |
stream	Install dependencies	2026-08-17T13:59:04.2917905Z ^[[7mDownload sn^[[0map "gnome-46-2404" (164) from channel "stable"     15%  168MB/s 3.26s
stream	Install dependencies	2026-08-17T13:59:04.5104948Z Fetch and check assertions for snap "mesa-2404" (1839)                         /
stream	Install dependencies	2026-08-17T13:59:04.6183291Z Fetch and check assertions for snap "mesa-2404" (1839)                         -
stream	Install dependencies	2026-08-17T13:59:04.7255697Z Fetch and check assertions for snap "mesa-2404" (1839)                         \
stream	Install dependencies	2026-08-17T13:59:04.8311716Z Fetch and check assertions for snap "mesa-2404" (1839)                         |
stream	Install dependencies	2026-08-17T13:59:05.1340378Z Fetch and check assertions for snap "mesa-2404" (1839)                         /
stream	Install dependencies	2026-08-17T13:59:05.2393900Z Fetch and check assertions for snap "mesa-2404" (1839)                         -
stream	Install dependencies	2026-08-17T13:59:05.5999963Z Fetch and check assertions for snap "mesa-2404" (1839)                         \
stream	Install dependencies	2026-08-17T13:59:05.8049271Z Fetch and check assertions for snap "mesa-2404" (1839)                         |
stream	Install dependencies	2026-08-17T13:59:05.9137195Z Mount snap "mesa-2404" (1839)                                                  /
stream	Install dependencies	2026-08-17T13:59:06.0215457Z Mount snap "mesa-2404" (1839)                                                  -
stream	Install dependencies	2026-08-17T13:59:06.3632705Z Mount snap "mesa-2404" (1839)                                                  \^[[?25l
stream	Install dependencies	2026-08-17T13:59:06.6155194Z Make snap "mesa-2404" (1839) available to the system                           |
stream	Install dependencies	2026-08-17T13:59:06.7555785Z Setup snap "mesa-2404" (1839) security profiles                                /
stream	Install dependencies	2026-08-17T13:59:06.8373696Z Setup snap "mesa-2404" (1839) security profiles                                -
stream	Install dependencies	2026-08-17T13:59:06.9567604Z Setup snap "mesa-2404" (1839) security profiles                                \
stream	Install dependencies	2026-08-17T13:59:07.0669269Z Setup snap "mesa-2404" (1839) security profiles                                |
stream	Install dependencies	2026-08-17T13:59:07.3260366Z Setup snap "mesa-2404" (1839) security profiles                                /
stream	Install dependencies	2026-08-17T13:59:07.4837401Z Set automatic aliases for snap "mesa-2404"                                     -
stream	Install dependencies	2026-08-17T13:59:07.7276112Z ^[[7mDownload^[[0m snap "gtk-common-themes" (1535) from channel "stab…  11% 7.68MB/s 11.2s
stream	Install dependencies	2026-08-17T13:59:07.8394230Z Run install hook of "mesa-2404" snap if present                                \
stream	Install dependencies	2026-08-17T13:59:08.1438055Z Connect cups:avahi-control to snapd:avahi-control                              |
stream	Install dependencies	2026-08-17T13:59:08.3044659Z Connect cups:network to snapd:network                                          /
stream	Install dependencies	2026-08-17T13:59:08.4119482Z Setup snap "cups" (1238) security profiles                                     -
stream	Install dependencies	2026-08-17T13:59:08.5196847Z Setup snap "cups" (1238) security profiles                                     \
stream	Install dependencies	2026-08-17T13:59:08.6314156Z Setup snap "cups" (1238) security profiles                                     |
stream	Install dependencies	2026-08-17T13:59:08.7409352Z Setup snap "cups" (1238) security profiles                                     /
stream	Install dependencies	2026-08-17T13:59:08.8506256Z Setup snap "cups" (1238) security profiles                                     -
stream	Install dependencies	2026-08-17T13:59:08.9582088Z Setup snap "cups" (1238) security profiles                                     \
stream	Install dependencies	2026-08-17T13:59:09.0755980Z Setup snap "cups" (1238) security profiles                                     |
stream	Install dependencies	2026-08-17T13:59:09.3240170Z Setup snap "cups" (1238) security profiles                                     /
stream	Install dependencies	2026-08-17T13:59:09.4292613Z Setup snap "cups" (1238) security profiles                                     -
stream	Install dependencies	2026-08-17T13:59:09.5595300Z Setup snap "cups" (1238) security profiles                                     \
stream	Install dependencies	2026-08-17T13:59:09.6829770Z Setup snap "cups" (1238) security profiles                                     |
stream	Install dependencies	2026-08-17T13:59:09.8614040Z Setup snap "cups" (1238) security profiles                                     /
stream	Install dependencies	2026-08-17T13:59:10.0280993Z Setup snap "cups" (1238) security profiles                                     -
stream	Install dependencies	2026-08-17T13:59:10.1432755Z Setup snap "cups" (1238) security profiles                                     \
stream	Install dependencies	2026-08-17T13:59:10.2525521Z Setup snap "cups" (1238) security profiles                                     |
stream	Install dependencies	2026-08-17T13:59:10.3610960Z Setup snap "cups" (1238) security profiles                                     /
stream	Install dependencies	2026-08-17T13:59:10.4747326Z Setup snap "cups" (1238) security profiles                                     -
stream	Install dependencies	2026-08-17T13:59:10.5872611Z Setup snap "cups" (1238) security profiles                                     \
stream	Install dependencies	2026-08-17T13:59:10.7309701Z Setup snap "cups" (1238) security profiles                                     |
stream	Install dependencies	2026-08-17T13:59:10.8365991Z Setup snap "cups" (1238) security profiles                                     /
stream	Install dependencies	2026-08-17T13:59:10.9453906Z Setup snap "cups" (1238) security profiles                                     -
stream	Install dependencies	2026-08-17T13:59:11.0569384Z Setup snap "cups" (1238) security profiles                                     \
stream	Install dependencies	2026-08-17T13:59:11.1660874Z Setup snap "cups" (1238) security profiles                                     |
stream	Install dependencies	2026-08-17T13:59:11.5580052Z Setup snap "cups" (1238) security profiles                                     /
stream	Install dependencies	2026-08-17T13:59:11.6651303Z Setup snap "cups" (1238) security profiles                                     -
stream	Install dependencies	2026-08-17T13:59:11.7730084Z Setup snap "cups" (1238) security profiles                                     \
stream	Install dependencies	2026-08-17T13:59:11.8778412Z Setup snap "cups" (1238) security profiles                                     |
stream	Install dependencies	2026-08-17T13:59:13.1635848Z Setup snap "cups" (1238) security profiles                                     /
stream	Install dependencies	2026-08-17T13:59:14.9118707Z Fetch and check assertions for snap "gtk-common-themes" (1535)                 -
stream	Install dependencies	2026-08-17T13:59:15.1893103Z Fetch and check assertions for snap "gtk-common-themes" (1535)                 \
stream	Install dependencies	2026-08-17T13:59:15.9975593Z Fetch and check assertions for snap "gtk-common-themes" (1535)                 |
stream	Install dependencies	2026-08-17T13:59:18.0785239Z Fetch and check assertions for snap "gtk-common-themes" (1535)                 /
stream	Install dependencies	2026-08-17T13:59:18.1901091Z Mount snap "gtk-common-themes" (1535)                                          -
stream	Install dependencies	2026-08-17T13:59:18.2980935Z Mount snap "gtk-common-themes" (1535)                                          \
stream	Install dependencies	2026-08-17T13:59:18.4035793Z Mount snap "gtk-common-themes" (1535)                                          |
stream	Install dependencies	2026-08-17T13:59:18.5116894Z Mount snap "gtk-common-themes" (1535)                                          /
stream	Install dependencies	2026-08-17T13:59:18.6217888Z Mount snap "gtk-common-themes" (1535)                                          -
stream	Install dependencies	2026-08-17T13:59:18.7329409Z Mount snap "gtk-common-themes" (1535)                                          \
stream	Install dependencies	2026-08-17T13:59:18.8394958Z Mount snap "gtk-common-themes" (1535)                                          |
stream	Install dependencies	2026-08-17T13:59:18.9475900Z Mount snap "gtk-common-themes" (1535)                                          /
stream	Install dependencies	2026-08-17T13:59:19.0565928Z Mount snap "gtk-common-themes" (1535)                                          -
stream	Install dependencies	2026-08-17T13:59:19.1715712Z Fetch and check assertions for snap "gnome-46-2404" (164)                      \
stream	Install dependencies	2026-08-17T13:59:19.2980204Z Automatically connect eligible plugs and slots of snap "chromium"              |
stream	Install dependencies	2026-08-17T13:59:19.4078049Z Mount snap "gnome-46-2404" (164)                                               /
stream	Install dependencies	2026-08-17T13:59:19.5129581Z Run health check of "gtk-common-themes" snap                                   -
stream	Install dependencies	2026-08-17T13:59:19.6187078Z Mount snap "gnome-46-2404" (164)                                               \
stream	Install dependencies	2026-08-17T13:59:19.7980054Z Mount snap "gnome-46-2404" (164)                                               |
stream	Install dependencies	2026-08-17T13:59:19.9219543Z Copy snap "gnome-46-2404" data                                                 /
stream	Install dependencies	2026-08-17T13:59:20.0290117Z Automatically connect eligible plugs and slots of snap "chromium"              -
stream	Install dependencies	2026-08-17T13:59:20.1349411Z Automatically connect eligible plugs and slots of snap "chromium"              \
stream	Install dependencies	2026-08-17T13:59:20.2397224Z Automatically connect eligible plugs and slots of snap "chromium"              |
stream	Install dependencies	2026-08-17T13:59:20.3451578Z Automatically connect eligible plugs and slots of snap "chromium"              /
stream	Install dependencies	2026-08-17T13:59:20.4495437Z Automatically connect eligible plugs and slots of snap "chromium"              -
stream	Install dependencies	2026-08-17T13:59:20.5538777Z Automatically connect eligible plugs and slots of snap "chromium"              \
stream	Install dependencies	2026-08-17T13:59:20.6588846Z Automatically connect eligible plugs and slots of snap "chromium"              |
stream	Install dependencies	2026-08-17T13:59:20.7655076Z Automatically connect eligible plugs and slots of snap "chromium"              /
stream	Install dependencies	2026-08-17T13:59:20.8696915Z Automatically connect eligible plugs and slots of snap "chromium"              -
stream	Install dependencies	2026-08-17T13:59:20.9752709Z Automatically connect eligible plugs and slots of snap "chromium"              \
stream	Install dependencies	2026-08-17T13:59:21.0801175Z Automatically connect eligible plugs and slots of snap "chromium"              |
stream	Install dependencies	2026-08-17T13:59:21.1850729Z Automatically connect eligible plugs and slots of snap "chromium"              /
stream	Install dependencies	2026-08-17T13:59:21.2907631Z Automatically connect eligible plugs and slots of snap "chromium"              -
stream	Install dependencies	2026-08-17T13:59:21.3952814Z Automatically connect eligible plugs and slots of snap "chromium"              \
stream	Install dependencies	2026-08-17T13:59:21.4998995Z Automatically connect eligible plugs and slots of snap "chromium"              |
stream	Install dependencies	2026-08-17T13:59:21.6051172Z Automatically connect eligible plugs and slots of snap "chromium"              /
stream	Install dependencies	2026-08-17T13:59:21.7095304Z Automatically connect eligible plugs and slots of snap "chromium"              -
stream	Install dependencies	2026-08-17T13:59:21.8144292Z Automatically connect eligible plugs and slots of snap "chromium"              \
stream	Install dependencies	2026-08-17T13:59:21.9191279Z Automatically connect eligible plugs and slots of snap "chromium"              |
stream	Install dependencies	2026-08-17T13:59:22.0248597Z Automatically connect eligible plugs and slots of snap "chromium"              /
stream	Install dependencies	2026-08-17T13:59:22.1296969Z Automatically connect eligible plugs and slots of snap "chromium"              -
stream	Install dependencies	2026-08-17T13:59:22.2341047Z Automatically connect eligible plugs and slots of snap "chromium"              \
stream	Install dependencies	2026-08-17T13:59:22.3390513Z Automatically connect eligible plugs and slots of snap "chromium"              |
stream	Install dependencies	2026-08-17T13:59:22.4435758Z Automatically connect eligible plugs and slots of snap "chromium"              /
stream	Install dependencies	2026-08-17T13:59:22.5481634Z Automatically connect eligible plugs and slots of snap "chromium"              -
stream	Install dependencies	2026-08-17T13:59:22.6537726Z Automatically connect eligible plugs and slots of snap "chromium"              \
stream	Install dependencies	2026-08-17T13:59:22.7586517Z Automatically connect eligible plugs and slots of snap "chromium"              |
stream	Install dependencies	2026-08-17T13:59:22.8632432Z Automatically connect eligible plugs and slots of snap "chromium"              /
stream	Install dependencies	2026-08-17T13:59:23.0724130Z Automatically connect eligible plugs and slots of snap "chromium"              -
stream	Install dependencies	2026-08-17T13:59:23.1768760Z Automatically connect eligible plugs and slots of snap "chromium"              \
stream	Install dependencies	2026-08-17T13:59:23.2812698Z Automatically connect eligible plugs and slots of snap "chromium"              |
stream	Install dependencies	2026-08-17T13:59:23.3871324Z Automatically connect eligible plugs and slots of snap "chromium"              /
stream	Install dependencies	2026-08-17T13:59:23.6018568Z Automatically connect eligible plugs and slots of snap "chromium"              -
stream	Install dependencies	2026-08-17T13:59:23.7062761Z Automatically connect eligible plugs and slots of snap "chromium"              \
stream	Install dependencies	2026-08-17T13:59:23.8122440Z Automatically connect eligible plugs and slots of snap "chromium"              |
stream	Install dependencies	2026-08-17T13:59:23.9170812Z Automatically connect eligible plugs and slots of snap "chromium"              /
stream	Install dependencies	2026-08-17T13:59:24.0219971Z Automatically connect eligible plugs and slots of snap "chromium"              -
stream	Install dependencies	2026-08-17T13:59:24.1259391Z Automatically connect eligible plugs and slots of snap "chromium"              \
stream	Install dependencies	2026-08-17T13:59:24.2302621Z Automatically connect eligible plugs and slots of snap "chromium"              |
stream	Install dependencies	2026-08-17T13:59:24.3346559Z Automatically connect eligible plugs and slots of snap "chromium"              /
stream	Install dependencies	2026-08-17T13:59:24.4410455Z Automatically connect eligible plugs and slots of snap "chromium"              -
stream	Install dependencies	2026-08-17T13:59:24.5456516Z Automatically connect eligible plugs and slots of snap "chromium"              \
stream	Install dependencies	2026-08-17T13:59:24.6508828Z Automatically connect eligible plugs and slots of snap "chromium"              |
stream	Install dependencies	2026-08-17T13:59:24.7552604Z Automatically connect eligible plugs and slots of snap "chromium"              /
stream	Install dependencies	2026-08-17T13:59:24.8598222Z Automatically connect eligible plugs and slots of snap "chromium"              -
stream	Install dependencies	2026-08-17T13:59:24.9643395Z Automatically connect eligible plugs and slots of snap "chromium"              \
stream	Install dependencies	2026-08-17T13:59:25.0687339Z Automatically connect eligible plugs and slots of snap "chromium"              |
stream	Install dependencies	2026-08-17T13:59:25.1737038Z Automatically connect eligible plugs and slots of snap "chromium"              /
stream	Install dependencies	2026-08-17T13:59:25.2787402Z Automatically connect eligible plugs and slots of snap "chromium"              -
stream	Install dependencies	2026-08-17T13:59:25.3833232Z Automatically connect eligible plugs and slots of snap "chromium"              \
stream	Install dependencies	2026-08-17T13:59:25.4878063Z Automatically connect eligible plugs and slots of snap "chromium"              |
stream	Install dependencies	2026-08-17T13:59:25.5926511Z Automatically connect eligible plugs and slots of snap "chromium"              /
stream	Install dependencies	2026-08-17T13:59:25.6970016Z Automatically connect eligible plugs and slots of snap "chromium"              -
stream	Install dependencies	2026-08-17T13:59:25.8027983Z Automatically connect eligible plugs and slots of snap "chromium"              \
stream	Install dependencies	2026-08-17T13:59:25.9073346Z Automatically connect eligible plugs and slots of snap "chromium"              |
stream	Install dependencies	2026-08-17T13:59:26.0122698Z Automatically connect eligible plugs and slots of snap "chromium"              /
stream	Install dependencies	2026-08-17T13:59:26.1168806Z Automatically connect eligible plugs and slots of snap "chromium"              -
stream	Install dependencies	2026-08-17T13:59:26.2211768Z Automatically connect eligible plugs and slots of snap "chromium"              \
stream	Install dependencies	2026-08-17T13:59:26.3261611Z Automatically connect eligible plugs and slots of snap "chromium"              |
stream	Install dependencies	2026-08-17T13:59:26.4306332Z Automatically connect eligible plugs and slots of snap "chromium"              /
stream	Install dependencies	2026-08-17T13:59:26.5352614Z Automatically connect eligible plugs and slots of snap "chromium"              -
stream	Install dependencies	2026-08-17T13:59:26.6400098Z Automatically connect eligible plugs and slots of snap "chromium"              \
stream	Install dependencies	2026-08-17T13:59:26.7459878Z Automatically connect eligible plugs and slots of snap "chromium"              |
stream	Install dependencies	2026-08-17T13:59:26.8509208Z Automatically connect eligible plugs and slots of snap "chromium"              /
stream	Install dependencies	2026-08-17T13:59:26.9562436Z Automatically connect eligible plugs and slots of snap "chromium"              -
stream	Install dependencies	2026-08-17T13:59:27.0609423Z Automatically connect eligible plugs and slots of snap "chromium"              \
stream	Install dependencies	2026-08-17T13:59:27.1652044Z Automatically connect eligible plugs and slots of snap "chromium"              |
stream	Install dependencies	2026-08-17T13:59:27.2696501Z Automatically connect eligible plugs and slots of snap "chromium"              /
stream	Install dependencies	2026-08-17T13:59:27.3760354Z Automatically connect eligible plugs and slots of snap "chromium"              -
stream	Install dependencies	2026-08-17T13:59:27.4815636Z Automatically connect eligible plugs and slots of snap "chromium"              \
stream	Install dependencies	2026-08-17T13:59:27.5863373Z Automatically connect eligible plugs and slots of snap "chromium"              |
stream	Install dependencies	2026-08-17T13:59:27.6909218Z Automatically connect eligible plugs and slots of snap "chromium"              /
stream	Install dependencies	2026-08-17T13:59:27.7970328Z Automatically connect eligible plugs and slots of snap "chromium"              -
stream	Install dependencies	2026-08-17T13:59:27.9017954Z Automatically connect eligible plugs and slots of snap "chromium"              \
stream	Install dependencies	2026-08-17T13:59:28.0062431Z Automatically connect eligible plugs and slots of snap "chromium"              |
stream	Install dependencies	2026-08-17T13:59:28.1117200Z Automatically connect eligible plugs and slots of snap "chromium"              /
stream	Install dependencies	2026-08-17T13:59:28.2162873Z Automatically connect eligible plugs and slots of snap "chromium"              -
stream	Install dependencies	2026-08-17T13:59:28.3223566Z Automatically connect eligible plugs and slots of snap "chromium"              \
stream	Install dependencies	2026-08-17T13:59:28.4276962Z Automatically connect eligible plugs and slots of snap "chromium"              |
stream	Install dependencies	2026-08-17T13:59:28.5323093Z Automatically connect eligible plugs and slots of snap "chromium"              /
stream	Install dependencies	2026-08-17T13:59:28.6382274Z Automatically connect eligible plugs and slots of snap "chromium"              -
stream	Install dependencies	2026-08-17T13:59:28.7643845Z Automatically connect eligible plugs and slots of snap "chromium"              \
stream	Install dependencies	2026-08-17T13:59:28.8690449Z Automatically connect eligible plugs and slots of snap "chromium"              |
stream	Install dependencies	2026-08-17T13:59:28.9738024Z Automatically connect eligible plugs and slots of snap "chromium"              /
stream	Install dependencies	2026-08-17T13:59:29.0786373Z Automatically connect eligible plugs and slots of snap "chromium"              -
stream	Install dependencies	2026-08-17T13:59:29.1841308Z Automatically connect eligible plugs and slots of snap "chromium"              \
stream	Install dependencies	2026-08-17T13:59:29.3246873Z Automatically connect eligible plugs and slots of snap "chromium"              |
stream	Install dependencies	2026-08-17T13:59:29.4303635Z Automatically connect eligible plugs and slots of snap "chromium"              /
stream	Install dependencies	2026-08-17T13:59:29.5353056Z Automatically connect eligible plugs and slots of snap "chromium"              -
stream	Install dependencies	2026-08-17T13:59:29.6401331Z Automatically connect eligible plugs and slots of snap "chromium"              \
stream	Install dependencies	2026-08-17T13:59:29.7452427Z Automatically connect eligible plugs and slots of snap "chromium"              |
stream	Install dependencies	2026-08-17T13:59:29.8867984Z Automatically connect eligible plugs and slots of snap "chromium"              /
stream	Install dependencies	2026-08-17T13:59:29.9917973Z Automatically connect eligible plugs and slots of snap "chromium"              -
stream	Install dependencies	2026-08-17T13:59:30.0963480Z Automatically connect eligible plugs and slots of snap "chromium"              \
stream	Install dependencies	2026-08-17T13:59:30.2021695Z Automatically connect eligible plugs and slots of snap "chromium"              |
stream	Install dependencies	2026-08-17T13:59:30.3067096Z Automatically connect eligible plugs and slots of snap "chromium"              /
stream	Install dependencies	2026-08-17T13:59:30.4118978Z Automatically connect eligible plugs and slots of snap "chromium"              -
stream	Install dependencies	2026-08-17T13:59:30.5165581Z Automatically connect eligible plugs and slots of snap "chromium"              \
stream	Install dependencies	2026-08-17T13:59:30.6210307Z Automatically connect eligible plugs and slots of snap "chromium"              |
stream	Install dependencies	2026-08-17T13:59:30.7256353Z Automatically connect eligible plugs and slots of snap "chromium"              /
stream	Install dependencies	2026-08-17T13:59:30.8309248Z Automatically connect eligible plugs and slots of snap "chromium"              -
stream	Install dependencies	2026-08-17T13:59:30.9355916Z Automatically connect eligible plugs and slots of snap "chromium"              \
stream	Install dependencies	2026-08-17T13:59:31.0405616Z Automatically connect eligible plugs and slots of snap "chromium"              |
stream	Install dependencies	2026-08-17T13:59:31.1449838Z Automatically connect eligible plugs and slots of snap "chromium"              /
stream	Install dependencies	2026-08-17T13:59:31.2499465Z Automatically connect eligible plugs and slots of snap "chromium"              -
stream	Install dependencies	2026-08-17T13:59:31.3555607Z Automatically connect eligible plugs and slots of snap "chromium"              \
stream	Install dependencies	2026-08-17T13:59:31.4604514Z Automatically connect eligible plugs and slots of snap "chromium"              |
stream	Install dependencies	2026-08-17T13:59:31.5647499Z Automatically connect eligible plugs and slots of snap "chromium"              /
stream	Install dependencies	2026-08-17T13:59:31.6690732Z Automatically connect eligible plugs and slots of snap "chromium"              -
stream	Install dependencies	2026-08-17T13:59:31.7740046Z Automatically connect eligible plugs and slots of snap "chromium"              \
stream	Install dependencies	2026-08-17T13:59:31.8784010Z Automatically connect eligible plugs and slots of snap "chromium"              |
stream	Install dependencies	2026-08-17T13:59:31.9827819Z Automatically connect eligible plugs and slots of snap "chromium"              /
stream	Install dependencies	2026-08-17T13:59:32.0893212Z Automatically connect eligible plugs and slots of snap "chromium"              -
stream	Install dependencies	2026-08-17T13:59:32.1937501Z Automatically connect eligible plugs and slots of snap "chromium"              \
stream	Install dependencies	2026-08-17T13:59:32.2982503Z Automatically connect eligible plugs and slots of snap "chromium"              |
stream	Install dependencies	2026-08-17T13:59:32.4025911Z Automatically connect eligible plugs and slots of snap "chromium"              /
stream	Install dependencies	2026-08-17T13:59:32.5071739Z Automatically connect eligible plugs and slots of snap "chromium"              -
stream	Install dependencies	2026-08-17T13:59:32.6123169Z Automatically connect eligible plugs and slots of snap "chromium"              \
stream	Install dependencies	2026-08-17T13:59:32.7182352Z Automatically connect eligible plugs and slots of snap "chromium"              |
stream	Install dependencies	2026-08-17T13:59:32.8232659Z Automatically connect eligible plugs and slots of snap "chromium"              /
stream	Install dependencies	2026-08-17T13:59:32.9276789Z Automatically connect eligible plugs and slots of snap "chromium"              -
stream	Install dependencies	2026-08-17T13:59:33.0318703Z Automatically connect eligible plugs and slots of snap "chromium"              \
stream	Install dependencies	2026-08-17T13:59:33.1372207Z Automatically connect eligible plugs and slots of snap "chromium"              |
stream	Install dependencies	2026-08-17T13:59:33.2415783Z Automatically connect eligible plugs and slots of snap "chromium"              /
stream	Install dependencies	2026-08-17T13:59:33.3467904Z Automatically connect eligible plugs and slots of snap "chromium"              -
stream	Install dependencies	2026-08-17T13:59:33.4657545Z Automatically connect eligible plugs and slots of snap "chromium"              \
stream	Install dependencies	2026-08-17T13:59:33.5702067Z Automatically connect eligible plugs and slots of snap "chromium"              |
stream	Install dependencies	2026-08-17T13:59:33.6753188Z Automatically connect eligible plugs and slots of snap "chromium"              /
stream	Install dependencies	2026-08-17T13:59:33.7797253Z Automatically connect eligible plugs and slots of snap "chromium"              -
stream	Install dependencies	2026-08-17T13:59:33.8855549Z Automatically connect eligible plugs and slots of snap "chromium"              \
stream	Install dependencies	2026-08-17T13:59:34.0092222Z Automatically connect eligible plugs and slots of snap "chromium"              |
stream	Install dependencies	2026-08-17T13:59:34.1140469Z Automatically connect eligible plugs and slots of snap "chromium"              /
stream	Install dependencies	2026-08-17T13:59:34.2187710Z Automatically connect eligible plugs and slots of snap "chromium"              -
stream	Install dependencies	2026-08-17T13:59:34.3258669Z Automatically connect eligible plugs and slots of snap "chromium"              \
stream	Install dependencies	2026-08-17T13:59:34.4307397Z Automatically connect eligible plugs and slots of snap "chromium"              |
stream	Install dependencies	2026-08-17T13:59:34.6500795Z Automatically connect eligible plugs and slots of snap "chromium"              /
stream	Install dependencies	2026-08-17T13:59:34.7546504Z Automatically connect eligible plugs and slots of snap "chromium"              -
stream	Install dependencies	2026-08-17T13:59:34.8590843Z Automatically connect eligible plugs and slots of snap "chromium"              \
stream	Install dependencies	2026-08-17T13:59:34.9653418Z Automatically connect eligible plugs and slots of snap "chromium"              |
stream	Install dependencies	2026-08-17T13:59:35.0707455Z Automatically connect eligible plugs and slots of snap "chromium"              /
stream	Install dependencies	2026-08-17T13:59:35.2632192Z Automatically connect eligible plugs and slots of snap "chromium"              -
stream	Install dependencies	2026-08-17T13:59:35.3710750Z Process delayed security backend side effects for affected snaps               \
stream	Install dependencies	2026-08-17T13:59:35.4798677Z Process delayed security backend side effects for affected snaps               |
stream	Install dependencies	2026-08-17T13:59:35.7562568Z Process delayed security backend side effects for affected snaps               /
stream	Install dependencies	2026-08-17T13:59:35.8746902Z Process delayed security backend side effects for affected snaps               -
stream	Install dependencies	2026-08-17T13:59:36.0327835Z Connect chromium:gpu-2404 to mesa-2404:gpu-2404                                \
stream	Install dependencies	2026-08-17T13:59:36.1555939Z Process delayed security backend side effects for affected snaps               |
stream	Install dependencies	2026-08-17T13:59:36.2685193Z Process delayed security backend side effects for affected snaps               /
stream	Install dependencies	2026-08-17T13:59:36.3760316Z Process delayed security backend side effects for affected snaps               -
stream	Install dependencies	2026-08-17T13:59:36.4833062Z Setup snap "chromium" (3507) security profiles                                 \
stream	Install dependencies	2026-08-17T13:59:36.5929752Z Setup snap "chromium" (3507) security profiles                                 |
stream	Install dependencies	2026-08-17T13:59:36.7011184Z Setup snap "chromium" (3507) security profiles                                 /
stream	Install dependencies	2026-08-17T13:59:36.8068511Z Setup snap "chromium" (3507) security profiles                                 -
stream	Install dependencies	2026-08-17T13:59:36.9146484Z Setup snap "chromium" (3507) security profiles                                 \
stream	Install dependencies	2026-08-17T13:59:37.0222280Z Setup snap "chromium" (3507) security profiles                                 |
stream	Install dependencies	2026-08-17T13:59:37.1309796Z Setup snap "chromium" (3507) security profiles                                 /
stream	Install dependencies	2026-08-17T13:59:37.2384413Z Setup snap "chromium" (3507) security profiles                                 -
stream	Install dependencies	2026-08-17T13:59:37.3489125Z Setup snap "chromium" (3507) security profiles                                 \
stream	Install dependencies	2026-08-17T13:59:37.4566699Z Setup snap "chromium" (3507) security profiles                                 |
stream	Install dependencies	2026-08-17T13:59:37.5647233Z Setup snap "chromium" (3507) security profiles                                 /
stream	Install dependencies	2026-08-17T13:59:37.6737130Z Setup snap "chromium" (3507) security profiles                                 -
stream	Install dependencies	2026-08-17T13:59:37.7816251Z Setup snap "chromium" (3507) security profiles                                 \
stream	Install dependencies	2026-08-17T13:59:37.8891547Z Setup snap "chromium" (3507) security profiles                                 |
stream	Install dependencies	2026-08-17T13:59:37.9965140Z Setup snap "chromium" (3507) security profiles                                 /
stream	Install dependencies	2026-08-17T13:59:38.1069558Z Setup snap "chromium" (3507) security profiles                                 -
stream	Install dependencies	2026-08-17T13:59:38.2485168Z Setup snap "chromium" (3507) security profiles                                 \
stream	Install dependencies	2026-08-17T13:59:38.3548789Z Process delayed security backend side effects for affected snaps               |
stream	Install dependencies	2026-08-17T13:59:38.4618762Z Run configure hook of "chromium" snap if present                               /
stream	Install dependencies	2026-08-17T13:59:38.5688611Z Run configure hook of "chromium" snap if present                               -
stream	Install dependencies	2026-08-17T13:59:38.6740280Z Run configure hook of "chromium" snap if present                               \
stream	Install dependencies	2026-08-17T13:59:38.7809745Z Run configure hook of "chromium" snap if present                               |
stream	Install dependencies	2026-08-17T13:59:38.8902794Z Run configure hook of "chromium" snap if present                               /
stream	Install dependencies	2026-08-17T13:59:38.9960782Z Run service command "stop" for services ["daemon"] of snap "chromium"          -
stream	Install dependencies	2026-08-17T13:59:39.1073567Z Run service command "stop" for services ["daemon"] of snap "chromium"          \
stream	Install dependencies	2026-08-17T13:59:39.2122600Z Process delayed security backend side effects for affected snaps               |
stream	Install dependencies	2026-08-17T13:59:39.3174760Z Process delayed security backend side effects for affected snaps               /
stream	Install dependencies	2026-08-17T13:59:39.3267145Z ^[[0m^[[?25h^[[Kchromium 151.0.7922.108 from Canonical^[[32m✓^[[0m installed
stream	Install dependencies	2026-08-17T13:59:39.3273210Z => Snap installation complete
stream	Install dependencies	2026-08-17T13:59:39.3967460Z Unpacking chromium-browser (2:1snap1-0ubuntu2) ...
stream	Install dependencies	2026-08-17T13:59:39.4445531Z Selecting previously unselected package fonts-droid-fallback.
stream	Install dependencies	2026-08-17T13:59:39.4556693Z Preparing to unpack .../001-fonts-droid-fallback_1%3a6.0.1r16-1.1build1_all.deb ...
stream	Install dependencies	2026-08-17T13:59:39.4696289Z Unpacking fonts-droid-fallback (1:6.0.1r16-1.1build1) ...
stream	Install dependencies	2026-08-17T13:59:39.6267624Z Selecting previously unselected package poppler-data.
stream	Install dependencies	2026-08-17T13:59:39.6377952Z Preparing to unpack .../002-poppler-data_0.4.12-1_all.deb ...
stream	Install dependencies	2026-08-17T13:59:39.6389387Z Unpacking poppler-data (0.4.12-1) ...
stream	Install dependencies	2026-08-17T13:59:39.7577318Z Selecting previously unselected package libva2:amd64.
stream	Install dependencies	2026-08-17T13:59:39.7693184Z Preparing to unpack .../003-libva2_2.20.0-2ubuntu0.2_amd64.deb ...
stream	Install dependencies	2026-08-17T13:59:39.7715864Z Unpacking libva2:amd64 (2.20.0-2ubuntu0.2) ...
stream	Install dependencies	2026-08-17T13:59:39.7878681Z Selecting previously unselected package libva-drm2:amd64.
stream	Install dependencies	2026-08-17T13:59:39.7987294Z Preparing to unpack .../004-libva-drm2_2.20.0-2ubuntu0.2_amd64.deb ...
stream	Install dependencies	2026-08-17T13:59:39.7999097Z Unpacking libva-drm2:amd64 (2.20.0-2ubuntu0.2) ...
stream	Install dependencies	2026-08-17T13:59:39.8153819Z Selecting previously unselected package libva-x11-2:amd64.
stream	Install dependencies	2026-08-17T13:59:39.8263417Z Preparing to unpack .../005-libva-x11-2_2.20.0-2ubuntu0.2_amd64.deb ...
stream	Install dependencies	2026-08-17T13:59:39.8275607Z Unpacking libva-x11-2:amd64 (2.20.0-2ubuntu0.2) ...
stream	Install dependencies	2026-08-17T13:59:39.8435851Z Selecting previously unselected package libvdpau1:amd64.
stream	Install dependencies	2026-08-17T13:59:39.8540510Z Preparing to unpack .../006-libvdpau1_1.5-2build1_amd64.deb ...
stream	Install dependencies	2026-08-17T13:59:39.8552372Z Unpacking libvdpau1:amd64 (1.5-2build1) ...
stream	Install dependencies	2026-08-17T13:59:39.8761025Z Selecting previously unselected package libvpl2.
stream	Install dependencies	2026-08-17T13:59:39.8864541Z Preparing to unpack .../007-libvpl2_2023.3.0-1build1_amd64.deb ...
stream	Install dependencies	2026-08-17T13:59:39.8875224Z Unpacking libvpl2 (2023.3.0-1build1) ...
stream	Install dependencies	2026-08-17T13:59:39.9078237Z Selecting previously unselected package ocl-icd-libopencl1:amd64.
stream	Install dependencies	2026-08-17T13:59:39.9180545Z Preparing to unpack .../008-ocl-icd-libopencl1_2.3.2-1build1_amd64.deb ...
stream	Install dependencies	2026-08-17T13:59:39.9190128Z Unpacking ocl-icd-libopencl1:amd64 (2.3.2-1build1) ...
stream	Install dependencies	2026-08-17T13:59:39.9394500Z Selecting previously unselected package libavutil58:amd64.
stream	Install dependencies	2026-08-17T13:59:39.9493789Z Preparing to unpack .../009-libavutil58_7%3a6.1.1-3ubuntu5_amd64.deb ...
stream	Install dependencies	2026-08-17T13:59:39.9504446Z Unpacking libavutil58:amd64 (7:6.1.1-3ubuntu5) ...
stream	Install dependencies	2026-08-17T13:59:39.9713441Z Selecting previously unselected package libcodec2-1.2:amd64.
stream	Install dependencies	2026-08-17T13:59:39.9811934Z Preparing to unpack .../010-libcodec2-1.2_1.2.0-2build1_amd64.deb ...
stream	Install dependencies	2026-08-17T13:59:39.9822513Z Unpacking libcodec2-1.2:amd64 (1.2.0-2build1) ...
stream	Install dependencies	2026-08-17T13:59:40.1253832Z Selecting previously unselected package libdav1d7:amd64.
stream	Install dependencies	2026-08-17T13:59:40.1362581Z Preparing to unpack .../011-libdav1d7_1.4.1-1build1_amd64.deb ...
stream	Install dependencies	2026-08-17T13:59:40.1373455Z Unpacking libdav1d7:amd64 (1.4.1-1build1) ...
stream	Install dependencies	2026-08-17T13:59:40.1590356Z Selecting previously unselected package libgsm1:amd64.
stream	Install dependencies	2026-08-17T13:59:40.1697835Z Preparing to unpack .../012-libgsm1_1.0.22-1build1_amd64.deb ...
stream	Install dependencies	2026-08-17T13:59:40.1708944Z Unpacking libgsm1:amd64 (1.0.22-1build1) ...
stream	Install dependencies	2026-08-17T13:59:40.1862210Z Selecting previously unselected package libhwy1t64:amd64.
stream	Install dependencies	2026-08-17T13:59:40.1958586Z Preparing to unpack .../013-libhwy1t64_1.0.7-8.1build1_amd64.deb ...
stream	Install dependencies	2026-08-17T13:59:40.1966182Z Unpacking libhwy1t64:amd64 (1.0.7-8.1build1) ...
stream	Install dependencies	2026-08-17T13:59:40.2273216Z Selecting previously unselected package libjxl0.7:amd64.
stream	Install dependencies	2026-08-17T13:59:40.2367682Z Preparing to unpack .../014-libjxl0.7_0.7.0-10.2ubuntu6.1_amd64.deb ...
stream	Install dependencies	2026-08-17T13:59:40.2375579Z Unpacking libjxl0.7:amd64 (0.7.0-10.2ubuntu6.1) ...
stream	Install dependencies	2026-08-17T13:59:40.3096250Z Selecting previously unselected package libmp3lame0:amd64.
stream	Install dependencies	2026-08-17T13:59:40.3200276Z Preparing to unpack .../015-libmp3lame0_3.100-6build1_amd64.deb ...
stream	Install dependencies	2026-08-17T13:59:40.3210035Z Unpacking libmp3lame0:amd64 (3.100-6build1) ...
stream	Install dependencies	2026-08-17T13:59:40.3383512Z Selecting previously unselected package libopus0:amd64.
stream	Install dependencies	2026-08-17T13:59:40.3485932Z Preparing to unpack .../016-libopus0_1.4-1build1_amd64.deb ...
stream	Install dependencies	2026-08-17T13:59:40.3496907Z Unpacking libopus0:amd64 (1.4-1build1) ...
stream	Install dependencies	2026-08-17T13:59:40.3671517Z Selecting previously unselected package librav1e0:amd64.
stream	Install dependencies	2026-08-17T13:59:40.3771886Z Preparing to unpack .../017-librav1e0_0.7.1-2_amd64.deb ...
stream	Install dependencies	2026-08-17T13:59:40.3781020Z Unpacking librav1e0:amd64 (0.7.1-2) ...
stream	Install dependencies	2026-08-17T13:59:40.4134832Z Selecting previously unselected package librsvg2-2:amd64.
stream	Install dependencies	2026-08-17T13:59:40.4232928Z Preparing to unpack .../018-librsvg2-2_2.58.0+dfsg-1build1_amd64.deb ...
stream	Install dependencies	2026-08-17T13:59:40.4241005Z Unpacking librsvg2-2:amd64 (2.58.0+dfsg-1build1) ...
stream	Install dependencies	2026-08-17T13:59:40.4892194Z Selecting previously unselected package libshine3:amd64.
stream	Install dependencies	2026-08-17T13:59:40.4991778Z Preparing to unpack .../019-libshine3_3.1.1-2build1_amd64.deb ...
stream	Install dependencies	2026-08-17T13:59:40.5003937Z Unpacking libshine3:amd64 (3.1.1-2build1) ...
stream	Install dependencies	2026-08-17T13:59:40.5157574Z Selecting previously unselected package libspeex1:amd64.
stream	Install dependencies	2026-08-17T13:59:40.5258037Z Preparing to unpack .../020-libspeex1_1.2.1-2ubuntu2.24.04.1_amd64.deb ...
stream	Install dependencies	2026-08-17T13:59:40.5282748Z Unpacking libspeex1:amd64 (1.2.1-2ubuntu2.24.04.1) ...
stream	Install dependencies	2026-08-17T13:59:40.5460504Z Selecting previously unselected package libsvtav1enc1d1:amd64.
stream	Install dependencies	2026-08-17T13:59:40.5559737Z Preparing to unpack .../021-libsvtav1enc1d1_1.7.0+dfsg-2build1_amd64.deb ...
stream	Install dependencies	2026-08-17T13:59:40.5570795Z Unpacking libsvtav1enc1d1:amd64 (1.7.0+dfsg-2build1) ...
stream	Install dependencies	2026-08-17T13:59:40.6256742Z Selecting previously unselected package libsoxr0:amd64.
stream	Install dependencies	2026-08-17T13:59:40.6362091Z Preparing to unpack .../022-libsoxr0_0.1.3-4build3_amd64.deb ...
stream	Install dependencies	2026-08-17T13:59:40.6373659Z Unpacking libsoxr0:amd64 (0.1.3-4build3) ...
stream	Install dependencies	2026-08-17T13:59:40.6560120Z Selecting previously unselected package libswresample4:amd64.
stream	Install dependencies	2026-08-17T13:59:40.6665145Z Preparing to unpack .../023-libswresample4_7%3a6.1.1-3ubuntu5_amd64.deb ...
stream	Install dependencies	2026-08-17T13:59:40.6674371Z Unpacking libswresample4:amd64 (7:6.1.1-3ubuntu5) ...
stream	Install dependencies	2026-08-17T13:59:40.7051870Z Selecting previously unselected package libtheora0:amd64.
stream	Install dependencies	2026-08-17T13:59:40.7155378Z Preparing to unpack .../024-libtheora0_1.1.1+dfsg.1-16.1build3_amd64.deb ...
stream	Install dependencies	2026-08-17T13:59:40.7168830Z Unpacking libtheora0:amd64 (1.1.1+dfsg.1-16.1build3) ...
stream	Install dependencies	2026-08-17T13:59:40.8868376Z Selecting previously unselected package libtwolame0:amd64.
stream	Install dependencies	2026-08-17T13:59:40.8977635Z Preparing to unpack .../025-libtwolame0_0.4.0-2build3_amd64.deb ...
stream	Install dependencies	2026-08-17T13:59:40.8988623Z Unpacking libtwolame0:amd64 (0.4.0-2build3) ...
stream	Install dependencies	2026-08-17T13:59:40.9222433Z Selecting previously unselected package libvorbisenc2:amd64.
stream	Install dependencies	2026-08-17T13:59:40.9332032Z Preparing to unpack .../026-libvorbisenc2_1.3.7-1build3_amd64.deb ...
stream	Install dependencies	2026-08-17T13:59:40.9345525Z Unpacking libvorbisenc2:amd64 (1.3.7-1build3) ...
stream	Install dependencies	2026-08-17T13:59:41.0739246Z Selecting previously unselected package libvpx9:amd64.
stream	Install dependencies	2026-08-17T13:59:41.0848740Z Preparing to unpack .../027-libvpx9_1.14.0-1ubuntu2.3_amd64.deb ...
stream	Install dependencies	2026-08-17T13:59:41.0859937Z Unpacking libvpx9:amd64 (1.14.0-1ubuntu2.3) ...
stream	Install dependencies	2026-08-17T13:59:41.1211294Z Selecting previously unselected package libx264-164:amd64.
stream	Install dependencies	2026-08-17T13:59:41.1320439Z Preparing to unpack .../028-libx264-164_2%3a0.164.3108+git31e19f9-1_amd64.deb ...
stream	Install dependencies	2026-08-17T13:59:41.1331068Z Unpacking libx264-164:amd64 (2:0.164.3108+git31e19f9-1) ...
stream	Install dependencies	2026-08-17T13:59:41.1611894Z Selecting previously unselected package libx265-199:amd64.
stream	Install dependencies	2026-08-17T13:59:41.1718932Z Preparing to unpack .../029-libx265-199_3.5-2build1_amd64.deb ...
stream	Install dependencies	2026-08-17T13:59:41.1730450Z Unpacking libx265-199:amd64 (3.5-2build1) ...
stream	Install dependencies	2026-08-17T13:59:41.2955679Z Selecting previously unselected package libxvidcore4:amd64.
stream	Install dependencies	2026-08-17T13:59:41.3064947Z Preparing to unpack .../030-libxvidcore4_2%3a1.3.7-1build1_amd64.deb ...
stream	Install dependencies	2026-08-17T13:59:41.3118657Z Unpacking libxvidcore4:amd64 (2:1.3.7-1build1) ...
stream	Install dependencies	2026-08-17T13:59:41.3289263Z Selecting previously unselected package libzvbi-common.
stream	Install dependencies	2026-08-17T13:59:41.3397844Z Preparing to unpack .../031-libzvbi-common_0.2.42-2_all.deb ...
stream	Install dependencies	2026-08-17T13:59:41.3409983Z Unpacking libzvbi-common (0.2.42-2) ...
stream	Install dependencies	2026-08-17T13:59:41.3881637Z Selecting previously unselected package libzvbi0t64:amd64.
stream	Install dependencies	2026-08-17T13:59:41.3996800Z Preparing to unpack .../032-libzvbi0t64_0.2.42-2_amd64.deb ...
stream	Install dependencies	2026-08-17T13:59:41.4019421Z Unpacking libzvbi0t64:amd64 (0.2.42-2) ...
stream	Install dependencies	2026-08-17T13:59:41.4213137Z Selecting previously unselected package libavcodec60:amd64.
stream	Install dependencies	2026-08-17T13:59:41.4321621Z Preparing to unpack .../033-libavcodec60_7%3a6.1.1-3ubuntu5_amd64.deb ...
stream	Install dependencies	2026-08-17T13:59:41.4333060Z Unpacking libavcodec60:amd64 (7:6.1.1-3ubuntu5) ...
stream	Install dependencies	2026-08-17T13:59:41.5817752Z Selecting previously unselected package libraw1394-11:amd64.
stream	Install dependencies	2026-08-17T13:59:41.5927553Z Preparing to unpack .../034-libraw1394-11_2.1.2-2build3_amd64.deb ...
stream	Install dependencies	2026-08-17T13:59:41.5939730Z Unpacking libraw1394-11:amd64 (2.1.2-2build3) ...
stream	Install dependencies	2026-08-17T13:59:41.6316551Z Selecting previously unselected package libavc1394-0:amd64.
stream	Install dependencies	2026-08-17T13:59:41.6426603Z Preparing to unpack .../035-libavc1394-0_0.5.4-5build3_amd64.deb ...
stream	Install dependencies	2026-08-17T13:59:41.6438079Z Unpacking libavc1394-0:amd64 (0.5.4-5build3) ...
stream	Install dependencies	2026-08-17T13:59:41.6610170Z Selecting previously unselected package libunibreak5:amd64.
stream	Install dependencies	2026-08-17T13:59:41.6711982Z Preparing to unpack .../036-libunibreak5_5.1-2build1_amd64.deb ...
stream	Install dependencies	2026-08-17T13:59:41.6724030Z Unpacking libunibreak5:amd64 (5.1-2build1) ...
stream	Install dependencies	2026-08-17T13:59:41.6887741Z Selecting previously unselected package libass9:amd64.
stream	Install dependencies	2026-08-17T13:59:41.6984074Z Preparing to unpack .../037-libass9_1%3a0.17.1-2build1_amd64.deb ...
stream	Install dependencies	2026-08-17T13:59:41.6993322Z Unpacking libass9:amd64 (1:0.17.1-2build1) ...
stream	Install dependencies	2026-08-17T13:59:41.7159812Z Selecting previously unselected package libudfread0:amd64.
stream	Install dependencies	2026-08-17T13:59:41.7252088Z Preparing to unpack .../038-libudfread0_1.1.2-1build1_amd64.deb ...
stream	Install dependencies	2026-08-17T13:59:41.7260503Z Unpacking libudfread0:amd64 (1.1.2-1build1) ...
stream	Install dependencies	2026-08-17T13:59:41.7498328Z Selecting previously unselected package libbluray2:amd64.
stream	Install dependencies	2026-08-17T13:59:41.7590308Z Preparing to unpack .../039-libbluray2_1%3a1.3.4-1build1_amd64.deb ...
stream	Install dependencies	2026-08-17T13:59:41.7599681Z Unpacking libbluray2:amd64 (1:1.3.4-1build1) ...
stream	Install dependencies	2026-08-17T13:59:41.7769295Z Selecting previously unselected package libchromaprint1:amd64.
stream	Install dependencies	2026-08-17T13:59:41.7859720Z Preparing to unpack .../040-libchromaprint1_1.5.1-5_amd64.deb ...
stream	Install dependencies	2026-08-17T13:59:41.7869341Z Unpacking libchromaprint1:amd64 (1.5.1-5) ...
stream	Install dependencies	2026-08-17T13:59:41.8023093Z Selecting previously unselected package libgme0:amd64.
stream	Install dependencies	2026-08-17T13:59:41.8116543Z Preparing to unpack .../041-libgme0_0.6.3-7build1_amd64.deb ...
stream	Install dependencies	2026-08-17T13:59:41.8126325Z Unpacking libgme0:amd64 (0.6.3-7build1) ...
stream	Install dependencies	2026-08-17T13:59:41.8292763Z Selecting previously unselected package libmpg123-0t64:amd64.
stream	Install dependencies	2026-08-17T13:59:41.8384484Z Preparing to unpack .../042-libmpg123-0t64_1.32.5-1ubuntu1.1_amd64.deb ...
stream	Install dependencies	2026-08-17T13:59:41.8396474Z Unpacking libmpg123-0t64:amd64 (1.32.5-1ubuntu1.1) ...
stream	Install dependencies	2026-08-17T13:59:41.8569913Z Selecting previously unselected package libopenmpt0t64:amd64.
stream	Install dependencies	2026-08-17T13:59:41.8660987Z Preparing to unpack .../043-libopenmpt0t64_0.7.3-1.1build3_amd64.deb ...
stream	Install dependencies	2026-08-17T13:59:41.8674867Z Unpacking libopenmpt0t64:amd64 (0.7.3-1.1build3) ...
stream	Install dependencies	2026-08-17T13:59:41.8929365Z Selecting previously unselected package libcjson1:amd64.
stream	Install dependencies	2026-08-17T13:59:41.9024396Z Preparing to unpack .../044-libcjson1_1.7.17-1_amd64.deb ...
stream	Install dependencies	2026-08-17T13:59:41.9898475Z Unpacking libcjson1:amd64 (1.7.17-1) ...
stream	Install dependencies	2026-08-17T13:59:42.0083747Z Selecting previously unselected package libmbedcrypto7t64:amd64.
stream	Install dependencies	2026-08-17T13:59:42.0193053Z Preparing to unpack .../045-libmbedcrypto7t64_2.28.8-1_amd64.deb ...
stream	Install dependencies	2026-08-17T13:59:42.0206359Z Unpacking libmbedcrypto7t64:amd64 (2.28.8-1) ...
stream	Install dependencies	2026-08-17T13:59:42.0396200Z Selecting previously unselected package librist4:amd64.
stream	Install dependencies	2026-08-17T13:59:42.0502976Z Preparing to unpack .../046-librist4_0.2.10+dfsg-2_amd64.deb ...
stream	Install dependencies	2026-08-17T13:59:42.0515163Z Unpacking librist4:amd64 (0.2.10+dfsg-2) ...
stream	Install dependencies	2026-08-17T13:59:42.0687350Z Selecting previously unselected package libsrt1.5-gnutls:amd64.
stream	Install dependencies	2026-08-17T13:59:42.0792960Z Preparing to unpack .../047-libsrt1.5-gnutls_1.5.3-1build2_amd64.deb ...
stream	Install dependencies	2026-08-17T13:59:42.0805146Z Unpacking libsrt1.5-gnutls:amd64 (1.5.3-1build2) ...
stream	Install dependencies	2026-08-17T13:59:42.0997594Z Selecting previously unselected package libssh-gcrypt-4:amd64.
stream	Install dependencies	2026-08-17T13:59:42.1102880Z Preparing to unpack .../048-libssh-gcrypt-4_0.10.6-2ubuntu0.4_amd64.deb ...
stream	Install dependencies	2026-08-17T13:59:42.1113929Z Unpacking libssh-gcrypt-4:amd64 (0.10.6-2ubuntu0.4) ...
stream	Install dependencies	2026-08-17T13:59:42.1303910Z Selecting previously unselected package libavformat60:amd64.
stream	Install dependencies	2026-08-17T13:59:42.1407815Z Preparing to unpack .../049-libavformat60_7%3a6.1.1-3ubuntu5_amd64.deb ...
stream	Install dependencies	2026-08-17T13:59:42.1416388Z Unpacking libavformat60:amd64 (7:6.1.1-3ubuntu5) ...
stream	Install dependencies	2026-08-17T13:59:42.1725561Z Selecting previously unselected package libbs2b0:amd64.
stream	Install dependencies	2026-08-17T13:59:42.1827737Z Preparing to unpack .../050-libbs2b0_3.1.0+dfsg-7build1_amd64.deb ...
stream	Install dependencies	2026-08-17T13:59:42.1836616Z Unpacking libbs2b0:amd64 (3.1.0+dfsg-7build1) ...
stream	Install dependencies	2026-08-17T13:59:42.2017592Z Selecting previously unselected package libflite1:amd64.
stream	Install dependencies	2026-08-17T13:59:42.2122281Z Preparing to unpack .../051-libflite1_2.2-6build3_amd64.deb ...
stream	Install dependencies	2026-08-17T13:59:42.2133305Z Unpacking libflite1:amd64 (2.2-6build3) ...
stream	Install dependencies	2026-08-17T13:59:42.3643789Z Selecting previously unselected package libserd-0-0:amd64.
stream	Install dependencies	2026-08-17T13:59:42.3753868Z Preparing to unpack .../052-libserd-0-0_0.32.2-1_amd64.deb ...
stream	Install dependencies	2026-08-17T13:59:42.3769303Z Unpacking libserd-0-0:amd64 (0.32.2-1) ...
stream	Install dependencies	2026-08-17T13:59:42.3936818Z Selecting previously unselected package libzix-0-0:amd64.
stream	Install dependencies	2026-08-17T13:59:42.4046232Z Preparing to unpack .../053-libzix-0-0_0.4.2-2build1_amd64.deb ...
stream	Install dependencies	2026-08-17T13:59:42.4057914Z Unpacking libzix-0-0:amd64 (0.4.2-2build1) ...
stream	Install dependencies	2026-08-17T13:59:42.4215539Z Selecting previously unselected package libsord-0-0:amd64.
stream	Install dependencies	2026-08-17T13:59:42.4320649Z Preparing to unpack .../054-libsord-0-0_0.16.16-2build1_amd64.deb ...
stream	Install dependencies	2026-08-17T13:59:42.4684273Z Unpacking libsord-0-0:amd64 (0.16.16-2build1) ...
stream	Install dependencies	2026-08-17T13:59:42.4858213Z Selecting previously unselected package libsratom-0-0:amd64.
stream	Install dependencies	2026-08-17T13:59:42.4963655Z Preparing to unpack .../055-libsratom-0-0_0.6.16-1build1_amd64.deb ...
stream	Install dependencies	2026-08-17T13:59:42.4974085Z Unpacking libsratom-0-0:amd64 (0.6.16-1build1) ...
stream	Install dependencies	2026-08-17T13:59:42.5311272Z Selecting previously unselected package liblilv-0-0:amd64.
stream	Install dependencies	2026-08-17T13:59:42.5418404Z Preparing to unpack .../056-liblilv-0-0_0.24.22-1build1_amd64.deb ...
stream	Install dependencies	2026-08-17T13:59:42.5429811Z Unpacking liblilv-0-0:amd64 (0.24.22-1build1) ...
stream	Install dependencies	2026-08-17T13:59:42.5666256Z Selecting previously unselected package libmysofa1:amd64.
stream	Install dependencies	2026-08-17T13:59:42.5771870Z Preparing to unpack .../057-libmysofa1_1.3.2+dfsg-2ubuntu2_amd64.deb ...
stream	Install dependencies	2026-08-17T13:59:42.5783314Z Unpacking libmysofa1:amd64 (1.3.2+dfsg-2ubuntu2) ...
stream	Install dependencies	2026-08-17T13:59:42.6023427Z Selecting previously unselected package libplacebo338:amd64.
stream	Install dependencies	2026-08-17T13:59:42.6129639Z Preparing to unpack .../058-libplacebo338_6.338.2-2build1_amd64.deb ...
stream	Install dependencies	2026-08-17T13:59:42.6342776Z Unpacking libplacebo338:amd64 (6.338.2-2build1) ...
stream	Install dependencies	2026-08-17T13:59:42.7092340Z Selecting previously unselected package libblas3:amd64.
stream	Install dependencies	2026-08-17T13:59:42.7202787Z Preparing to unpack .../059-libblas3_3.12.0-3build1.1_amd64.deb ...
stream	Install dependencies	2026-08-17T13:59:42.7346823Z Unpacking libblas3:amd64 (3.12.0-3build1.1) ...
stream	Install dependencies	2026-08-17T13:59:42.7550220Z Selecting previously unselected package liblapack3:amd64.
stream	Install dependencies	2026-08-17T13:59:42.7660995Z Preparing to unpack .../060-liblapack3_3.12.0-3build1.1_amd64.deb ...
stream	Install dependencies	2026-08-17T13:59:42.7687953Z Unpacking liblapack3:amd64 (3.12.0-3build1.1) ...
stream	Install dependencies	2026-08-17T13:59:42.8541412Z Selecting previously unselected package libasyncns0:amd64.
stream	Install dependencies	2026-08-17T13:59:42.8654287Z Preparing to unpack .../061-libasyncns0_0.8-6build4_amd64.deb ...
stream	Install dependencies	2026-08-17T13:59:42.8665575Z Unpacking libasyncns0:amd64 (0.8-6build4) ...
stream	Install dependencies	2026-08-17T13:59:42.8837936Z Selecting previously unselected package libflac12t64:amd64.
stream	Install dependencies	2026-08-17T13:59:42.8947064Z Preparing to unpack .../062-libflac12t64_1.4.3+ds-2.1ubuntu2_amd64.deb ...
stream	Install dependencies	2026-08-17T13:59:42.8957853Z Unpacking libflac12t64:amd64 (1.4.3+ds-2.1ubuntu2) ...
stream	Install dependencies	2026-08-17T13:59:42.9135099Z Selecting previously unselected package libsndfile1:amd64.
stream	Install dependencies	2026-08-17T13:59:42.9239546Z Preparing to unpack .../063-libsndfile1_1.2.2-1ubuntu5.24.04.1_amd64.deb ...
stream	Install dependencies	2026-08-17T13:59:42.9248539Z Unpacking libsndfile1:amd64 (1.2.2-1ubuntu5.24.04.1) ...
stream	Install dependencies	2026-08-17T13:59:42.9443783Z Selecting previously unselected package libpulse0:amd64.
stream	Install dependencies	2026-08-17T13:59:42.9540560Z Preparing to unpack .../064-libpulse0_1%3a16.1+dfsg1-2ubuntu10.1_amd64.deb ...
stream	Install dependencies	2026-08-17T13:59:42.9587601Z Unpacking libpulse0:amd64 (1:16.1+dfsg1-2ubuntu10.1) ...
stream	Install dependencies	2026-08-17T13:59:42.9952931Z Selecting previously unselected package libsphinxbase3t64:amd64.
stream	Install dependencies	2026-08-17T13:59:43.0051757Z Preparing to unpack .../065-libsphinxbase3t64_0.8+5prealpha+1-17build2_amd64.deb ...
stream	Install dependencies	2026-08-17T13:59:43.0063391Z Unpacking libsphinxbase3t64:amd64 (0.8+5prealpha+1-17build2) ...
stream	Install dependencies	2026-08-17T13:59:43.0227715Z Selecting previously unselected package libpocketsphinx3:amd64.
stream	Install dependencies	2026-08-17T13:59:43.0326395Z Preparing to unpack .../066-libpocketsphinx3_0.8.0+real5prealpha+1-15ubuntu5_amd64.deb ...
stream	Install dependencies	2026-08-17T13:59:43.0344278Z Unpacking libpocketsphinx3:amd64 (0.8.0+real5prealpha+1-15ubuntu5) ...
stream	Install dependencies	2026-08-17T13:59:43.0522112Z Selecting previously unselected package libpostproc57:amd64.
stream	Install dependencies	2026-08-17T13:59:43.0626328Z Preparing to unpack .../067-libpostproc57_7%3a6.1.1-3ubuntu5_amd64.deb ...
stream	Install dependencies	2026-08-17T13:59:43.0639535Z Unpacking libpostproc57:amd64 (7:6.1.1-3ubuntu5) ...
stream	Install dependencies	2026-08-17T13:59:43.0859768Z Selecting previously unselected package libsamplerate0:amd64.
stream	Install dependencies	2026-08-17T13:59:43.0952986Z Preparing to unpack .../068-libsamplerate0_0.2.2-4build1_amd64.deb ...
stream	Install dependencies	2026-08-17T13:59:43.1121108Z Unpacking libsamplerate0:amd64 (0.2.2-4build1) ...
stream	Install dependencies	2026-08-17T13:59:43.1327966Z Selecting previously unselected package librubberband2:amd64.
stream	Install dependencies	2026-08-17T13:59:43.1423823Z Preparing to unpack .../069-librubberband2_3.3.0+dfsg-2build1_amd64.deb ...
stream	Install dependencies	2026-08-17T13:59:43.1434306Z Unpacking librubberband2:amd64 (3.3.0+dfsg-2build1) ...
stream	Install dependencies	2026-08-17T13:59:43.1639523Z Selecting previously unselected package libswscale7:amd64.
stream	Install dependencies	2026-08-17T13:59:43.1734161Z Preparing to unpack .../070-libswscale7_7%3a6.1.1-3ubuntu5_amd64.deb ...
stream	Install dependencies	2026-08-17T13:59:43.1743475Z Unpacking libswscale7:amd64 (7:6.1.1-3ubuntu5) ...
stream	Install dependencies	2026-08-17T13:59:43.1921947Z Selecting previously unselected package libvidstab1.1:amd64.
stream	Install dependencies	2026-08-17T13:59:43.2016027Z Preparing to unpack .../071-libvidstab1.1_1.1.0-2build1_amd64.deb ...
stream	Install dependencies	2026-08-17T13:59:43.2027610Z Unpacking libvidstab1.1:amd64 (1.1.0-2build1) ...
stream	Install dependencies	2026-08-17T13:59:43.2573653Z Selecting previously unselected package libzimg2:amd64.
stream	Install dependencies	2026-08-17T13:59:43.2671118Z Preparing to unpack .../072-libzimg2_3.0.5+ds1-1build1_amd64.deb ...
stream	Install dependencies	2026-08-17T13:59:43.2682885Z Unpacking libzimg2:amd64 (3.0.5+ds1-1build1) ...
stream	Install dependencies	2026-08-17T13:59:43.3061230Z Selecting previously unselected package libavfilter9:amd64.
stream	Install dependencies	2026-08-17T13:59:43.3160399Z Preparing to unpack .../073-libavfilter9_7%3a6.1.1-3ubuntu5_amd64.deb ...
stream	Install dependencies	2026-08-17T13:59:43.3170516Z Unpacking libavfilter9:amd64 (7:6.1.1-3ubuntu5) ...
stream	Install dependencies	2026-08-17T13:59:43.4345369Z Selecting previously unselected package libcaca0:amd64.
stream	Install dependencies	2026-08-17T13:59:43.4457733Z Preparing to unpack .../074-libcaca0_0.99.beta20-4ubuntu0.2_amd64.deb ...
stream	Install dependencies	2026-08-17T13:59:43.4472393Z Unpacking libcaca0:amd64 (0.99.beta20-4ubuntu0.2) ...
stream	Install dependencies	2026-08-17T13:59:43.4695743Z Selecting previously unselected package libcdio19t64:amd64.
stream	Install dependencies	2026-08-17T13:59:43.4808723Z Preparing to unpack .../075-libcdio19t64_2.1.0-4.1ubuntu1.2_amd64.deb ...
stream	Install dependencies	2026-08-17T13:59:43.4820622Z Unpacking libcdio19t64:amd64 (2.1.0-4.1ubuntu1.2) ...
stream	Install dependencies	2026-08-17T13:59:43.5015070Z Selecting previously unselected package libcdio-cdda2t64:amd64.
stream	Install dependencies	2026-08-17T13:59:43.5127461Z Preparing to unpack .../076-libcdio-cdda2t64_10.2+2.0.1-1.1build2_amd64.deb ...
stream	Install dependencies	2026-08-17T13:59:43.5139624Z Unpacking libcdio-cdda2t64:amd64 (10.2+2.0.1-1.1build2) ...
stream	Install dependencies	2026-08-17T13:59:43.5324645Z Selecting previously unselected package libcdio-paranoia2t64:amd64.
stream	Install dependencies	2026-08-17T13:59:43.5436065Z Preparing to unpack .../077-libcdio-paranoia2t64_10.2+2.0.1-1.1build2_amd64.deb ...
stream	Install dependencies	2026-08-17T13:59:43.5444852Z Unpacking libcdio-paranoia2t64:amd64 (10.2+2.0.1-1.1build2) ...
stream	Install dependencies	2026-08-17T13:59:43.5614855Z Selecting previously unselected package libdc1394-25:amd64.
stream	Install dependencies	2026-08-17T13:59:43.5725871Z Preparing to unpack .../078-libdc1394-25_2.2.6-4build1_amd64.deb ...
stream	Install dependencies	2026-08-17T13:59:43.5737083Z Unpacking libdc1394-25:amd64 (2.2.6-4build1) ...
stream	Install dependencies	2026-08-17T13:59:43.5912105Z Selecting previously unselected package libiec61883-0:amd64.
stream	Install dependencies	2026-08-17T13:59:43.6022294Z Preparing to unpack .../079-libiec61883-0_1.2.0-6build1_amd64.deb ...
stream	Install dependencies	2026-08-17T13:59:43.6036556Z Unpacking libiec61883-0:amd64 (1.2.0-6build1) ...
stream	Install dependencies	2026-08-17T13:59:43.6197539Z Selecting previously unselected package libjack-jackd2-0:amd64.
stream	Install dependencies	2026-08-17T13:59:43.6306433Z Preparing to unpack .../080-libjack-jackd2-0_1.9.21~dfsg-3ubuntu3_amd64.deb ...
stream	Install dependencies	2026-08-17T13:59:43.6317935Z Unpacking libjack-jackd2-0:amd64 (1.9.21~dfsg-3ubuntu3) ...
stream	Install dependencies	2026-08-17T13:59:43.6511338Z Selecting previously unselected package libopenal-data.
stream	Install dependencies	2026-08-17T13:59:43.6619782Z Preparing to unpack .../081-libopenal-data_1%3a1.23.1-4build1_all.deb ...
stream	Install dependencies	2026-08-17T13:59:43.6630260Z Unpacking libopenal-data (1:1.23.1-4build1) ...
stream	Install dependencies	2026-08-17T13:59:43.7922081Z Selecting previously unselected package libsndio7.0:amd64.
stream	Install dependencies	2026-08-17T13:59:43.8041110Z Preparing to unpack .../082-libsndio7.0_1.9.0-0.3build3_amd64.deb ...
stream	Install dependencies	2026-08-17T13:59:43.8055622Z Unpacking libsndio7.0:amd64 (1.9.0-0.3build3) ...
stream	Install dependencies	2026-08-17T13:59:43.8235118Z Selecting previously unselected package libopenal1:amd64.
stream	Install dependencies	2026-08-17T13:59:43.8346063Z Preparing to unpack .../083-libopenal1_1%3a1.23.1-4build1_amd64.deb ...
stream	Install dependencies	2026-08-17T13:59:43.8360555Z Unpacking libopenal1:amd64 (1:1.23.1-4build1) ...
stream	Install dependencies	2026-08-17T13:59:43.8581584Z Selecting previously unselected package libdecor-0-0:amd64.
stream	Install dependencies	2026-08-17T13:59:43.8693575Z Preparing to unpack .../084-libdecor-0-0_0.2.2-1build2_amd64.deb ...
stream	Install dependencies	2026-08-17T13:59:43.8733302Z Unpacking libdecor-0-0:amd64 (0.2.2-1build2) ...
stream	Install dependencies	2026-08-17T13:59:43.8912461Z Selecting previously unselected package libsdl2-2.0-0:amd64.
stream	Install dependencies	2026-08-17T13:59:43.9023505Z Preparing to unpack .../085-libsdl2-2.0-0_2.30.0+dfsg-1ubuntu3.1_amd64.deb ...
stream	Install dependencies	2026-08-17T13:59:43.9046751Z Unpacking libsdl2-2.0-0:amd64 (2.30.0+dfsg-1ubuntu3.1) ...
stream	Install dependencies	2026-08-17T13:59:43.9382889Z Selecting previously unselected package libxcb-shape0:amd64.
stream	Install dependencies	2026-08-17T13:59:43.9494874Z Preparing to unpack .../086-libxcb-shape0_1.15-1ubuntu2_amd64.deb ...
stream	Install dependencies	2026-08-17T13:59:43.9507412Z Unpacking libxcb-shape0:amd64 (1.15-1ubuntu2) ...
stream	Install dependencies	2026-08-17T13:59:43.9687745Z Selecting previously unselected package libxv1:amd64.
stream	Install dependencies	2026-08-17T13:59:43.9799651Z Preparing to unpack .../087-libxv1_2%3a1.0.11-1.1build1_amd64.deb ...
stream	Install dependencies	2026-08-17T13:59:43.9809349Z Unpacking libxv1:amd64 (2:1.0.11-1.1build1) ...
stream	Install dependencies	2026-08-17T13:59:43.9974193Z Selecting previously unselected package libavdevice60:amd64.
stream	Install dependencies	2026-08-17T13:59:44.0085783Z Preparing to unpack .../088-libavdevice60_7%3a6.1.1-3ubuntu5_amd64.deb ...
stream	Install dependencies	2026-08-17T13:59:44.0096930Z Unpacking libavdevice60:amd64 (7:6.1.1-3ubuntu5) ...
stream	Install dependencies	2026-08-17T13:59:44.0336725Z Selecting previously unselected package ffmpeg.
stream	Install dependencies	2026-08-17T13:59:44.0447488Z Preparing to unpack .../089-ffmpeg_7%3a6.1.1-3ubuntu5_amd64.deb ...
stream	Install dependencies	2026-08-17T13:59:44.0553384Z Unpacking ffmpeg (7:6.1.1-3ubuntu5) ...
stream	Install dependencies	2026-08-17T13:59:44.0917033Z Selecting previously unselected package fonts-noto-mono.
stream	Install dependencies	2026-08-17T13:59:44.1029394Z Preparing to unpack .../090-fonts-noto-mono_20201225-2_all.deb ...
stream	Install dependencies	2026-08-17T13:59:44.1044395Z Unpacking fonts-noto-mono (20201225-2) ...
stream	Install dependencies	2026-08-17T13:59:44.1683859Z Selecting previously unselected package xfonts-encodings.
stream	Install dependencies	2026-08-17T13:59:44.1795896Z Preparing to unpack .../091-xfonts-encodings_1%3a1.0.5-0ubuntu2_all.deb ...
stream	Install dependencies	2026-08-17T13:59:44.1808468Z Unpacking xfonts-encodings (1:1.0.5-0ubuntu2) ...
stream	Install dependencies	2026-08-17T13:59:44.2040072Z Selecting previously unselected package xfonts-utils.
stream	Install dependencies	2026-08-17T13:59:44.2150804Z Preparing to unpack .../092-xfonts-utils_1%3a7.7+6build3_amd64.deb ...
stream	Install dependencies	2026-08-17T13:59:44.2159223Z Unpacking xfonts-utils (1:7.7+6build3) ...
stream	Install dependencies	2026-08-17T13:59:44.2432802Z Selecting previously unselected package fonts-urw-base35.
stream	Install dependencies	2026-08-17T13:59:44.2543093Z Preparing to unpack .../093-fonts-urw-base35_20200910-8_all.deb ...
stream	Install dependencies	2026-08-17T13:59:44.3011469Z Unpacking fonts-urw-base35 (20200910-8) ...
stream	Install dependencies	2026-08-17T13:59:44.7842803Z Selecting previously unselected package libgs-common.
stream	Install dependencies	2026-08-17T13:59:44.7956329Z Preparing to unpack .../094-libgs-common_10.02.1~dfsg1-0ubuntu7.8_all.deb ...
stream	Install dependencies	2026-08-17T13:59:44.7969666Z Unpacking libgs-common (10.02.1~dfsg1-0ubuntu7.8) ...
stream	Install dependencies	2026-08-17T13:59:44.9801608Z Selecting previously unselected package libgs10-common.
stream	Install dependencies	2026-08-17T13:59:44.9913586Z Preparing to unpack .../095-libgs10-common_10.02.1~dfsg1-0ubuntu7.8_all.deb ...
stream	Install dependencies	2026-08-17T13:59:44.9995215Z Unpacking libgs10-common (10.02.1~dfsg1-0ubuntu7.8) ...
stream	Install dependencies	2026-08-17T13:59:45.3064284Z Selecting previously unselected package libidn12:amd64.
stream	Install dependencies	2026-08-17T13:59:45.3176950Z Preparing to unpack .../096-libidn12_1.42-1ubuntu0.1_amd64.deb ...
stream	Install dependencies	2026-08-17T13:59:45.5138667Z Unpacking libidn12:amd64 (1.42-1ubuntu0.1) ...
stream	Install dependencies	2026-08-17T13:59:45.8510437Z Selecting previously unselected package libijs-0.35:amd64.
stream	Install dependencies	2026-08-17T13:59:45.8631864Z Preparing to unpack .../097-libijs-0.35_0.35-15.1build1_amd64.deb ...
stream	Install dependencies	2026-08-17T13:59:45.9065804Z Unpacking libijs-0.35:amd64 (0.35-15.1build1) ...
stream	Install dependencies	2026-08-17T13:59:45.9587806Z Selecting previously unselected package libjbig2dec0:amd64.
stream	Install dependencies	2026-08-17T13:59:45.9700207Z Preparing to unpack .../098-libjbig2dec0_0.20-1ubuntu0.24.04.1_amd64.deb ...
stream	Install dependencies	2026-08-17T13:59:45.9715779Z Unpacking libjbig2dec0:amd64 (0.20-1ubuntu0.24.04.1) ...
stream	Install dependencies	2026-08-17T13:59:45.9961269Z Selecting previously unselected package libpaper1:amd64.
stream	Install dependencies	2026-08-17T13:59:46.0077889Z Preparing to unpack .../099-libpaper1_1.1.29build1_amd64.deb ...
stream	Install dependencies	2026-08-17T13:59:46.0090052Z Unpacking libpaper1:amd64 (1.1.29build1) ...
stream	Install dependencies	2026-08-17T13:59:46.0331496Z Selecting previously unselected package libgs10:amd64.
stream	Install dependencies	2026-08-17T13:59:46.0445073Z Preparing to unpack .../100-libgs10_10.02.1~dfsg1-0ubuntu7.8_amd64.deb ...
stream	Install dependencies	2026-08-17T13:59:46.0552955Z Unpacking libgs10:amd64 (10.02.1~dfsg1-0ubuntu7.8) ...
stream	Install dependencies	2026-08-17T13:59:46.3340766Z Selecting previously unselected package ghostscript.
stream	Install dependencies	2026-08-17T13:59:46.3452556Z Preparing to unpack .../101-ghostscript_10.02.1~dfsg1-0ubuntu7.8_amd64.deb ...
stream	Install dependencies	2026-08-17T13:59:46.3465279Z Unpacking ghostscript (10.02.1~dfsg1-0ubuntu7.8) ...
stream	Install dependencies	2026-08-17T13:59:46.3723985Z Selecting previously unselected package imagemagick-6.q16.
stream	Install dependencies	2026-08-17T13:59:46.3836874Z Preparing to unpack .../102-imagemagick-6.q16_8%3a6.9.12.98+dfsg1-5.2build2_amd64.deb ...
stream	Install dependencies	2026-08-17T13:59:46.3847731Z Unpacking imagemagick-6.q16 (8:6.9.12.98+dfsg1-5.2build2) ...
stream	Install dependencies	2026-08-17T13:59:46.6984071Z Selecting previously unselected package imagemagick.
stream	Install dependencies	2026-08-17T13:59:46.7097950Z Preparing to unpack .../103-imagemagick_8%3a6.9.12.98+dfsg1-5.2build2_amd64.deb ...
stream	Install dependencies	2026-08-17T13:59:46.7108560Z Unpacking imagemagick (8:6.9.12.98+dfsg1-5.2build2) ...
stream	Install dependencies	2026-08-17T13:59:46.7271304Z Selecting previously unselected package libigdgmm12:amd64.
stream	Install dependencies	2026-08-17T13:59:46.7384020Z Preparing to unpack .../104-libigdgmm12_22.3.17+ds1-1ubuntu1_amd64.deb ...
stream	Install dependencies	2026-08-17T13:59:46.7399969Z Unpacking libigdgmm12:amd64 (22.3.17+ds1-1ubuntu1) ...
stream	Install dependencies	2026-08-17T13:59:46.7578305Z Selecting previously unselected package intel-media-va-driver:amd64.
stream	Install dependencies	2026-08-17T13:59:46.7688762Z Preparing to unpack .../105-intel-media-va-driver_24.1.0+dfsg1-1ubuntu0.2_amd64.deb ...
stream	Install dependencies	2026-08-17T13:59:46.7700183Z Unpacking intel-media-va-driver:amd64 (24.1.0+dfsg1-1ubuntu0.2) ...
stream	Install dependencies	2026-08-17T13:59:46.9388687Z Selecting previously unselected package libaacs0:amd64.
stream	Install dependencies	2026-08-17T13:59:46.9501224Z Preparing to unpack .../106-libaacs0_0.11.1-2build1_amd64.deb ...
stream	Install dependencies	2026-08-17T13:59:46.9517420Z Unpacking libaacs0:amd64 (0.11.1-2build1) ...
stream	Install dependencies	2026-08-17T13:59:46.9698733Z Selecting previously unselected package libbdplus0:amd64.
stream	Install dependencies	2026-08-17T13:59:46.9808507Z Preparing to unpack .../107-libbdplus0_0.2.0-3build1_amd64.deb ...
stream	Install dependencies	2026-08-17T13:59:46.9820284Z Unpacking libbdplus0:amd64 (0.2.0-3build1) ...
stream	Install dependencies	2026-08-17T13:59:46.9971853Z Selecting previously unselected package libdecor-0-plugin-1-gtk:amd64.
stream	Install dependencies	2026-08-17T13:59:47.0075956Z Preparing to unpack .../108-libdecor-0-plugin-1-gtk_0.2.2-1build2_amd64.deb ...
stream	Install dependencies	2026-08-17T13:59:47.0086196Z Unpacking libdecor-0-plugin-1-gtk:amd64 (0.2.2-1build2) ...
stream	Install dependencies	2026-08-17T13:59:47.0268045Z Selecting previously unselected package libdjvulibre-text.
stream	Install dependencies	2026-08-17T13:59:47.0369186Z Preparing to unpack .../109-libdjvulibre-text_3.5.28-2ubuntu0.24.04.2_all.deb ...
stream	Install dependencies	2026-08-17T13:59:47.0382477Z Unpacking libdjvulibre-text (3.5.28-2ubuntu0.24.04.2) ...
stream	Install dependencies	2026-08-17T13:59:47.1645135Z Selecting previously unselected package libdjvulibre21:amd64.
stream	Install dependencies	2026-08-17T13:59:47.1762974Z Preparing to unpack .../110-libdjvulibre21_3.5.28-2ubuntu0.24.04.2_amd64.deb ...
stream	Install dependencies	2026-08-17T13:59:47.1774821Z Unpacking libdjvulibre21:amd64 (3.5.28-2ubuntu0.24.04.2) ...
stream	Install dependencies	2026-08-17T13:59:47.2013492Z Selecting previously unselected package libegl-mesa0:amd64.
stream	Install dependencies	2026-08-17T13:59:47.2124486Z Preparing to unpack .../111-libegl-mesa0_25.2.8-0ubuntu0.24.04.2_amd64.deb ...
stream	Install dependencies	2026-08-17T13:59:47.2135406Z Unpacking libegl-mesa0:amd64 (25.2.8-0ubuntu0.24.04.2) ...
stream	Install dependencies	2026-08-17T13:59:47.4475871Z Selecting previously unselected package libimath-3-1-29t64:amd64.
stream	Install dependencies	2026-08-17T13:59:47.4596301Z Preparing to unpack .../112-libimath-3-1-29t64_3.1.9-3.1ubuntu2_amd64.deb ...
stream	Install dependencies	2026-08-17T13:59:47.5087926Z Unpacking libimath-3-1-29t64:amd64 (3.1.9-3.1ubuntu2) ...
stream	Install dependencies	2026-08-17T13:59:47.7008667Z Selecting previously unselected package libjxr0t64:amd64.
stream	Install dependencies	2026-08-17T13:59:47.7122580Z Preparing to unpack .../113-libjxr0t64_1.2~git20170615.f752187-5.1ubuntu2_amd64.deb ...
stream	Install dependencies	2026-08-17T13:59:47.7132650Z Unpacking libjxr0t64:amd64 (1.2~git20170615.f752187-5.1ubuntu2) ...
stream	Install dependencies	2026-08-17T13:59:47.7304636Z Selecting previously unselected package libjxr-tools.
stream	Install dependencies	2026-08-17T13:59:47.7416725Z Preparing to unpack .../114-libjxr-tools_1.2~git20170615.f752187-5.1ubuntu2_amd64.deb ...
stream	Install dependencies	2026-08-17T13:59:47.7426410Z Unpacking libjxr-tools (1.2~git20170615.f752187-5.1ubuntu2) ...
stream	Install dependencies	2026-08-17T13:59:47.9472025Z Selecting previously unselected package libopenexr-3-1-30:amd64.
stream	Install dependencies	2026-08-17T13:59:47.9584663Z Preparing to unpack .../115-libopenexr-3-1-30_3.1.5-5.1build3_amd64.deb ...
stream	Install dependencies	2026-08-17T13:59:47.9595461Z Unpacking libopenexr-3-1-30:amd64 (3.1.5-5.1build3) ...
stream	Install dependencies	2026-08-17T13:59:48.1603020Z Selecting previously unselected package libwmflite-0.2-7:amd64.
stream	Install dependencies	2026-08-17T13:59:48.1721789Z Preparing to unpack .../116-libwmflite-0.2-7_0.2.13-1.1build3_amd64.deb ...
stream	Install dependencies	2026-08-17T13:59:48.1733961Z Unpacking libwmflite-0.2-7:amd64 (0.2.13-1.1build3) ...
stream	Install dependencies	2026-08-17T13:59:48.1902883Z Selecting previously unselected package libmagickcore-6.q16-7-extra:amd64.
stream	Install dependencies	2026-08-17T13:59:48.2014321Z Preparing to unpack .../117-libmagickcore-6.q16-7-extra_8%3a6.9.12.98+dfsg1-5.2build2_amd64.deb ...
stream	Install dependencies	2026-08-17T13:59:48.2025620Z Unpacking libmagickcore-6.q16-7-extra:amd64 (8:6.9.12.98+dfsg1-5.2build2) ...
stream	Install dependencies	2026-08-17T13:59:48.2225435Z Selecting previously unselected package libnetpbm11t64:amd64.
stream	Install dependencies	2026-08-17T13:59:48.2335507Z Preparing to unpack .../118-libnetpbm11t64_2%3a11.05.02-1.1build1_amd64.deb ...
stream	Install dependencies	2026-08-17T13:59:48.2347951Z Unpacking libnetpbm11t64:amd64 (2:11.05.02-1.1build1) ...
stream	Install dependencies	2026-08-17T13:59:48.2512221Z Selecting previously unselected package libpaper-utils.
stream	Install dependencies	2026-08-17T13:59:48.2622010Z Preparing to unpack .../119-libpaper-utils_1.1.29build1_amd64.deb ...
stream	Install dependencies	2026-08-17T13:59:48.4317844Z Unpacking libpaper-utils (1.1.29build1) ...
stream	Install dependencies	2026-08-17T13:59:48.4494464Z Selecting previously unselected package librsvg2-common:amd64.
stream	Install dependencies	2026-08-17T13:59:48.4605718Z Preparing to unpack .../120-librsvg2-common_2.58.0+dfsg-1build1_amd64.deb ...
stream	Install dependencies	2026-08-17T13:59:48.4617377Z Unpacking librsvg2-common:amd64 (2.58.0+dfsg-1build1) ...
stream	Install dependencies	2026-08-17T13:59:48.4802852Z Selecting previously unselected package libxcb-xkb1:amd64.
stream	Install dependencies	2026-08-17T13:59:48.4913394Z Preparing to unpack .../121-libxcb-xkb1_1.15-1ubuntu2_amd64.deb ...
stream	Install dependencies	2026-08-17T13:59:48.4923428Z Unpacking libxcb-xkb1:amd64 (1.15-1ubuntu2) ...
stream	Install dependencies	2026-08-17T13:59:48.6602504Z Selecting previously unselected package libxkbcommon-x11-0:amd64.
stream	Install dependencies	2026-08-17T13:59:48.6713652Z Preparing to unpack .../122-libxkbcommon-x11-0_1.6.0-1build1_amd64.deb ...
stream	Install dependencies	2026-08-17T13:59:48.6723008Z Unpacking libxkbcommon-x11-0:amd64 (1.6.0-1build1) ...
stream	Install dependencies	2026-08-17T13:59:48.6904888Z Selecting previously unselected package libegl1:amd64.
stream	Install dependencies	2026-08-17T13:59:48.7017264Z Preparing to unpack .../123-libegl1_1.7.0-1build1_amd64.deb ...
stream	Install dependencies	2026-08-17T13:59:48.7027463Z Unpacking libegl1:amd64 (1.7.0-1build1) ...
stream	Install dependencies	2026-08-17T13:59:48.7200299Z Selecting previously unselected package libgles2:amd64.
stream	Install dependencies	2026-08-17T13:59:48.7311277Z Preparing to unpack .../124-libgles2_1.7.0-1build1_amd64.deb ...
stream	Install dependencies	2026-08-17T13:59:48.7328267Z Unpacking libgles2:amd64 (1.7.0-1build1) ...
stream	Install dependencies	2026-08-17T13:59:48.7481698Z Selecting previously unselected package mesa-utils-bin:amd64.
stream	Install dependencies	2026-08-17T13:59:48.7591868Z Preparing to unpack .../125-mesa-utils-bin_9.0.0-2_amd64.deb ...
stream	Install dependencies	2026-08-17T13:59:48.7603692Z Unpacking mesa-utils-bin:amd64 (9.0.0-2) ...
stream	Install dependencies	2026-08-17T13:59:48.7814655Z Selecting previously unselected package mesa-va-drivers:amd64.
stream	Install dependencies	2026-08-17T13:59:48.7925903Z Preparing to unpack .../126-mesa-va-drivers_25.2.8-0ubuntu0.24.04.2_amd64.deb ...
stream	Install dependencies	2026-08-17T13:59:48.7938065Z Unpacking mesa-va-drivers:amd64 (25.2.8-0ubuntu0.24.04.2) ...
stream	Install dependencies	2026-08-17T13:59:48.9678742Z Selecting previously unselected package mesa-vdpau-drivers:amd64.
stream	Install dependencies	2026-08-17T13:59:48.9790804Z Preparing to unpack .../127-mesa-vdpau-drivers_25.2.8-0ubuntu0.24.04.2_amd64.deb ...
stream	Install dependencies	2026-08-17T13:59:48.9804185Z Unpacking mesa-vdpau-drivers:amd64 (25.2.8-0ubuntu0.24.04.2) ...
stream	Install dependencies	2026-08-17T13:59:48.9956848Z Selecting previously unselected package netpbm.
stream	Install dependencies	2026-08-17T13:59:49.0069066Z Preparing to unpack .../128-netpbm_2%3a11.05.02-1.1build1_amd64.deb ...
stream	Install dependencies	2026-08-17T13:59:49.0087300Z Unpacking netpbm (2:11.05.02-1.1build1) ...
stream	Install dependencies	2026-08-17T13:59:49.3321162Z Selecting previously unselected package i965-va-driver:amd64.
stream	Install dependencies	2026-08-17T13:59:49.3435705Z Preparing to unpack .../129-i965-va-driver_2.4.1+dfsg1-1ubuntu0.2_amd64.deb ...
stream	Install dependencies	2026-08-17T13:59:49.3448387Z Unpacking i965-va-driver:amd64 (2.4.1+dfsg1-1ubuntu0.2) ...
stream	Install dependencies	2026-08-17T13:59:49.3802379Z Selecting previously unselected package va-driver-all:amd64.
stream	Install dependencies	2026-08-17T13:59:49.3916193Z Preparing to unpack .../130-va-driver-all_2.20.0-2ubuntu0.2_amd64.deb ...
stream	Install dependencies	2026-08-17T13:59:49.5794801Z Unpacking va-driver-all:amd64 (2.20.0-2ubuntu0.2) ...
stream	Install dependencies	2026-08-17T13:59:49.5957392Z Selecting previously unselected package vdpau-driver-all:amd64.
stream	Install dependencies	2026-08-17T13:59:49.6069020Z Preparing to unpack .../131-vdpau-driver-all_1.5-2build1_amd64.deb ...
stream	Install dependencies	2026-08-17T13:59:49.6082838Z Unpacking vdpau-driver-all:amd64 (1.5-2build1) ...
stream	Install dependencies	2026-08-17T13:59:49.6236442Z Selecting previously unselected package mesa-utils.
stream	Install dependencies	2026-08-17T13:59:49.6348564Z Preparing to unpack .../132-mesa-utils_9.0.0-2_amd64.deb ...
stream	Install dependencies	2026-08-17T13:59:49.6359007Z Unpacking mesa-utils (9.0.0-2) ...
stream	Install dependencies	2026-08-17T13:59:49.6604751Z Selecting previously unselected package pocketsphinx-en-us.
stream	Install dependencies	2026-08-17T13:59:49.6713011Z Preparing to unpack .../133-pocketsphinx-en-us_0.8.0+real5prealpha+1-15ubuntu5_all.deb ...
stream	Install dependencies	2026-08-17T13:59:49.6723561Z Unpacking pocketsphinx-en-us (0.8.0+real5prealpha+1-15ubuntu5) ...
stream	Install dependencies	2026-08-17T13:59:49.9653394Z Setting up libgme0:amd64 (0.6.3-7build1) ...
stream	Install dependencies	2026-08-17T13:59:49.9685967Z Setting up libchromaprint1:amd64 (1.5.1-5) ...
stream	Install dependencies	2026-08-17T13:59:49.9714712Z Setting up libssh-gcrypt-4:amd64 (0.10.6-2ubuntu0.4) ...
stream	Install dependencies	2026-08-17T13:59:49.9740175Z Setting up libhwy1t64:amd64 (1.0.7-8.1build1) ...
stream	Install dependencies	2026-08-17T13:59:49.9763234Z Setting up libudfread0:amd64 (1.1.2-1build1) ...
stream	Install dependencies	2026-08-17T13:59:49.9785308Z Setting up libpaper1:amd64 (1.1.29build1) ...
stream	Install dependencies	2026-08-17T13:59:50.0883290Z 
stream	Install dependencies	2026-08-17T13:59:50.0884262Z Creating config file /etc/papersize with new version
stream	Install dependencies	2026-08-17T13:59:50.1297298Z Setting up libraw1394-11:amd64 (2.1.2-2build3) ...
stream	Install dependencies	2026-08-17T13:59:50.1349326Z Setting up libspeex1:amd64 (1.2.1-2ubuntu2.24.04.1) ...
stream	Install dependencies	2026-08-17T13:59:50.1392548Z Setting up fonts-noto-mono (20201225-2) ...
stream	Install dependencies	2026-08-17T13:59:50.1435102Z Setting up libshine3:amd64 (3.1.1-2build1) ...
stream	Install dependencies	2026-08-17T13:59:50.1469901Z Setting up libcaca0:amd64 (0.99.beta20-4ubuntu0.2) ...
stream	Install dependencies	2026-08-17T13:59:50.1497683Z Setting up libvpl2 (2023.3.0-1build1) ...
stream	Install dependencies	2026-08-17T13:59:50.1522016Z Setting up libwmflite-0.2-7:amd64 (0.2.13-1.1build3) ...
stream	Install dependencies	2026-08-17T13:59:50.1547895Z Setting up libx264-164:amd64 (2:0.164.3108+git31e19f9-1) ...
stream	Install dependencies	2026-08-17T13:59:50.1578539Z Setting up libtwolame0:amd64 (0.4.0-2build3) ...
stream	Install dependencies	2026-08-17T13:59:50.1604611Z Setting up libmbedcrypto7t64:amd64 (2.28.8-1) ...
stream	Install dependencies	2026-08-17T13:59:50.1635651Z Setting up libgsm1:amd64 (1.0.22-1build1) ...
stream	Install dependencies	2026-08-17T13:59:50.1659373Z Setting up libsoxr0:amd64 (0.1.3-4build3) ...
stream	Install dependencies	2026-08-17T13:59:50.1681759Z Setting up libzix-0-0:amd64 (0.4.2-2build1) ...
stream	Install dependencies	2026-08-17T13:59:50.1706499Z Setting up libcodec2-1.2:amd64 (1.2.0-2build1) ...
stream	Install dependencies	2026-08-17T13:59:50.1731050Z Setting up libijs-0.35:amd64 (0.35-15.1build1) ...
stream	Install dependencies	2026-08-17T13:59:50.1752181Z Setting up libgs-common (10.02.1~dfsg1-0ubuntu7.8) ...
stream	Install dependencies	2026-08-17T13:59:50.1776960Z Setting up libmysofa1:amd64 (1.3.2+dfsg-2ubuntu2) ...
stream	Install dependencies	2026-08-17T13:59:50.1799844Z Setting up libxcb-shape0:amd64 (1.15-1ubuntu2) ...
stream	Install dependencies	2026-08-17T13:59:50.1822414Z Setting up libcdio19t64:amd64 (2.1.0-4.1ubuntu1.2) ...
stream	Install dependencies	2026-08-17T13:59:50.1848533Z Setting up libsvtav1enc1d1:amd64 (1.7.0+dfsg-2build1) ...
stream	Install dependencies	2026-08-17T13:59:50.1869766Z Setting up libpaper-utils (1.1.29build1) ...
stream	Install dependencies	2026-08-17T13:59:50.1890843Z Setting up libigdgmm12:amd64 (22.3.17+ds1-1ubuntu1) ...
stream	Install dependencies	2026-08-17T13:59:50.1920585Z Setting up libmpg123-0t64:amd64 (1.32.5-1ubuntu1.1) ...
stream	Install dependencies	2026-08-17T13:59:50.1943731Z Setting up libcjson1:amd64 (1.7.17-1) ...
stream	Install dependencies	2026-08-17T13:59:50.1967861Z Setting up libxvidcore4:amd64 (2:1.3.7-1build1) ...
stream	Install dependencies	2026-08-17T13:59:50.1989533Z Setting up libnetpbm11t64:amd64 (2:11.05.02-1.1build1) ...
stream	Install dependencies	2026-08-17T13:59:50.2012873Z Setting up librav1e0:amd64 (0.7.1-2) ...
stream	Install dependencies	2026-08-17T13:59:50.2041129Z Setting up poppler-data (0.4.12-1) ...
stream	Install dependencies	2026-08-17T13:59:50.2139323Z Setting up libcdio-cdda2t64:amd64 (10.2+2.0.1-1.1build2) ...
stream	Install dependencies	2026-08-17T13:59:50.2163580Z Setting up libxcb-xkb1:amd64 (1.15-1ubuntu2) ...
stream	Install dependencies	2026-08-17T13:59:50.2187001Z Setting up librist4:amd64 (0.2.10+dfsg-2) ...
stream	Install dependencies	2026-08-17T13:59:50.2212106Z Setting up librsvg2-2:amd64 (2.58.0+dfsg-1build1) ...
stream	Install dependencies	2026-08-17T13:59:50.2234344Z Setting up libblas3:amd64 (3.12.0-3build1.1) ...
stream	Install dependencies	2026-08-17T13:59:50.2283008Z update-alternatives: using /usr/lib/x86_64-linux-gnu/blas/libblas.so.3 to provide /usr/lib/x86_64-linux-gnu/libblas.so.3 (libblas.so.3-x86_64-linux-gnu) in auto mode
stream	Install dependencies	2026-08-17T13:59:50.2299907Z Setting up libegl-mesa0:amd64 (25.2.8-0ubuntu0.24.04.2) ...
stream	Install dependencies	2026-08-17T13:59:50.2324491Z Setting up libplacebo338:amd64 (6.338.2-2build1) ...
stream	Install dependencies	2026-08-17T13:59:50.2348039Z Setting up libgles2:amd64 (1.7.0-1build1) ...
stream	Install dependencies	2026-08-17T13:59:50.2370171Z Setting up libjxr0t64:amd64 (1.2~git20170615.f752187-5.1ubuntu2) ...
stream	Install dependencies	2026-08-17T13:59:50.2397011Z Setting up libva2:amd64 (2.20.0-2ubuntu0.2) ...
stream	Install dependencies	2026-08-17T13:59:50.2419861Z Setting up libjbig2dec0:amd64 (0.20-1ubuntu0.24.04.1) ...
stream	Install dependencies	2026-08-17T13:59:50.2446466Z Setting up xfonts-encodings (1:1.0.5-0ubuntu2) ...
stream	Install dependencies	2026-08-17T13:59:50.2469633Z Setting up libopus0:amd64 (1.4-1build1) ...
stream	Install dependencies	2026-08-17T13:59:50.2490894Z Setting up libcdio-paranoia2t64:amd64 (10.2+2.0.1-1.1build2) ...
stream	Install dependencies	2026-08-17T13:59:50.2515105Z Setting up libxkbcommon-x11-0:amd64 (1.6.0-1build1) ...
stream	Install dependencies	2026-08-17T13:59:50.2537543Z Setting up libdc1394-25:amd64 (2.2.6-4build1) ...
stream	Install dependencies	2026-08-17T13:59:50.2560141Z Setting up intel-media-va-driver:amd64 (24.1.0+dfsg1-1ubuntu0.2) ...
stream	Install dependencies	2026-08-17T13:59:50.2585717Z Setting up libxv1:amd64 (2:1.0.11-1.1build1) ...
stream	Install dependencies	2026-08-17T13:59:50.2610233Z Setting up libimath-3-1-29t64:amd64 (3.1.9-3.1ubuntu2) ...
stream	Install dependencies	2026-08-17T13:59:50.2632630Z Setting up libidn12:amd64 (1.42-1ubuntu0.1) ...
stream	Install dependencies	2026-08-17T13:59:50.2658183Z Setting up libunibreak5:amd64 (5.1-2build1) ...
stream	Install dependencies	2026-08-17T13:59:50.2683206Z Setting up libaacs0:amd64 (0.11.1-2build1) ...
stream	Install dependencies	2026-08-17T13:59:50.2707660Z Setting up libjxl0.7:amd64 (0.7.0-10.2ubuntu6.1) ...
stream	Install dependencies	2026-08-17T13:59:50.2751157Z Setting up librsvg2-common:amd64 (2.58.0+dfsg-1build1) ...
stream	Install dependencies	2026-08-17T13:59:50.2853730Z Setting up netpbm (2:11.05.02-1.1build1) ...
stream	Install dependencies	2026-08-17T13:59:50.2924195Z Setting up pocketsphinx-en-us (0.8.0+real5prealpha+1-15ubuntu5) ...
stream	Install dependencies	2026-08-17T13:59:50.2946054Z Setting up libx265-199:amd64 (3.5-2build1) ...
stream	Install dependencies	2026-08-17T13:59:50.2970244Z Setting up libsndio7.0:amd64 (1.9.0-0.3build3) ...
stream	Install dependencies	2026-08-17T13:59:50.2991319Z Setting up imagemagick-6.q16 (8:6.9.12.98+dfsg1-5.2build2) ...
stream	Install dependencies	2026-08-17T13:59:50.3047839Z update-alternatives: using /usr/bin/compare-im6.q16 to provide /usr/bin/compare (compare) in auto mode
stream	Install dependencies	2026-08-17T13:59:50.3081694Z update-alternatives: using /usr/bin/compare-im6.q16 to provide /usr/bin/compare-im6 (compare-im6) in auto mode
stream	Install dependencies	2026-08-17T13:59:50.3124931Z update-alternatives: using /usr/bin/animate-im6.q16 to provide /usr/bin/animate (animate) in auto mode
stream	Install dependencies	2026-08-17T13:59:50.3161245Z update-alternatives: using /usr/bin/animate-im6.q16 to provide /usr/bin/animate-im6 (animate-im6) in auto mode
stream	Install dependencies	2026-08-17T13:59:50.3200328Z update-alternatives: using /usr/bin/convert-im6.q16 to provide /usr/bin/convert (convert) in auto mode
stream	Install dependencies	2026-08-17T13:59:50.3232399Z update-alternatives: using /usr/bin/convert-im6.q16 to provide /usr/bin/convert-im6 (convert-im6) in auto mode
stream	Install dependencies	2026-08-17T13:59:50.3271218Z update-alternatives: using /usr/bin/composite-im6.q16 to provide /usr/bin/composite (composite) in auto mode
stream	Install dependencies	2026-08-17T13:59:50.3303742Z update-alternatives: using /usr/bin/composite-im6.q16 to provide /usr/bin/composite-im6 (composite-im6) in auto mode
stream	Install dependencies	2026-08-17T13:59:50.3341659Z update-alternatives: using /usr/bin/conjure-im6.q16 to provide /usr/bin/conjure (conjure) in auto mode
stream	Install dependencies	2026-08-17T13:59:50.3375829Z update-alternatives: using /usr/bin/conjure-im6.q16 to provide /usr/bin/conjure-im6 (conjure-im6) in auto mode
stream	Install dependencies	2026-08-17T13:59:50.3417564Z update-alternatives: using /usr/bin/import-im6.q16 to provide /usr/bin/import (import) in auto mode
stream	Install dependencies	2026-08-17T13:59:50.3450562Z update-alternatives: using /usr/bin/import-im6.q16 to provide /usr/bin/import-im6 (import-im6) in auto mode
stream	Install dependencies	2026-08-17T13:59:50.3488926Z update-alternatives: using /usr/bin/identify-im6.q16 to provide /usr/bin/identify (identify) in auto mode
stream	Install dependencies	2026-08-17T13:59:50.3521144Z update-alternatives: using /usr/bin/identify-im6.q16 to provide /usr/bin/identify-im6 (identify-im6) in auto mode
stream	Install dependencies	2026-08-17T13:59:50.3564011Z update-alternatives: using /usr/bin/stream-im6.q16 to provide /usr/bin/stream (stream) in auto mode
stream	Install dependencies	2026-08-17T13:59:50.3600230Z update-alternatives: using /usr/bin/stream-im6.q16 to provide /usr/bin/stream-im6 (stream-im6) in auto mode
stream	Install dependencies	2026-08-17T13:59:50.3642649Z update-alternatives: using /usr/bin/display-im6.q16 to provide /usr/bin/display (display) in auto mode
stream	Install dependencies	2026-08-17T13:59:50.3675354Z update-alternatives: using /usr/bin/display-im6.q16 to provide /usr/bin/display-im6 (display-im6) in auto mode
stream	Install dependencies	2026-08-17T13:59:50.3717807Z update-alternatives: using /usr/bin/montage-im6.q16 to provide /usr/bin/montage (montage) in auto mode
stream	Install dependencies	2026-08-17T13:59:50.3750711Z update-alternatives: using /usr/bin/montage-im6.q16 to provide /usr/bin/montage-im6 (montage-im6) in auto mode
stream	Install dependencies	2026-08-17T13:59:50.3792485Z update-alternatives: using /usr/bin/mogrify-im6.q16 to provide /usr/bin/mogrify (mogrify) in auto mode
stream	Install dependencies	2026-08-17T13:59:50.3826019Z update-alternatives: using /usr/bin/mogrify-im6.q16 to provide /usr/bin/mogrify-im6 (mogrify-im6) in auto mode
stream	Install dependencies	2026-08-17T13:59:50.3845820Z Setting up libbdplus0:amd64 (0.2.0-3build1) ...
stream	Install dependencies	2026-08-17T13:59:50.3876261Z Setting up libvidstab1.1:amd64 (1.1.0-2build1) ...
stream	Install dependencies	2026-08-17T13:59:50.3901010Z Setting up libvpx9:amd64 (1.14.0-1ubuntu2.3) ...
stream	Install dependencies	2026-08-17T13:59:50.3923574Z Setting up libsrt1.5-gnutls:amd64 (1.5.3-1build2) ...
stream	Install dependencies	2026-08-17T13:59:50.3947337Z Setting up libflite1:amd64 (2.2-6build3) ...
stream	Install dependencies	2026-08-17T13:59:50.3968014Z Setting up libdav1d7:amd64 (1.4.1-1build1) ...
stream	Install dependencies	2026-08-17T13:59:50.4002048Z Setting up libva-drm2:amd64 (2.20.0-2ubuntu0.2) ...
stream	Install dependencies	2026-08-17T13:59:50.4024214Z Setting up ocl-icd-libopencl1:amd64 (2.3.2-1build1) ...
stream	Install dependencies	2026-08-17T13:59:50.4049563Z Setting up libasyncns0:amd64 (0.8-6build4) ...
stream	Install dependencies	2026-08-17T13:59:50.4070943Z Setting up chromium-browser (2:1snap1-0ubuntu2) ...
stream	Install dependencies	2026-08-17T13:59:50.4204056Z Setting up libvdpau1:amd64 (1.5-2build1) ...
stream	Install dependencies	2026-08-17T13:59:50.4236242Z Setting up libbs2b0:amd64 (3.1.0+dfsg-7build1) ...
stream	Install dependencies	2026-08-17T13:59:50.4257287Z Setting up libtheora0:amd64 (1.1.1+dfsg.1-16.1build3) ...
stream	Install dependencies	2026-08-17T13:59:50.4283891Z Setting up libegl1:amd64 (1.7.0-1build1) ...
stream	Install dependencies	2026-08-17T13:59:50.4308261Z Setting up libdecor-0-0:amd64 (0.2.2-1build2) ...
stream	Install dependencies	2026-08-17T13:59:50.4334566Z Setting up libzimg2:amd64 (3.0.5+ds1-1build1) ...
stream	Install dependencies	2026-08-17T13:59:50.4367078Z Setting up libopenal-data (1:1.23.1-4build1) ...
stream	Install dependencies	2026-08-17T13:59:50.4405297Z Setting up libflac12t64:amd64 (1.4.3+ds-2.1ubuntu2) ...
stream	Install dependencies	2026-08-17T13:59:50.4554184Z Setting up fonts-droid-fallback (1:6.0.1r16-1.1build1) ...
stream	Install dependencies	2026-08-17T13:59:50.4715326Z Setting up libdjvulibre-text (3.5.28-2ubuntu0.24.04.2) ...
stream	Install dependencies	2026-08-17T13:59:50.4740428Z Setting up mesa-va-drivers:amd64 (25.2.8-0ubuntu0.24.04.2) ...
stream	Install dependencies	2026-08-17T13:59:50.4767702Z Setting up libbluray2:amd64 (1:1.3.4-1build1) ...
stream	Install dependencies	2026-08-17T13:59:50.4791576Z Setting up libsamplerate0:amd64 (0.2.2-4build1) ...
stream	Install dependencies	2026-08-17T13:59:50.4817712Z Setting up libva-x11-2:amd64 (2.20.0-2ubuntu0.2) ...
stream	Install dependencies	2026-08-17T13:59:50.4854000Z Setting up libdecor-0-plugin-1-gtk:amd64 (0.2.2-1build2) ...
stream	Install dependencies	2026-08-17T13:59:50.4878559Z Setting up libopenmpt0t64:amd64 (0.7.3-1.1build3) ...
stream	Install dependencies	2026-08-17T13:59:50.4924673Z Setting up libzvbi-common (0.2.42-2) ...
stream	Install dependencies	2026-08-17T13:59:50.4947694Z Setting up libmp3lame0:amd64 (3.100-6build1) ...
stream	Install dependencies	2026-08-17T13:59:50.4975259Z Setting up i965-va-driver:amd64 (2.4.1+dfsg1-1ubuntu0.2) ...
stream	Install dependencies	2026-08-17T13:59:50.4997982Z Setting up libvorbisenc2:amd64 (1.3.7-1build3) ...
stream	Install dependencies	2026-08-17T13:59:50.5022457Z Setting up libiec61883-0:amd64 (1.2.0-6build1) ...
stream	Install dependencies	2026-08-17T13:59:50.5044587Z Setting up libserd-0-0:amd64 (0.32.2-1) ...
stream	Install dependencies	2026-08-17T13:59:50.5066580Z Setting up libavc1394-0:amd64 (0.5.4-5build3) ...
stream	Install dependencies	2026-08-17T13:59:50.5094328Z Setting up mesa-vdpau-drivers:amd64 (25.2.8-0ubuntu0.24.04.2) ...
stream	Install dependencies	2026-08-17T13:59:50.5118371Z Setting up liblapack3:amd64 (3.12.0-3build1.1) ...
stream	Install dependencies	2026-08-17T13:59:50.5170214Z update-alternatives: using /usr/lib/x86_64-linux-gnu/lapack/liblapack.so.3 to provide /usr/lib/x86_64-linux-gnu/liblapack.so.3 (liblapack.so.3-x86_64-linux-gnu) in auto mode
stream	Install dependencies	2026-08-17T13:59:50.5188279Z Setting up libjxr-tools (1.2~git20170615.f752187-5.1ubuntu2) ...
stream	Install dependencies	2026-08-17T13:59:50.5218580Z Setting up libzvbi0t64:amd64 (0.2.42-2) ...
stream	Install dependencies	2026-08-17T13:59:50.5240782Z Setting up libdjvulibre21:amd64 (3.5.28-2ubuntu0.24.04.2) ...
stream	Install dependencies	2026-08-17T13:59:50.5263077Z Setting up libavutil58:amd64 (7:6.1.1-3ubuntu5) ...
stream	Install dependencies	2026-08-17T13:59:50.5286590Z Setting up libopenal1:amd64 (1:1.23.1-4build1) ...
stream	Install dependencies	2026-08-17T13:59:50.5307356Z Setting up xfonts-utils (1:7.7+6build3) ...
stream	Install dependencies	2026-08-17T13:59:50.5346644Z Setting up libass9:amd64 (1:0.17.1-2build1) ...
stream	Install dependencies	2026-08-17T13:59:50.5371089Z Setting up mesa-utils-bin:amd64 (9.0.0-2) ...
stream	Install dependencies	2026-08-17T13:59:50.5391436Z Setting up libswresample4:amd64 (7:6.1.1-3ubuntu5) ...
stream	Install dependencies	2026-08-17T13:59:50.5411201Z Setting up va-driver-all:amd64 (2.20.0-2ubuntu0.2) ...
stream	Install dependencies	2026-08-17T13:59:50.5431878Z Setting up libopenexr-3-1-30:amd64 (3.1.5-5.1build3) ...
stream	Install dependencies	2026-08-17T13:59:50.5462334Z Setting up imagemagick (8:6.9.12.98+dfsg1-5.2build2) ...
stream	Install dependencies	2026-08-17T13:59:50.5483250Z Setting up libavcodec60:amd64 (7:6.1.1-3ubuntu5) ...
stream	Install dependencies	2026-08-17T13:59:50.5503771Z Setting up librubberband2:amd64 (3.3.0+dfsg-2build1) ...
stream	Install dependencies	2026-08-17T13:59:50.5523778Z Setting up libjack-jackd2-0:amd64 (1.9.21~dfsg-3ubuntu3) ...
stream	Install dependencies	2026-08-17T13:59:50.5547392Z Setting up vdpau-driver-all:amd64 (1.5-2build1) ...
stream	Install dependencies	2026-08-17T13:59:50.5566778Z Setting up libsord-0-0:amd64 (0.16.16-2build1) ...
stream	Install dependencies	2026-08-17T13:59:50.5588367Z Setting up libpostproc57:amd64 (7:6.1.1-3ubuntu5) ...
stream	Install dependencies	2026-08-17T13:59:50.5616445Z Setting up libsratom-0-0:amd64 (0.6.16-1build1) ...
stream	Install dependencies	2026-08-17T13:59:50.5637412Z Setting up libmagickcore-6.q16-7-extra:amd64 (8:6.9.12.98+dfsg1-5.2build2) ...
stream	Install dependencies	2026-08-17T13:59:50.5663211Z Setting up libsndfile1:amd64 (1.2.2-1ubuntu5.24.04.1) ...
stream	Install dependencies	2026-08-17T13:59:50.5683839Z Setting up liblilv-0-0:amd64 (0.24.22-1build1) ...
stream	Install dependencies	2026-08-17T13:59:50.5704323Z Setting up libswscale7:amd64 (7:6.1.1-3ubuntu5) ...
stream	Install dependencies	2026-08-17T13:59:50.5729989Z Setting up libpulse0:amd64 (1:16.1+dfsg1-2ubuntu10.1) ...
stream	Install dependencies	2026-08-17T13:59:50.5794791Z Setting up libavformat60:amd64 (7:6.1.1-3ubuntu5) ...
stream	Install dependencies	2026-08-17T13:59:50.5819989Z Setting up fonts-urw-base35 (20200910-8) ...
stream	Install dependencies	2026-08-17T13:59:50.6829653Z Setting up libsphinxbase3t64:amd64 (0.8+5prealpha+1-17build2) ...
stream	Install dependencies	2026-08-17T13:59:50.6855625Z Setting up mesa-utils (9.0.0-2) ...
stream	Install dependencies	2026-08-17T13:59:50.6886702Z Setting up libsdl2-2.0-0:amd64 (2.30.0+dfsg-1ubuntu3.1) ...
stream	Install dependencies	2026-08-17T13:59:50.6909787Z Setting up libgs10-common (10.02.1~dfsg1-0ubuntu7.8) ...
stream	Install dependencies	2026-08-17T13:59:50.6933656Z Setting up libpocketsphinx3:amd64 (0.8.0+real5prealpha+1-15ubuntu5) ...
stream	Install dependencies	2026-08-17T13:59:50.6959087Z Setting up libgs10:amd64 (10.02.1~dfsg1-0ubuntu7.8) ...
stream	Install dependencies	2026-08-17T13:59:50.6984293Z Setting up ghostscript (10.02.1~dfsg1-0ubuntu7.8) ...
stream	Install dependencies	2026-08-17T13:59:50.7037675Z Setting up libavfilter9:amd64 (7:6.1.1-3ubuntu5) ...
stream	Install dependencies	2026-08-17T13:59:50.7066163Z Setting up libavdevice60:amd64 (7:6.1.1-3ubuntu5) ...
stream	Install dependencies	2026-08-17T13:59:50.7091730Z Setting up ffmpeg (7:6.1.1-3ubuntu5) ...
stream	Install dependencies	2026-08-17T13:59:50.7117878Z Processing triggers for hicolor-icon-theme (0.17-2) ...
stream	Install dependencies	2026-08-17T13:59:50.8773234Z Processing triggers for libc-bin (2.39-0ubuntu8.8) ...
stream	Install dependencies	2026-08-17T13:59:53.6202458Z Processing triggers for man-db (2.12.0-4build2) ...
stream	Install dependencies	2026-08-17T13:59:53.6224446Z Not building database; man-db/auto-update is not 'true'.
stream	Install dependencies	2026-08-17T13:59:53.6241554Z Processing triggers for libgdk-pixbuf-2.0-0:amd64 (2.42.10+dfsg-3ubuntu3.3) ...
stream	Install dependencies	2026-08-17T13:59:53.6676081Z Processing triggers for fontconfig (2.15.0-1.1ubuntu2) ...
stream	Install dependencies	2026-08-17T13:59:54.2960155Z 
stream	Install dependencies	2026-08-17T13:59:54.2960986Z Running kernel seems to be up-to-date.
stream	Install dependencies	2026-08-17T13:59:54.2961254Z 
stream	Install dependencies	2026-08-17T13:59:54.2961414Z No services need to be restarted.
stream	Install dependencies	2026-08-17T13:59:54.2961605Z 
stream	Install dependencies	2026-08-17T13:59:54.2961846Z No containers need to be restarted.
stream	Install dependencies	2026-08-17T13:59:54.2962067Z 
stream	Install dependencies	2026-08-17T13:59:54.2962205Z No user sessions are running outdated binaries.
stream	Install dependencies	2026-08-17T13:59:54.2962452Z 
stream	Install dependencies	2026-08-17T13:59:54.2962672Z No VM guests are running outdated hypervisor (qemu) binaries on this host.
stream	Check dependencies	﻿2026-08-17T13:59:54.9890681Z ##[group]Run echo "===== FFMPEG ====="
stream	Check dependencies	2026-08-17T13:59:54.9891097Z ^[[36;1mecho "===== FFMPEG ====="^[[0m
stream	Check dependencies	2026-08-17T13:59:54.9891451Z ^[[36;1mcommand -v ffmpeg^[[0m
stream	Check dependencies	2026-08-17T13:59:54.9891764Z ^[[36;1mffmpeg -version | head -1^[[0m
stream	Check dependencies	2026-08-17T13:59:54.9892081Z ^[[36;1m^[[0m
stream	Check dependencies	2026-08-17T13:59:54.9892351Z ^[[36;1mecho "===== CHROMIUM ====="^[[0m
stream	Check dependencies	2026-08-17T13:59:54.9892676Z ^[[36;1mcommand -v chromium^[[0m
stream	Check dependencies	2026-08-17T13:59:54.9892953Z ^[[36;1mchromium --version^[[0m
stream	Check dependencies	2026-08-17T13:59:54.9920431Z shell: /usr/bin/bash -e {0}
stream	Check dependencies	2026-08-17T13:59:54.9920800Z ##[endgroup]
stream	Check dependencies	2026-08-17T13:59:54.9962014Z ===== FFMPEG =====
stream	Check dependencies	2026-08-17T13:59:54.9962474Z /usr/bin/ffmpeg
stream	Check dependencies	2026-08-17T13:59:55.0311008Z ffmpeg version 6.1.1-3ubuntu5 Copyright (c) 2000-2023 the FFmpeg developers
stream	Check dependencies	2026-08-17T13:59:55.0325361Z ===== CHROMIUM =====
stream	Check dependencies	2026-08-17T13:59:55.0326057Z /snap/bin/chromium
stream	Check dependencies	2026-08-17T13:59:55.4863551Z Chromium 151.0.7922.108 snap
stream	Start Stream	﻿2026-08-17T13:59:55.4942666Z ##[group]Run set -e
stream	Start Stream	2026-08-17T13:59:55.4943053Z ^[[36;1mset -e^[[0m
stream	Start Stream	2026-08-17T13:59:55.4943319Z ^[[36;1m^[[0m
stream	Start Stream	2026-08-17T13:59:55.4943570Z ^[[36;1mecho "===== START XVFB ====="^[[0m
stream	Start Stream	2026-08-17T13:59:55.4943932Z ^[[36;1mXvfb :99 -screen 0 1280x720x24 &^[[0m
stream	Start Stream	2026-08-17T13:59:55.4944271Z ^[[36;1mexport DISPLAY=:99^[[0m
stream	Start Stream	2026-08-17T13:59:55.4944552Z ^[[36;1msleep 3^[[0m
stream	Start Stream	2026-08-17T13:59:55.4944803Z ^[[36;1m^[[0m
stream	Start Stream	2026-08-17T13:59:55.4945123Z ^[[36;1mecho "===== START HTTP SERVER ====="^[[0m
stream	Start Stream	2026-08-17T13:59:55.4945493Z ^[[36;1mpython3 -m http.server 8000 > http.log 2>&1 &^[[0m
stream	Start Stream	2026-08-17T13:59:55.4945844Z ^[[36;1msleep 3^[[0m
stream	Start Stream	2026-08-17T13:59:55.4946082Z ^[[36;1m^[[0m
stream	Start Stream	2026-08-17T13:59:55.4946336Z ^[[36;1mecho "===== START CHROMIUM 3D ====="^[[0m
stream	Start Stream	2026-08-17T13:59:55.4946646Z ^[[36;1m^[[0m
stream	Start Stream	2026-08-17T13:59:55.4946904Z ^[[36;1mchromium \^[[0m
stream	Start Stream	2026-08-17T13:59:55.4947179Z ^[[36;1m  --no-sandbox \^[[0m
stream	Start Stream	2026-08-17T13:59:55.4947473Z ^[[36;1m  --disable-dev-shm-usage \^[[0m
stream	Start Stream	2026-08-17T13:59:55.4947768Z ^[[36;1m  --disable-gpu-sandbox \^[[0m
stream	Start Stream	2026-08-17T13:59:55.4948423Z ^[[36;1m  --ignore-gpu-blocklist \^[[0m
stream	Start Stream	2026-08-17T13:59:55.4948743Z ^[[36;1m  --enable-webgl \^[[0m
stream	Start Stream	2026-08-17T13:59:55.4949054Z ^[[36;1m  --use-angle=swiftshader \^[[0m
stream	Start Stream	2026-08-17T13:59:55.4949366Z ^[[36;1m  --enable-unsafe-swiftshader \^[[0m
stream	Start Stream	2026-08-17T13:59:55.4949678Z ^[[36;1m  --window-size=1280,720 \^[[0m
stream	Start Stream	2026-08-17T13:59:55.4950030Z ^[[36;1m  --kiosk \^[[0m
stream	Start Stream	2026-08-17T13:59:55.4950451Z ^[[36;1m  --no-first-run \^[[0m
stream	Start Stream	2026-08-17T13:59:55.4950791Z ^[[36;1m  http://127.0.0.1:8000/index.html &^[[0m
stream	Start Stream	2026-08-17T13:59:55.4951098Z ^[[36;1m^[[0m
stream	Start Stream	2026-08-17T13:59:55.4951335Z ^[[36;1msleep 10^[[0m
stream	Start Stream	2026-08-17T13:59:55.4951610Z ^[[36;1m^[[0m
stream	Start Stream	2026-08-17T13:59:55.4951869Z ^[[36;1mecho "===== CHROMIUM PROCESS ====="^[[0m
stream	Start Stream	2026-08-17T13:59:55.4952229Z ^[[36;1mps aux | grep chromium | grep -v grep || true^[[0m
stream	Start Stream	2026-08-17T13:59:55.4952543Z ^[[36;1m^[[0m
stream	Start Stream	2026-08-17T13:59:55.4952771Z ^[[36;1mecho "===== SCREEN TEST ====="^[[0m
stream	Start Stream	2026-08-17T13:59:55.4953190Z ^[[36;1mimport -display :99 -window root /tmp/stream-screen.png^[[0m
stream	Start Stream	2026-08-17T13:59:55.4953574Z ^[[36;1mfile /tmp/stream-screen.png^[[0m
stream	Start Stream	2026-08-17T13:59:55.4953902Z ^[[36;1m^[[0m
stream	Start Stream	2026-08-17T13:59:55.4954150Z ^[[36;1mecho "===== START FFMPEG ====="^[[0m
stream	Start Stream	2026-08-17T13:59:55.4954422Z ^[[36;1m^[[0m
stream	Start Stream	2026-08-17T13:59:55.4954711Z ^[[36;1mffmpeg \^[[0m
stream	Start Stream	2026-08-17T13:59:55.4954964Z ^[[36;1m  -draw_mouse 0 \^[[0m
stream	Start Stream	2026-08-17T13:59:55.4955235Z ^[[36;1m  -f x11grab \^[[0m
stream	Start Stream	2026-08-17T13:59:55.4955520Z ^[[36;1m  -video_size 1280x720 \^[[0m
stream	Start Stream	2026-08-17T13:59:55.4955813Z ^[[36;1m  -framerate 30 \^[[0m
stream	Start Stream	2026-08-17T13:59:55.4956115Z ^[[36;1m  -i :99.0 \^[[0m
stream	Start Stream	2026-08-17T13:59:55.4956372Z ^[[36;1m  -f lavfi \^[[0m
stream	Start Stream	2026-08-17T13:59:55.4956676Z ^[[36;1m  -i anullsrc=channel_layout=stereo:sample_rate=44100 \^[[0m
stream	Start Stream	2026-08-17T13:59:55.4957051Z ^[[36;1m  -c:v libx264 \^[[0m
stream	Start Stream	2026-08-17T13:59:55.4957328Z ^[[36;1m  -preset ultrafast \^[[0m
stream	Start Stream	2026-08-17T13:59:55.4957690Z ^[[36;1m  -tune zerolatency \^[[0m
stream	Start Stream	2026-08-17T13:59:55.4957975Z ^[[36;1m  -pix_fmt yuv420p \^[[0m
stream	Start Stream	2026-08-17T13:59:55.4958466Z ^[[36;1m  -r 30 \^[[0m
stream	Start Stream	2026-08-17T13:59:55.4958752Z ^[[36;1m  -b:v 2500k \^[[0m
stream	Start Stream	2026-08-17T13:59:55.4959027Z ^[[36;1m  -maxrate 2500k \^[[0m
stream	Start Stream	2026-08-17T13:59:55.4959309Z ^[[36;1m  -bufsize 5000k \^[[0m
stream	Start Stream	2026-08-17T13:59:55.4959606Z ^[[36;1m  -g 60 \^[[0m
stream	Start Stream	2026-08-17T13:59:55.4959864Z ^[[36;1m  -c:a aac \^[[0m
stream	Start Stream	2026-08-17T13:59:55.4960138Z ^[[36;1m  -b:a 128k \^[[0m
stream	Start Stream	2026-08-17T13:59:55.4960398Z ^[[36;1m  -ar 44100 \^[[0m
stream	Start Stream	2026-08-17T13:59:55.4960639Z ^[[36;1m  -f flv \^[[0m
stream	Start Stream	2026-08-17T13:59:55.4961015Z ^[[36;1m  "rtmp://a.rtmp.youtube.com/live2/$YOUTUBE_STREAM_KEY"^[[0m
stream	Start Stream	2026-08-17T13:59:55.4987400Z shell: /usr/bin/bash -e {0}
stream	Start Stream	2026-08-17T13:59:55.4987734Z env:
stream	Start Stream	2026-08-17T13:59:55.4988869Z   YOUTUBE_STREAM_KEY: ***
stream	Start Stream	2026-08-17T13:59:55.4989244Z ##[endgroup]
stream	Start Stream	2026-08-17T13:59:55.5031008Z ===== START XVFB =====
stream	Start Stream	2026-08-17T13:59:55.7299475Z The XKEYBOARD keymap compiler (xkbcomp) reports:
stream	Start Stream	2026-08-17T13:59:55.7300267Z > Warning:          Could not resolve keysym XF86CameraAccessEnable
stream	Start Stream	2026-08-17T13:59:55.7300734Z > Warning:          Could not resolve keysym XF86CameraAccessDisable
stream	Start Stream	2026-08-17T13:59:55.7301443Z > Warning:          Could not resolve keysym XF86CameraAccessToggle
stream	Start Stream	2026-08-17T13:59:55.7301898Z > Warning:          Could not resolve keysym XF86NextElement
stream	Start Stream	2026-08-17T13:59:55.7302310Z > Warning:          Could not resolve keysym XF86PreviousElement
stream	Start Stream	2026-08-17T13:59:55.7302737Z > Warning:          Could not resolve keysym XF86AutopilotEngageToggle
stream	Start Stream	2026-08-17T13:59:55.7303169Z > Warning:          Could not resolve keysym XF86MarkWaypoint
stream	Start Stream	2026-08-17T13:59:55.7303587Z > Warning:          Could not resolve keysym XF86Sos
stream	Start Stream	2026-08-17T13:59:55.7303970Z > Warning:          Could not resolve keysym XF86NavChart
stream	Start Stream	2026-08-17T13:59:55.7304352Z > Warning:          Could not resolve keysym XF86FishingChart
stream	Start Stream	2026-08-17T13:59:55.7304787Z > Warning:          Could not resolve keysym XF86SingleRangeRadar
stream	Start Stream	2026-08-17T13:59:55.7305202Z > Warning:          Could not resolve keysym XF86DualRangeRadar
stream	Start Stream	2026-08-17T13:59:55.7305668Z > Warning:          Could not resolve keysym XF86RadarOverlay
stream	Start Stream	2026-08-17T13:59:55.7306374Z > Warning:          Could not resolve keysym XF86TraditionalSonar
stream	Start Stream	2026-08-17T13:59:55.7306793Z > Warning:          Could not resolve keysym XF86ClearvuSonar
stream	Start Stream	2026-08-17T13:59:55.7307211Z > Warning:          Could not resolve keysym XF86SidevuSonar
stream	Start Stream	2026-08-17T13:59:55.7307620Z > Warning:          Could not resolve keysym XF86NavInfo
stream	Start Stream	2026-08-17T13:59:55.7308019Z Errors from xkbcomp are not fatal to the X server
stream	Start Stream	2026-08-17T13:59:58.5054160Z ===== START HTTP SERVER =====
stream	Start Stream	2026-08-17T14:00:01.5069254Z ===== START CHROMIUM 3D =====
stream	Start Stream	2026-08-17T14:00:02.1852706Z [6949:7050:0817/140002.182887:ERROR:dbus/bus.cc:405] Failed to connect to the bus: Could not parse server address: Unknown address type (examples of valid types are "tcp" and on UNIX "unix")
stream	Start Stream	2026-08-17T14:00:02.1858271Z [6949:7050:0817/140002.185601:ERROR:dbus/bus.cc:405] Failed to connect to the bus: Could not parse server address: Unknown address type (examples of valid types are "tcp" and on UNIX "unix")
stream	Start Stream	2026-08-17T14:00:02.2643112Z [6949:7050:0817/140002.264002:ERROR:dbus/bus.cc:405] Failed to connect to the bus: Could not parse server address: Unknown address type (examples of valid types are "tcp" and on UNIX "unix")
stream	Start Stream	2026-08-17T14:00:02.4359070Z [6949:7050:0817/140002.435608:ERROR:dbus/bus.cc:405] Failed to connect to the bus: Could not parse server address: Unknown address type (examples of valid types are "tcp" and on UNIX "unix")
stream	Start Stream	2026-08-17T14:00:02.4361419Z [6949:7050:0817/140002.435626:ERROR:dbus/bus.cc:405] Failed to connect to the bus: Could not parse server address: Unknown address type (examples of valid types are "tcp" and on UNIX "unix")
stream	Start Stream	2026-08-17T14:00:02.5242547Z [6949:6949:0817/140002.523867:ERROR:dbus/object_proxy.cc:572] Failed to call method: org.freedesktop.DBus.NameHasOwner: object_path= /org/freedesktop/DBus: unknown error type: 
stream	Start Stream	2026-08-17T14:00:02.5244897Z [6949:6949:0817/140002.523896:ERROR:dbus/object_proxy.cc:572] Failed to call method: org.freedesktop.DBus.NameHasOwner: object_path= /org/freedesktop/DBus: unknown error type: 
stream	Start Stream	2026-08-17T14:00:02.5248068Z [6949:7050:0817/140002.523972:ERROR:dbus/bus.cc:405] Failed to connect to the bus: Could not parse server address: Unknown address type (examples of valid types are "tcp" and on UNIX "unix")
stream	Start Stream	2026-08-17T14:00:02.5320272Z [6949:6949:0817/140002.531743:ERROR:dbus/object_proxy.cc:572] Failed to call method: org.freedesktop.DBus.NameHasOwner: object_path= /org/freedesktop/DBus: unknown error type: 
stream	Start Stream	2026-08-17T14:00:02.5946148Z [6949:6949:0817/140002.594353:ERROR:dbus/object_proxy.cc:572] Failed to call method: org.freedesktop.DBus.NameHasOwner: object_path= /org/freedesktop/DBus: unknown error type: 
stream	Start Stream	2026-08-17T14:00:02.5966234Z [6949:7050:0817/140002.596359:ERROR:dbus/bus.cc:405] Failed to connect to the bus: Could not parse server address: Unknown address type (examples of valid types are "tcp" and on UNIX "unix")
stream	Start Stream	2026-08-17T14:00:02.6173356Z [6949:6949:0817/140002.617150:ERROR:dbus/object_proxy.cc:572] Failed to call method: org.freedesktop.DBus.NameHasOwner: object_path= /org/freedesktop/DBus: unknown error type: 
stream	Start Stream	2026-08-17T14:00:02.6176091Z [6949:6949:0817/140002.617197:ERROR:dbus/object_proxy.cc:572] Failed to call method: org.freedesktop.DBus.Properties.GetAll: object_path= /org/freedesktop/UPower/devices/DisplayDevice: org.freedesktop.DBus.Error.ServiceUnknown: The name org.freedesktop.UPower was not provided by any .service files
stream	Start Stream	2026-08-17T14:00:02.6305146Z [6949:7050:0817/140002.630327:ERROR:dbus/bus.cc:405] Failed to connect to the bus: Could not parse server address: Unknown address type (examples of valid types are "tcp" and on UNIX "unix")
stream	Start Stream	2026-08-17T14:00:02.6348344Z [6949:6949:0817/140002.634642:ERROR:dbus/object_proxy.cc:572] Failed to call method: org.freedesktop.DBus.NameHasOwner: object_path= /org/freedesktop/DBus: unknown error type: 
stream	Start Stream	2026-08-17T14:00:02.6352721Z [6949:7050:0817/140002.635144:ERROR:dbus/bus.cc:405] Failed to connect to the bus: Could not parse server address: Unknown address type (examples of valid types are "tcp" and on UNIX "unix")
stream	Start Stream	2026-08-17T14:00:02.6366471Z [6949:6949:0817/140002.636482:ERROR:dbus/object_proxy.cc:572] Failed to call method: org.freedesktop.DBus.NameHasOwner: object_path= /org/freedesktop/DBus: unknown error type: 
stream	Start Stream	2026-08-17T14:00:04.7834831Z [6949:7051:0817/140004.782133:ERROR:google_apis/gcm/engine/registration_request.cc:291] Registration response error message: PHONE_REGISTRATION_ERROR
stream	Start Stream	2026-08-17T14:00:04.7849595Z [6949:7051:0817/140004.784762:ERROR:google_apis/gcm/engine/registration_request.cc:291] Registration response error message: PHONE_REGISTRATION_ERROR
stream	Start Stream	2026-08-17T14:00:04.7865896Z [6949:7051:0817/140004.786487:ERROR:google_apis/gcm/engine/registration_request.cc:291] Registration response error message: PHONE_REGISTRATION_ERROR
stream	Start Stream	2026-08-17T14:00:11.5101476Z ===== CHROMIUM PROCESS =====
stream	Start Stream	2026-08-17T14:00:11.5224774Z runner      6949 10.8  1.6 55406636 273836 ?     Sl   14:00   0:01 /snap/chromium/3507/usr/lib/chromium-browser/chrome --password-store=basic --gtk-version=3 --disable-features=TFLiteLanguageDetectionEnabled --no-sandbox --disable-dev-shm-usage --disable-gpu-sandbox --ignore-gpu-blocklist --enable-webgl --use-angle=swiftshader --enable-unsafe-swiftshader --window-size=1280,720 --kiosk --no-first-run http://127.0.0.1:8000/index.html
stream	Start Stream	2026-08-17T14:00:11.5251462Z runner      7036  0.0  0.0 54541712 5752 ?       Sl   14:00   0:00 /snap/chromium/3507/usr/lib/chromium-browser/chrome_crashpad_handler --monitor-self --monitor-self-annotation=ptype=crashpad-handler --database=/home/runner/snap/chromium/common/chromium/Crash Reports --annotation=channel=snap --annotation=lsb-release=Ubuntu Core 24 --annotation=plat=Linux --annotation=prod=Chrome_Linux --annotation=ver=151.0.7922.108 --initial-client-fd=5 --shared-client-connection
stream	Start Stream	2026-08-17T14:00:11.5270623Z runner      7038  0.0  0.0 54533460 5632 ?       S    14:00   0:00 /snap/chromium/3507/usr/lib/chromium-browser/chrome_crashpad_handler --no-periodic-tasks --monitor-self-annotation=ptype=crashpad-handler --database=/home/runner/snap/chromium/common/chromium/Crash Reports --annotation=channel=snap --annotation=lsb-release=Ubuntu Core 24 --annotation=plat=Linux --annotation=prod=Chrome_Linux --annotation=ver=151.0.7922.108 --initial-client-fd=4 --shared-client-connection
stream	Start Stream	2026-08-17T14:00:11.5286816Z runner      7041  0.2  0.4 54883576 77568 ?      S    14:00   0:00 /snap/chromium/3507/usr/lib/chromium-browser/chrome --type=zygote --no-zygote-sandbox --no-sandbox --crashpad-handler-pid=7036 --enable-crash-reporter=,snap --change-stack-guard-on-fork=enable
stream	Start Stream	2026-08-17T14:00:11.5318707Z runner      7042  0.3  0.4 54883576 78216 ?      S    14:00   0:00 /snap/chromium/3507/usr/lib/chromium-browser/chrome --type=zygote --no-sandbox --crashpad-handler-pid=7036 --enable-crash-reporter=,snap --change-stack-guard-on-fork=enable
stream	Start Stream	2026-08-17T14:00:11.5342490Z runner      7071  240  1.9 55186604 324412 ?     Rl   14:00   0:22 /snap/chromium/3507/usr/lib/chromium-browser/chrome --type=gpu-process --disable-gpu-sandbox --no-sandbox --disable-dev-shm-usage --ozone-platform=x11 --use-angle=swiftshader --enable-unsafe-swiftshader --crashpad-handler-pid=7036 --enable-crash-reporter=,snap --disable-breakpad --change-stack-guard-on-fork=enable --gpu-preferences=YAAAAAAAAAAgAAAMAAAAAAAAAAAAAGAASAAAAAAAAAABAAAAAAAAAEAAAAAAAAAAAAAAAAAAAAACAAAAAAAAAAAAAAAAAAAAMAAAAAAAAAAwAAAAAAAAAAEAAAAAAAAACAAAAAAAAAAMAAAAAQAAAAAAAAAAAAAACAAAAAAAAAAIAAAAAAAAAA== --shared-files --metrics-shmem-handle=4,i,5532168429709701733,13426839903484203558,262144 --field-trial-handle=3,i,11151956904355747391,11794543861731028682,262144 --disable-features=TFLiteLanguageDetectionEnabled --variations-seed-version --pseudonymization-salt-handle=7,i,8533687968732610576,15834016444153173469,4 --trace-process-track-uuid=3190708988185955192
stream	Start Stream	2026-08-17T14:00:11.5391959Z runner      7074  1.2  0.7 54950744 121236 ?     Sl   14:00   0:00 /snap/chromium/3507/usr/lib/chromium-browser/chrome --type=utility --utility-sub-type=network.mojom.NetworkService --lang=en-US --service-sandbox-type=none --no-sandbox --disable-dev-shm-usage --use-angle=swiftshader --crashpad-handler-pid=7036 --enable-crash-reporter=,snap --change-stack-guard-on-fork=enable --shared-files=v8_context_snapshot_data:100 --metrics-shmem-handle=4,i,7075592127241541686,8203177440040232950,524288 --field-trial-handle=3,i,11151956904355747391,11794543861731028682,262144 --disable-features=TFLiteLanguageDetectionEnabled --variations-seed-version --pseudonymization-salt-handle=7,i,8533687968732610576,15834016444153173469,4 --trace-process-track-uuid=3190708989122997041
stream	Start Stream	2026-08-17T14:00:11.5399630Z runner      7086  0.1  0.3 54942040 54732 ?      Sl   14:00   0:00 /snap/chromium/3507/usr/lib/chromium-browser/chrome --type=utility --utility-sub-type=storage.mojom.StorageService --lang=en-US --service-sandbox-type=utility --no-sandbox --disable-dev-shm-usage --use-angle=swiftshader --crashpad-handler-pid=7036 --enable-crash-reporter=,snap --change-stack-guard-on-fork=enable --shared-files=v8_context_snapshot_data:100 --metrics-shmem-handle=4,i,2220098551190776283,10974756744749209449,524288 --field-trial-handle=3,i,11151956904355747391,11794543861731028682,262144 --disable-features=TFLiteLanguageDetectionEnabled --variations-seed-version --pseudonymization-salt-handle=7,i,8533687968732610576,15834016444153173469,4 --trace-process-track-uuid=3190708990060038890
stream	Start Stream	2026-08-17T14:00:11.5432380Z runner      7116  6.6  1.0 1518266056 167000 ?   Sl   14:00   0:00 /snap/chromium/3507/usr/lib/chromium-browser/chrome --type=renderer --top-chrome-webui --crashpad-handler-pid=7036 --enable-crash-reporter=,snap --change-stack-guard-on-fork=enable --no-sandbox --disable-dev-shm-usage --ozone-platform=x11 --lang=en-US --num-raster-threads=2 --enable-main-frame-before-activation --renderer-client-id=5 --time-ticks-at-unix-epoch=-1786975062643808 --launch-time-ticks=139809917 --shared-files=v8_context_snapshot_data:100 --metrics-shmem-handle=4,i,4805986113847694166,4380513162653249983,2097152 --field-trial-handle=3,i,11151956904355747391,11794543861731028682,262144 --disable-features=TFLiteLanguageDetectionEnabled --variations-seed-version --pseudonymization-salt-handle=7,i,8533687968732610576,15834016444153173469,4 --trace-process-track-uuid=3190708990997080739
stream	Start Stream	2026-08-17T14:00:11.5462287Z runner      7124  4.2  0.7 1518250036 127704 ?   Sl   14:00   0:00 /snap/chromium/3507/usr/lib/chromium-browser/chrome --type=renderer --crashpad-handler-pid=7036 --enable-crash-reporter=,snap --change-stack-guard-on-fork=enable --no-sandbox --disable-dev-shm-usage --ozone-platform=x11 --lang=en-US --num-raster-threads=2 --enable-main-frame-before-activation --renderer-client-id=6 --time-ticks-at-unix-epoch=-1786975062643808 --launch-time-ticks=139846135 --shared-files=v8_context_snapshot_data:100 --metrics-shmem-handle=4,i,3221673719103377451,17309753687052224786,2097152 --field-trial-handle=3,i,11151956904355747391,11794543861731028682,262144 --disable-features=TFLiteLanguageDetectionEnabled --variations-seed-version --pseudonymization-salt-handle=7,i,8533687968732610576,15834016444153173469,4 --trace-process-track-uuid=3190708991934122588
stream	Start Stream	2026-08-17T14:00:11.5492179Z runner      7145  0.2  0.4 1518239712 78464 ?    Sl   14:00   0:00 /snap/chromium/3507/usr/lib/chromium-browser/chrome --type=renderer --crashpad-handler-pid=7036 --enable-crash-reporter=,snap --change-stack-guard-on-fork=enable --no-sandbox --disable-dev-shm-usage --ozone-platform=x11 --lang=en-US --num-raster-threads=2 --enable-main-frame-before-activation --renderer-client-id=8 --time-ticks-at-unix-epoch=-1786975062643808 --launch-time-ticks=139895089 --shared-files=v8_context_snapshot_data:100 --metrics-shmem-handle=4,i,7285475258805390851,9327390793012304471,2097152 --field-trial-handle=3,i,11151956904355747391,11794543861731028682,262144 --disable-features=TFLiteLanguageDetectionEnabled --variations-seed-version --pseudonymization-salt-handle=7,i,8533687968732610576,15834016444153173469,4 --trace-process-track-uuid=3190708993808206286
stream	Start Stream	2026-08-17T14:00:11.5521554Z runner      7146  0.4  0.6 1518248420 105808 ?   Sl   14:00   0:00 /snap/chromium/3507/usr/lib/chromium-browser/chrome --type=renderer --crashpad-handler-pid=7036 --enable-crash-reporter=,snap --extension-process --change-stack-guard-on-fork=enable --no-sandbox --disable-dev-shm-usage --ozone-platform=x11 --lang=en-US --num-raster-threads=2 --enable-main-frame-before-activation --renderer-client-id=9 --time-ticks-at-unix-epoch=-1786975062643808 --launch-time-ticks=139898837 --shared-files=v8_context_snapshot_data:100 --metrics-shmem-handle=4,i,1926175866646286937,17347818608861335076,2097152 --field-trial-handle=3,i,11151956904355747391,11794543861731028682,262144 --disable-features=TFLiteLanguageDetectionEnabled --variations-seed-version --pseudonymization-salt-handle=7,i,8533687968732610576,15834016444153173469,4 --trace-process-track-uuid=3190708994745248135
stream	Start Stream	2026-08-17T14:00:11.5529249Z ===== SCREEN TEST =====
stream	Start Stream	2026-08-17T14:00:11.7042873Z /tmp/stream-screen.png: PNG image data, 1280 x 720, 8-bit colormap, non-interlaced
stream	Start Stream	2026-08-17T14:00:11.7059048Z ===== START FFMPEG =====
stream	Start Stream	2026-08-17T14:00:11.7493756Z ffmpeg version 6.1.1-3ubuntu5 Copyright (c) 2000-2023 the FFmpeg developers
stream	Start Stream	2026-08-17T14:00:11.7505745Z   built with gcc 13 (Ubuntu 13.2.0-23ubuntu3)
stream	Start Stream	2026-08-17T14:00:11.7512670Z   configuration: --prefix=/usr --extra-version=3ubuntu5 --toolchain=hardened --libdir=/usr/lib/x86_64-linux-gnu --incdir=/usr/include/x86_64-linux-gnu --arch=amd64 --enable-gpl --disable-stripping --disable-omx --enable-gnutls --enable-libaom --enable-libass --enable-libbs2b --enable-libcaca --enable-libcdio --enable-libcodec2 --enable-libdav1d --enable-libflite --enable-libfontconfig --enable-libfreetype --enable-libfribidi --enable-libglslang --enable-libgme --enable-libgsm --enable-libharfbuzz --enable-libmp3lame --enable-libmysofa --enable-libopenjpeg --enable-libopenmpt --enable-libopus --enable-librubberband --enable-libshine --enable-libsnappy --enable-libsoxr --enable-libspeex --enable-libtheora --enable-libtwolame --enable-libvidstab --enable-libvorbis --enable-libvpx --enable-libwebp --enable-libx265 --enable-libxml2 --enable-libxvid --enable-libzimg --enable-openal --enable-opencl --enable-opengl --disable-sndio --enable-libvpl --disable-libmfx --enable-libdc1394 --enable-libdrm --enable-libiec61883 --enable-chromaprint --enable-frei0r --enable-ladspa --enable-libbluray --enable-libjack --enable-libpulse --enable-librabbitmq --enable-librist --enable-libsrt --enable-libssh --enable-libsvtav1 --enable-libx264 --enable-libzmq --enable-libzvbi --enable-lv2 --enable-sdl2 --enable-libplacebo --enable-librav1e --enable-pocketsphinx --enable-librsvg --enable-libjxl --enable-shared
stream	Start Stream	2026-08-17T14:00:11.7519854Z   libavutil      58. 29.100 / 58. 29.100
stream	Start Stream	2026-08-17T14:00:11.7520486Z   libavcodec     60. 31.102 / 60. 31.102
stream	Start Stream	2026-08-17T14:00:11.7521072Z   libavformat    60. 16.100 / 60. 16.100
stream	Start Stream	2026-08-17T14:00:11.7521632Z   libavdevice    60.  3.100 / 60.  3.100
stream	Start Stream	2026-08-17T14:00:11.7522265Z   libavfilter     9. 12.100 /  9. 12.100
stream	Start Stream	2026-08-17T14:00:11.7522859Z   libswscale      7.  5.100 /  7.  5.100
stream	Start Stream	2026-08-17T14:00:11.7523446Z   libswresample   4. 12.100 /  4. 12.100
stream	Start Stream	2026-08-17T14:00:11.7524377Z   libpostproc    57.  3.100 / 57.  3.100
stream	Start Stream	2026-08-17T14:00:11.8224245Z [x11grab @ 0x5599ebc64100] Stream #0: not enough frames to estimate rate; consider increasing probesize
stream	Start Stream	2026-08-17T14:00:11.8225726Z Input #0, x11grab, from ':99.0':
stream	Start Stream	2026-08-17T14:00:11.8226484Z   Duration: N/A, start: 1786975211.783820, bitrate: 884736 kb/s
stream	Start Stream	2026-08-17T14:00:11.8227535Z   Stream #0:0: Video: rawvideo (BGR[0] / 0x524742), bgr0, 1280x720, 884736 kb/s, 30 fps, 1000k tbr, 1000k tbn
stream	Start Stream	2026-08-17T14:00:11.8263960Z Input #1, lavfi, from 'anullsrc=channel_layout=stereo:sample_rate=44100':
stream	Start Stream	2026-08-17T14:00:11.8264970Z   Duration: N/A, start: 0.000000, bitrate: 705 kb/s
stream	Start Stream	2026-08-17T14:00:11.8265889Z   Stream #1:0: Audio: pcm_u8, 44100 Hz, stereo, u8, 705 kb/s
stream	Start Stream	2026-08-17T14:00:12.1149207Z Stream mapping:
stream	Start Stream	2026-08-17T14:00:12.1179535Z   Stream #0:0 -> #0:0 (rawvideo (native) -> h264 (libx264))
stream	Start Stream	2026-08-17T14:00:12.1208987Z   Stream #1:0 -> #0:1 (pcm_u8 (native) -> aac (native))
stream	Start Stream	2026-08-17T14:00:12.1233305Z Press [q] to stop, [?] for help
stream	Start Stream	2026-08-17T14:00:12.1374014Z [libx264 @ 0x5599ebc71240] using cpu capabilities: MMX2 SSE2Fast SSSE3 SSE4.2 AVX FMA3 BMI2 AVX2 AVX512
stream	Start Stream	2026-08-17T14:00:12.1391366Z [libx264 @ 0x5599ebc71240] profile Constrained Baseline, level 3.1, 4:2:0, 8-bit
stream	Start Stream	2026-08-17T14:00:12.1426940Z [libx264 @ 0x5599ebc71240] 264 - core 164 r3108 31e19f9 - H.264/MPEG-4 AVC codec - Copyleft 2003-2023 - http://www.videolan.org/x264.html - options: cabac=0 ref=1 deblock=0:0:0 analyse=0:0 me=dia subme=0 psy=1 psy_rd=1.00:0.00 mixed_ref=0 me_range=16 chroma_me=1 trellis=0 8x8dct=0 cqm=0 deadzone=21,11 fast_pskip=1 chroma_qp_offset=0 threads=4 lookahead_threads=4 sliced_threads=1 slices=4 nr=0 decimate=1 interlaced=0 bluray_compat=0 constrained_intra=0 bframes=0 weightp=0 keyint=60 keyint_min=6 scenecut=0 intra_refresh=0 rc_lookahead=0 rc=cbr mbtree=0 bitrate=2500 ratetol=1.0 qcomp=0.60 qpmin=0 qpmax=69 qpstep=4 vbv_maxrate=2500 vbv_bufsize=5000 nal_hrd=none filler=0 ip_ratio=1.40 aq=0
stream	Start Stream	2026-08-17T14:00:12.1448885Z Output #0, flv, to 'rtmp://a.rtmp.youtube.com/live2/***':
stream	Start Stream	2026-08-17T14:00:12.1485711Z   Metadata:
stream	Start Stream	2026-08-17T14:00:12.1498683Z     encoder         : Lavf60.16.100
stream	Start Stream	2026-08-17T14:00:12.1499784Z   Stream #0:0: Video: h264 ([7][0][0][0] / 0x0007), yuv420p(tv, progressive), 1280x720, q=2-31, 2500 kb/s, 30 fps, 1k tbn
stream	Start Stream	2026-08-17T14:00:12.1500713Z     Metadata:
stream	Start Stream	2026-08-17T14:00:12.1501355Z       encoder         : Lavc60.31.102 libx264
stream	Start Stream	2026-08-17T14:00:12.1501937Z     Side data:
stream	Start Stream	2026-08-17T14:00:12.1502701Z       cpb: bitrate max/min/avg: 2500000/0/2500000 buffer size: 5000000 vbv_delay: N/A
stream	Start Stream	2026-08-17T14:00:12.1503556Z   Stream #0:1: Audio: aac (LC) ([10][0][0][0] / 0x000A), 44100 Hz, stereo, fltp, 128 kb/s
stream	Start Stream	2026-08-17T14:00:12.1504241Z     Metadata:
stream	Start Stream	2026-08-17T14:00:12.1504777Z       encoder         : Lavc60.31.102 aac
stream	Start Stream	2026-08-17T14:00:12.1533551Z frame=    0 fps=0.0 q=22.0 size=       0kB time=00:00:00.00 bitrate=N/A speed=   0x    
stream	Start Stream	2026-08-17T14:00:12.1543028Z [in#0/x11grab @ 0x5599ebc64000] Thread message queue blocking; consider raising the thread_queue_size option (current value: 8)
stream	Start Stream	2026-08-17T14:00:13.1469975Z frame=   28 fps=0.0 q=0.0 size=      67kB time=00:00:00.90 bitrate= 611.3kbits/s dup=8 drop=6 speed= 1.7x    
stream	Start Stream	2026-08-17T14:00:13.6442950Z frame=   43 fps= 42 q=0.0 size=     117kB time=00:00:01.40 bitrate= 686.6kbits/s dup=8 drop=6 speed=1.36x    
stream	Start Stream	2026-08-17T14:00:14.1444858Z frame=   58 fps= 38 q=0.0 size=     193kB time=00:00:01.90 bitrate= 833.0kbits/s dup=8 drop=6 speed=1.24x    
stream	Start Stream	2026-08-17T14:00:14.6495502Z frame=   73 fps= 36 q=0.0 size=     289kB time=00:00:02.40 bitrate= 987.8kbits/s dup=8 drop=6 speed=1.18x    
stream	Start Stream	2026-08-17T14:00:15.1623095Z frame=   88 fps= 35 q=0.0 size=     381kB time=00:00:02.90 bitrate=1076.9kbits/s dup=8 drop=6 speed=1.14x    
stream	Start Stream	2026-08-17T14:00:15.6612085Z frame=  103 fps= 34 q=0.0 size=     475kB time=00:00:03.43 bitrate=1133.6kbits/s dup=8 drop=6 speed=1.13x    
stream	Start Stream	2026-08-17T14:00:16.1634522Z frame=  118 fps= 33 q=0.0 size=     560kB time=00:00:03.93 bitrate=1165.6kbits/s dup=8 drop=6 speed=1.11x    
stream	Start Stream	2026-08-17T14:00:16.6699292Z frame=  133 fps= 33 q=0.0 size=     675kB time=00:00:04.43 bitrate=1247.5kbits/s dup=8 drop=6 speed= 1.1x    
stream	Start Stream	2026-08-17T14:00:17.1712832Z frame=  149 fps= 33 q=0.0 size=     793kB time=00:00:04.93 bitrate=1317.0kbits/s dup=8 drop=6 speed=1.08x    
stream	Start Stream	2026-08-17T14:00:17.6772082Z frame=  164 fps= 32 q=0.0 size=     887kB time=00:00:05.43 bitrate=1336.8kbits/s dup=8 drop=6 speed=1.07x    
stream	Start Stream	2026-08-17T14:00:18.1896121Z frame=  179 fps= 32 q=0.0 size=     962kB time=00:00:05.93 bitrate=1327.8kbits/s dup=8 drop=6 speed=1.07x    
stream	Start Stream	2026-08-17T14:00:18.6911410Z frame=  194 fps= 32 q=0.0 size=    1041kB time=00:00:06.46 bitrate=1319.1kbits/s dup=8 drop=6 speed=1.07x    
stream	Start Stream	2026-08-17T14:00:19.1990600Z frame=  209 fps= 32 q=0.0 size=    1139kB time=00:00:06.96 bitrate=1339.1kbits/s dup=8 drop=6 speed=1.06x    
stream	Start Stream	2026-08-17T14:00:19.6934343Z frame=  224 fps= 32 q=0.0 size=    1237kB time=00:00:07.46 bitrate=1357.3kbits/s dup=8 drop=6 speed=1.05x    
stream	Start Stream	2026-08-17T14:00:20.2029662Z frame=  240 fps= 32 q=0.0 size=    1329kB time=00:00:07.96 bitrate=1366.4kbits/s dup=8 drop=6 speed=1.05x    
stream	Start Stream	2026-08-17T14:00:20.7101863Z frame=  255 fps= 32 q=0.0 size=    1454kB time=00:00:08.46 bitrate=1406.7kbits/s dup=8 drop=6 speed=1.05x    
stream	Start Stream	2026-08-17T14:00:21.2190641Z frame=  270 fps= 31 q=0.0 size=    1593kB time=00:00:08.96 bitrate=1455.6kbits/s dup=8 drop=6 speed=1.04x    
stream	Start Stream	2026-08-17T14:00:21.7190658Z frame=  285 fps= 31 q=0.0 size=    1659kB time=00:00:09.46 bitrate=1435.9kbits/s dup=8 drop=6 speed=1.04x    
stream	Start Stream	2026-08-17T14:00:22.2302971Z frame=  300 fps= 31 q=0.0 size=    1713kB time=00:00:09.96 bitrate=1408.0kbits/s dup=8 drop=6 speed=1.04x    
stream	Start Stream	2026-08-17T14:00:22.7257986Z frame=  315 fps= 31 q=0.0 size=    1771kB time=00:00:10.50 bitrate=1382.0kbits/s dup=8 drop=6 speed=1.04x    
stream	Start Stream	2026-08-17T14:00:23.2350831Z frame=  331 fps= 31 q=0.0 size=    1839kB time=00:00:11.00 bitrate=1369.9kbits/s dup=8 drop=6 speed=1.04x    
stream	Start Stream	2026-08-17T14:00:23.7374750Z frame=  346 fps= 31 q=0.0 size=    1922kB time=00:00:11.50 bitrate=1369.3kbits/s dup=8 drop=6 speed=1.03x    
stream	Start Stream	2026-08-17T14:00:24.2461668Z frame=  361 fps= 31 q=0.0 size=    2004kB time=00:00:12.00 bitrate=1368.2kbits/s dup=8 drop=6 speed=1.03x    
stream	Start Stream	2026-08-17T14:00:24.7477913Z frame=  376 fps= 31 q=0.0 size=    2123kB time=00:00:12.50 bitrate=1391.1kbits/s dup=8 drop=6 speed=1.03x    
stream	Start Stream	2026-08-17T14:00:25.2573538Z frame=  391 fps= 31 q=0.0 size=    2227kB time=00:00:13.00 bitrate=1403.3kbits/s dup=8 drop=6 speed=1.03x    
stream	Start Stream	2026-08-17T14:00:25.7640701Z frame=  406 fps= 31 q=0.0 size=    2347kB time=00:00:13.53 bitrate=1420.5kbits/s dup=8 drop=6 speed=1.03x    
stream	Start Stream	2026-08-17T14:00:26.2589206Z frame=  421 fps= 31 q=0.0 size=    2444kB time=00:00:14.03 bitrate=1426.8kbits/s dup=8 drop=6 speed=1.03x    
stream	Start Stream	2026-08-17T14:00:26.7643191Z frame=  437 fps= 31 q=0.0 size=    2537kB time=00:00:14.53 bitrate=1430.2kbits/s dup=8 drop=6 speed=1.03x    
stream	Start Stream	2026-08-17T14:00:27.2646246Z frame=  451 fps= 31 q=0.0 size=    2604kB time=00:00:15.03 bitrate=1418.8kbits/s dup=8 drop=6 speed=1.03x    
stream	Start Stream	2026-08-17T14:00:27.7663035Z frame=  466 fps= 31 q=0.0 size=    2703kB time=00:00:15.53 bitrate=1425.5kbits/s dup=8 drop=6 speed=1.03x    
stream	Start Stream	2026-08-17T14:00:28.2715796Z frame=  482 fps= 31 q=0.0 size=    2813kB time=00:00:16.03 bitrate=1437.4kbits/s dup=8 drop=6 speed=1.02x    
stream	Start Stream	2026-08-17T14:00:28.7722355Z frame=  497 fps= 31 q=0.0 size=    2929kB time=00:00:16.53 bitrate=1451.4kbits/s dup=8 drop=6 speed=1.02x    
stream	Start Stream	2026-08-17T14:00:29.2125665Z frame=  512 fps= 31 q=0.0 size=    3012kB time=00:00:17.03 bitrate=1448.4kbits/s dup=8 drop=6 speed=1.02x    
stream	Start Stream	2026-08-17T14:00:29.2127245Z [6949:7051:0817/140029.212131:ERROR:google_apis/gcm/engine/registration_request.cc:291] Registration response error message: INTERNAL_SERVER_ERROR
stream	Start Stream	2026-08-17T14:00:29.7790552Z frame=  527 fps= 31 q=0.0 size=    3084kB time=00:00:17.53 bitrate=1440.9kbits/s dup=8 drop=6 speed=1.02x    
stream	Start Stream	2026-08-17T14:00:30.2837907Z frame=  542 fps= 31 q=0.0 size=    3142kB time=00:00:18.03 bitrate=1427.5kbits/s dup=8 drop=6 speed=1.02x    
stream	Start Stream	2026-08-17T14:00:30.7960991Z frame=  557 fps= 31 q=0.0 size=    3222kB time=00:00:18.53 bitrate=1424.1kbits/s dup=8 drop=6 speed=1.02x    
stream	Start Stream	2026-08-17T14:00:31.2970421Z frame=  572 fps= 31 q=0.0 size=    3266kB time=00:00:19.06 bitrate=1403.1kbits/s dup=8 drop=6 speed=1.02x    
stream	Start Stream	2026-08-17T14:00:31.8020469Z frame=  587 fps= 31 q=0.0 size=    3338kB time=00:00:19.56 bitrate=1397.6kbits/s dup=8 drop=6 speed=1.02x    
stream	Start Stream	2026-08-17T14:00:31.8046445Z frame=  603 fps= 31 q=0.0 size=    3432kB time=00:00:20.06 bitrate=1400.9kbits/s dup=8 drop=6 speed=1.02x    
stream	Start Stream	2026-08-17T14:00:31.8048060Z [6949:7051:0817/140031.804221:ERROR:google_apis/gcm/engine/registration_request.cc:291] Registration response error message: DEPRECATED_ENDPOINT
stream	Start Stream	2026-08-17T14:00:32.8180201Z frame=  618 fps= 31 q=0.0 size=    3550kB time=00:00:20.56 bitrate=1414.0kbits/s dup=8 drop=6 speed=1.02x    
stream	Start Stream	2026-08-17T14:00:33.3247470Z frame=  633 fps= 31 q=0.0 size=    3639kB time=00:00:21.06 bitrate=1414.9kbits/s dup=8 drop=6 speed=1.02x    
stream	Start Stream	2026-08-17T14:00:33.8285491Z frame=  648 fps= 31 q=0.0 size=    3737kB time=00:00:21.60 bitrate=1417.1kbits/s dup=8 drop=6 speed=1.02x    
stream	Start Stream	2026-08-17T14:00:34.3273032Z frame=  663 fps= 31 q=0.0 size=    3861kB time=00:00:22.10 bitrate=1431.1kbits/s dup=8 drop=6 speed=1.02x    
stream	Start Stream	2026-08-17T14:00:34.8290441Z frame=  679 fps= 31 q=0.0 size=    3973kB time=00:00:22.60 bitrate=1440.2kbits/s dup=8 drop=6 speed=1.02x    
stream	Start Stream	2026-08-17T14:00:35.3317738Z frame=  694 fps= 31 q=0.0 size=    4046kB time=00:00:23.10 bitrate=1434.8kbits/s dup=8 drop=6 speed=1.02x    
stream	Start Stream	2026-08-17T14:00:35.8390347Z frame=  709 fps= 31 q=0.0 size=    4129kB time=00:00:23.60 bitrate=1433.3kbits/s dup=8 drop=6 speed=1.02x    
stream	Start Stream	2026-08-17T14:00:36.3410472Z frame=  724 fps= 31 q=0.0 size=    4233kB time=00:00:24.10 bitrate=1439.0kbits/s dup=8 drop=6 speed=1.02x    
stream	Start Stream	2026-08-17T14:00:36.8432848Z frame=  739 fps= 31 q=0.0 size=    4357kB time=00:00:24.60 bitrate=1451.0kbits/s dup=8 drop=6 speed=1.02x    
stream	Start Stream	2026-08-17T14:00:37.3440373Z frame=  754 fps= 30 q=0.0 size=    4444kB time=00:00:25.10 bitrate=1450.4kbits/s dup=8 drop=6 speed=1.01x    
stream	Start Stream	2026-08-17T14:00:37.8510013Z frame=  769 fps= 30 q=0.0 size=    4576kB time=00:00:25.60 bitrate=1464.3kbits/s dup=8 drop=6 speed=1.01x    
stream	Start Stream	2026-08-17T14:00:38.3627930Z frame=  784 fps= 30 q=0.0 size=    4689kB time=00:00:26.10 bitrate=1471.6kbits/s dup=8 drop=6 speed=1.01x    
stream	Start Stream	2026-08-17T14:00:38.8680293Z frame=  799 fps= 30 q=0.0 size=    4766kB time=00:00:26.63 bitrate=1465.9kbits/s dup=8 drop=6 speed=1.01x    
stream	Start Stream	2026-08-17T14:00:39.3690196Z frame=  815 fps= 30 q=0.0 size=    4822kB time=00:00:27.13 bitrate=1455.7kbits/s dup=8 drop=6 speed=1.01x    
stream	Start Stream	2026-08-17T14:00:39.8709628Z frame=  830 fps= 30 q=0.0 size=    4866kB time=00:00:27.63 bitrate=1442.6kbits/s dup=8 drop=6 speed=1.01x    
stream	Start Stream	2026-08-17T14:00:40.3800160Z frame=  845 fps= 30 q=0.0 size=    4963kB time=00:00:28.13 bitrate=1445.3kbits/s dup=8 drop=6 speed=1.01x    
stream	Start Stream	2026-08-17T14:00:40.8913771Z frame=  860 fps= 30 q=0.0 size=    5049kB time=00:00:28.63 bitrate=1444.6kbits/s dup=8 drop=6 speed=1.01x    
stream	Start Stream	2026-08-17T14:00:41.3995798Z frame=  875 fps= 30 q=0.0 size=    5140kB time=00:00:29.16 bitrate=1443.6kbits/s dup=8 drop=6 speed=1.01x    
stream	Start Stream	2026-08-17T14:00:41.8983455Z frame=  890 fps= 30 q=0.0 size=    5228kB time=00:00:29.66 bitrate=1443.6kbits/s dup=8 drop=6 speed=1.01x    
stream	Start Stream	2026-08-17T14:00:42.3999979Z frame=  905 fps= 30 q=0.0 size=    5363kB time=00:00:30.16 bitrate=1456.3kbits/s dup=8 drop=6 speed=1.01x    
stream	Start Stream	2026-08-17T14:00:42.9019742Z frame=  921 fps= 30 q=0.0 size=    5476kB time=00:00:30.66 bitrate=1462.9kbits/s dup=8 drop=6 speed=1.01x    
stream	Start Stream	2026-08-17T14:00:43.4062209Z frame=  936 fps= 30 q=0.0 size=    5558kB time=00:00:31.16 bitrate=1461.0kbits/s dup=8 drop=6 speed=1.01x    
stream	Start Stream	2026-08-17T14:00:43.9153467Z frame=  951 fps= 30 q=0.0 size=    5635kB time=00:00:31.66 bitrate=1457.9kbits/s dup=8 drop=6 speed=1.01x    
stream	Start Stream	2026-08-17T14:00:44.4251265Z frame=  966 fps= 30 q=0.0 size=    5737kB time=00:00:32.16 bitrate=1461.0kbits/s dup=8 drop=6 speed=1.01x    
stream	Start Stream	2026-08-17T14:00:44.9317897Z frame=  981 fps= 30 q=0.0 size=    5835kB time=00:00:32.70 bitrate=1461.9kbits/s dup=8 drop=6 speed=1.01x    
stream	Start Stream	2026-08-17T14:00:45.4319968Z frame=  996 fps= 30 q=0.0 size=    5943kB time=00:00:33.20 bitrate=1466.5kbits/s dup=8 drop=6 speed=1.01x    
stream	Start Stream	2026-08-17T14:00:45.9342531Z frame= 1012 fps= 30 q=0.0 size=    6051kB time=00:00:33.70 bitrate=1470.9kbits/s dup=8 drop=6 speed=1.01x    
stream	Start Stream	2026-08-17T14:00:46.4348799Z frame= 1027 fps= 30 q=0.0 size=    6146kB time=00:00:34.20 bitrate=1472.1kbits/s dup=8 drop=6 speed=1.01x    
stream	Start Stream	2026-08-17T14:00:46.9389950Z frame= 1042 fps= 30 q=0.0 size=    6208kB time=00:00:34.70 bitrate=1465.5kbits/s dup=8 drop=6 speed=1.01x    
stream	Start Stream	2026-08-17T14:00:47.4419872Z frame= 1057 fps= 30 q=0.0 size=    6272kB time=00:00:35.20 bitrate=1459.8kbits/s dup=8 drop=6 speed=1.01x    
stream	Start Stream	2026-08-17T14:00:47.9460435Z frame= 1072 fps= 30 q=0.0 size=    6331kB time=00:00:35.70 bitrate=1452.9kbits/s dup=8 drop=6 speed=1.01x    
stream	Start Stream	2026-08-17T14:00:48.4520317Z frame= 1087 fps= 30 q=0.0 size=    6400kB time=00:00:36.20 bitrate=1448.4kbits/s dup=8 drop=6 speed=1.01x    
stream	Start Stream	2026-08-17T14:00:48.9603866Z frame= 1102 fps= 30 q=0.0 size=    6485kB time=00:00:36.70 bitrate=1447.6kbits/s dup=8 drop=6 speed=1.01x    
stream	Start Stream	2026-08-17T14:00:49.4624583Z frame= 1117 fps= 30 q=0.0 size=    6583kB time=00:00:37.23 bitrate=1448.5kbits/s dup=8 drop=6 speed=1.01x    
stream	Start Stream	2026-08-17T14:00:49.9600638Z frame= 1132 fps= 30 q=0.0 size=    6685kB time=00:00:37.73 bitrate=1451.3kbits/s dup=8 drop=6 speed=1.01x    
stream	Start Stream	2026-08-17T14:00:50.4690945Z frame= 1148 fps= 30 q=0.0 size=    6809kB time=00:00:38.23 bitrate=1458.9kbits/s dup=8 drop=6 speed=1.01x    
stream	Start Stream	2026-08-17T14:00:50.9790194Z frame= 1163 fps= 30 q=0.0 size=    6920kB time=00:00:38.73 bitrate=1463.6kbits/s dup=8 drop=6 speed=1.01x    
stream	Start Stream	2026-08-17T14:00:51.4819926Z frame= 1178 fps= 30 q=0.0 size=    7025kB time=00:00:39.23 bitrate=1466.9kbits/s dup=8 drop=6 speed=1.01x    
stream	Start Stream	2026-08-17T14:00:51.9944690Z frame= 1193 fps= 30 q=0.0 size=    7109kB time=00:00:39.73 bitrate=1465.8kbits/s dup=8 drop=6 speed=1.01x    
stream	Start Stream	2026-08-17T14:00:52.4909731Z frame= 1208 fps= 30 q=0.0 size=    7196kB time=00:00:40.26 bitrate=1464.0kbits/s dup=8 drop=6 speed=1.01x    
stream	Start Stream	2026-08-17T14:00:52.9916152Z frame= 1224 fps= 30 q=0.0 size=    7294kB time=00:00:40.76 bitrate=1465.7kbits/s dup=8 drop=6 speed=1.01x    
stream	Start Stream	2026-08-17T14:00:53.4946253Z frame= 1239 fps= 30 q=0.0 size=    7392kB time=00:00:41.26 bitrate=1467.5kbits/s dup=8 drop=6 speed=1.01x    
stream	Start Stream	2026-08-17T14:00:54.0035700Z frame= 1254 fps= 30 q=0.0 size=    7480kB time=00:00:41.76 bitrate=1467.2kbits/s dup=8 drop=6 speed=1.01x    
stream	Start Stream	2026-08-17T14:00:54.5120006Z frame= 1269 fps= 30 q=0.0 size=    7591kB time=00:00:42.26 bitrate=1471.2kbits/s dup=8 drop=6 speed=1.01x    
stream	Start Stream	2026-08-17T14:00:55.0169381Z frame= 1284 fps= 30 q=0.0 size=    7725kB time=00:00:42.76 bitrate=1479.8kbits/s dup=8 drop=6 speed=1.01x    
stream	Start Stream	2026-08-17T14:00:55.5291671Z frame= 1299 fps= 30 q=0.0 size=    7806kB time=00:00:43.26 bitrate=1478.1kbits/s dup=8 drop=6 speed=1.01x    
stream	Start Stream	2026-08-17T14:00:56.0254451Z frame= 1314 fps= 30 q=0.0 size=    7857kB time=00:00:43.80 bitrate=1469.5kbits/s dup=8 drop=6 speed=1.01x    
stream	Start Stream	2026-08-17T14:00:56.5278388Z frame= 1330 fps= 30 q=0.0 size=    7917kB time=00:00:44.30 bitrate=1464.1kbits/s dup=8 drop=6 speed=1.01x    
stream	Start Stream	2026-08-17T14:00:57.0279489Z frame= 1344 fps= 30 q=0.0 size=    7986kB time=00:00:44.80 bitrate=1460.3kbits/s dup=8 drop=6 speed=1.01x    
stream	Start Stream	2026-08-17T14:00:57.5296377Z frame= 1360 fps= 30 q=0.0 size=    8060kB time=00:00:45.30 bitrate=1457.6kbits/s dup=8 drop=6 speed=1.01x    
stream	Start Stream	2026-08-17T14:00:58.0325053Z frame= 1375 fps= 30 q=0.0 size=    8161kB time=00:00:45.80 bitrate=1459.7kbits/s dup=8 drop=6 speed=1.01x    
stream	Start Stream	2026-08-17T14:00:58.5410059Z frame= 1390 fps= 30 q=0.0 size=    8266kB time=00:00:46.30 bitrate=1462.5kbits/s dup=8 drop=6 speed=1.01x    
stream	Start Stream	2026-08-17T14:00:59.0416057Z frame= 1405 fps= 30 q=0.0 size=    8387kB time=00:00:46.80 bitrate=1468.0kbits/s dup=8 drop=6 speed=1.01x    
stream	Start Stream	2026-08-17T14:00:59.5441543Z frame= 1420 fps= 30 q=0.0 size=    8503kB time=00:00:47.30 bitrate=1472.6kbits/s dup=8 drop=6 speed=1.01x    
stream	Start Stream	2026-08-17T14:01:00.0480278Z frame= 1435 fps= 30 q=0.0 size=    8589kB time=00:00:47.80 bitrate=1472.0kbits/s dup=8 drop=6 speed=1.01x    
stream	Start Stream	2026-08-17T14:01:00.5585979Z frame= 1450 fps= 30 q=0.0 size=    8678kB time=00:00:48.30 bitrate=1471.9kbits/s dup=8 drop=6 speed=1.01x    
stream	Start Stream	2026-08-17T14:01:01.0587447Z frame= 1465 fps= 30 q=0.0 size=    8755kB time=00:00:48.83 bitrate=1468.8kbits/s dup=8 drop=6 speed=1.01x    
stream	Start Stream	2026-08-17T14:01:01.5610109Z frame= 1481 fps= 30 q=0.0 size=    8868kB time=00:00:49.33 bitrate=1472.5kbits/s dup=8 drop=6 speed=1.01x    
stream	Start Stream	2026-08-17T14:01:02.0698417Z frame= 1496 fps= 30 q=0.0 size=    8969kB time=00:00:49.83 bitrate=1474.3kbits/s dup=8 drop=6 speed=1.01x    
stream	Start Stream	2026-08-17T14:01:02.5744556Z frame= 1511 fps= 30 q=0.0 size=    9099kB time=00:00:50.33 bitrate=1481.0kbits/s dup=8 drop=6 speed=1.01x    
stream	Start Stream	2026-08-17T14:01:03.0819676Z frame= 1526 fps= 30 q=0.0 size=    9180kB time=00:00:50.83 bitrate=1479.3kbits/s dup=8 drop=6 speed=1.01x    
stream	Start Stream	2026-08-17T14:01:03.5822966Z frame= 1541 fps= 30 q=0.0 size=    9241kB time=00:00:51.33 bitrate=1474.7kbits/s dup=8 drop=6 speed=1.01x    
stream	Start Stream	2026-08-17T14:01:04.0936292Z frame= 1556 fps= 30 q=0.0 size=    9309kB time=00:00:51.83 bitrate=1471.3kbits/s dup=8 drop=6 speed=1.01x    
stream	Start Stream	2026-08-17T14:01:04.5975784Z frame= 1571 fps= 30 q=0.0 size=    9377kB time=00:00:52.36 bitrate=1466.9kbits/s dup=8 drop=6 speed=1.01x    
stream	Start Stream	2026-08-17T14:01:05.0973068Z frame= 1586 fps= 30 q=0.0 size=    9422kB time=00:00:52.86 bitrate=1459.9kbits/s dup=8 drop=6 speed=1.01x    
stream	Start Stream	2026-08-17T14:01:05.6001720Z frame= 1602 fps= 30 q=0.0 size=    9505kB time=00:00:53.36 bitrate=1459.1kbits/s dup=8 drop=6 speed=1.01x    
stream	Start Stream	2026-08-17T14:01:06.1018533Z frame= 1617 fps= 30 q=0.0 size=    9595kB time=00:00:53.86 bitrate=1459.2kbits/s dup=8 drop=6 speed=1.01x    
stream	Start Stream	2026-08-17T14:01:06.6046086Z frame= 1632 fps= 30 q=0.0 size=    9726kB time=00:00:54.36 bitrate=1465.5kbits/s dup=8 drop=6 speed=1.01x    
stream	Start Stream	2026-08-17T14:01:07.1140015Z frame= 1647 fps= 30 q=0.0 size=    9819kB time=00:00:54.86 bitrate=1466.1kbits/s dup=8 drop=6 speed=1.01x    
stream	Start Stream	2026-08-17T14:01:07.6217728Z frame= 1662 fps= 30 q=0.0 size=    9914kB time=00:00:55.36 bitrate=1466.8kbits/s dup=8 drop=6 speed=1.01x    
stream	Start Stream	2026-08-17T14:01:08.1269680Z frame= 1678 fps= 30 q=0.0 size=   10031kB time=00:00:55.90 bitrate=1470.1kbits/s dup=8 drop=6 speed=1.01x    
stream	Start Stream	2026-08-17T14:01:08.6235142Z frame= 1692 fps= 30 q=0.0 size=   10133kB time=00:00:56.40 bitrate=1471.8kbits/s dup=8 drop=6 speed=1.01x    
stream	Start Stream	2026-08-17T14:01:09.1290665Z frame= 1708 fps= 30 q=0.0 size=   10217kB time=00:00:56.90 bitrate=1471.0kbits/s dup=8 drop=6 speed=1.01x    
stream	Start Stream	2026-08-17T14:01:09.6297379Z frame= 1722 fps= 30 q=0.0 size=   10280kB time=00:00:57.40 bitrate=1467.1kbits/s dup=8 drop=6 speed=1.01x    
stream	Start Stream	2026-08-17T14:01:10.1374561Z frame= 1738 fps= 30 q=0.0 size=   10391kB time=00:00:57.90 bitrate=1470.2kbits/s dup=8 drop=6 speed=1.01x    
stream	Start Stream	2026-08-17T14:01:10.6381166Z frame= 1753 fps= 30 q=0.0 size=   10511kB time=00:00:58.40 bitrate=1474.4kbits/s dup=8 drop=6 speed=1.01x    
stream	Start Stream	2026-08-17T14:01:11.1446400Z frame= 1768 fps= 30 q=0.0 size=   10590kB time=00:00:58.90 bitrate=1472.9kbits/s dup=8 drop=6 speed=1.01x    
stream	Start Stream	2026-08-17T14:01:11.6469957Z frame= 1783 fps= 30 q=0.0 size=   10707kB time=00:00:59.40 bitrate=1476.6kbits/s dup=8 drop=6 speed=1.01x    
stream	Start Stream	2026-08-17T14:01:12.1569633Z frame= 1798 fps= 30 q=0.0 size=   10826kB time=00:00:59.90 bitrate=1480.5kbits/s dup=8 drop=6 speed=1.01x    
stream	Start Stream	2026-08-17T14:01:12.6635829Z frame= 1813 fps= 30 q=0.0 size=   10912kB time=00:01:00.43 bitrate=1479.1kbits/s dup=8 drop=6 speed=1.01x    
stream	Start Stream	2026-08-17T14:01:13.1656445Z frame= 1828 fps= 30 q=0.0 size=   10966kB time=00:01:00.93 bitrate=1474.3kbits/s dup=8 drop=6 speed=1.01x    
stream	Start Stream	2026-08-17T14:01:13.6693448Z frame= 1843 fps= 30 q=0.0 size=   11008kB time=00:01:01.43 bitrate=1467.9kbits/s dup=8 drop=6 speed=1.01x    
stream	Start Stream	2026-08-17T14:01:13.8000127Z frame= 1859 fps= 30 q=0.0 size=   11078kB time=00:01:01.93 bitrate=1465.3kbits/s dup=8 drop=6 speed=1.01x    
stream	Start Stream	2026-08-17T14:01:13.8002196Z [6949:7051:0817/140113.799689:ERROR:google_apis/gcm/engine/registration_request.cc:291] Registration response error message: DEPRECATED_ENDPOINT
stream	Start Stream	2026-08-17T14:01:14.6815599Z frame= 1874 fps= 30 q=0.0 size=   11174kB time=00:01:02.43 bitrate=1466.1kbits/s dup=8 drop=6 speed=1.01x    
stream	Start Stream	2026-08-17T14:01:15.1949919Z frame= 1889 fps= 30 q=0.0 size=   11268kB time=00:01:02.93 bitrate=1466.8kbits/s dup=8 drop=6 speed=1.01x    
stream	Start Stream	2026-08-17T14:01:15.6913197Z frame= 1904 fps= 30 q=0.0 size=   11357kB time=00:01:03.46 bitrate=1465.9kbits/s dup=8 drop=6 speed=1.01x    
stream	Start Stream	2026-08-17T14:01:16.2019931Z frame= 1920 fps= 30 q=0.0 size=   11474kB time=00:01:03.96 bitrate=1469.4kbits/s dup=8 drop=6 speed=1.01x    
stream	Start Stream	2026-08-17T14:01:16.7039765Z frame= 1935 fps= 30 q=0.0 size=   11618kB time=00:01:04.46 bitrate=1476.4kbits/s dup=8 drop=6 speed=1.01x    
stream	Start Stream	2026-08-17T14:01:17.2036086Z frame= 1950 fps= 30 q=0.0 size=   11704kB time=00:01:04.96 bitrate=1475.8kbits/s dup=8 drop=6 speed=1.01x    
stream	Start Stream	2026-08-17T14:01:17.7086741Z frame= 1965 fps= 30 q=0.0 size=   11781kB time=00:01:05.46 bitrate=1474.2kbits/s dup=8 drop=6 speed=1.01x    
stream	Start Stream	2026-08-17T14:01:18.2170057Z frame= 1980 fps= 30 q=0.0 size=   11850kB time=00:01:05.96 bitrate=1471.6kbits/s dup=8 drop=6 speed=1.01x    
stream	Start Stream	2026-08-17T14:01:18.7221672Z frame= 1995 fps= 30 q=0.0 size=   11974kB time=00:01:06.46 bitrate=1475.8kbits/s dup=8 drop=6 speed=1.01x    
stream	Start Stream	2026-08-17T14:01:19.2229702Z frame= 2010 fps= 30 q=0.0 size=   12085kB time=00:01:07.00 bitrate=1477.7kbits/s dup=8 drop=6 speed=1.01x    
stream	Start Stream	2026-08-17T14:01:19.7255557Z frame= 2026 fps= 30 q=0.0 size=   12192kB time=00:01:07.50 bitrate=1479.7kbits/s dup=8 drop=6 speed=1.01x    
stream	Start Stream	2026-08-17T14:01:20.2279687Z frame= 2040 fps= 30 q=0.0 size=   12279kB time=00:01:08.00 bitrate=1479.2kbits/s dup=8 drop=6 speed=1.01x    
stream	Start Stream	2026-08-17T14:01:20.7242772Z frame= 2055 fps= 30 q=0.0 size=   12361kB time=00:01:08.50 bitrate=1478.2kbits/s dup=8 drop=6 speed=1.01x    
stream	Start Stream	2026-08-17T14:01:21.2349497Z frame= 2071 fps= 30 q=0.0 size=   12435kB time=00:01:09.00 bitrate=1476.3kbits/s dup=8 drop=6 speed=1.01x    
stream	Start Stream	2026-08-17T14:01:21.7383256Z frame= 2086 fps= 30 q=0.0 size=   12494kB time=00:01:09.50 bitrate=1472.7kbits/s dup=8 drop=6 speed=1.01x    
stream	Start Stream	2026-08-17T14:01:22.2435954Z frame= 2101 fps= 30 q=0.0 size=   12549kB time=00:01:10.00 bitrate=1468.6kbits/s dup=8 drop=6 speed=1.01x    
stream	Start Stream	2026-08-17T14:01:22.7530010Z frame= 2116 fps= 30 q=0.0 size=   12640kB time=00:01:10.50 bitrate=1468.8kbits/s dup=8 drop=6 speed=1.01x    
stream	Start Stream	2026-08-17T14:01:23.2654105Z frame= 2131 fps= 30 q=0.0 size=   12729kB time=00:01:11.00 bitrate=1468.7kbits/s dup=8 drop=6 speed=1.01x    
stream	Start Stream	2026-08-17T14:01:23.7604296Z frame= 2146 fps= 30 q=0.0 size=   12829kB time=00:01:11.53 bitrate=1469.2kbits/s dup=8 drop=6 speed=1.01x    
stream	Start Stream	2026-08-17T14:01:24.2631198Z frame= 2162 fps= 30 q=0.0 size=   12928kB time=00:01:12.03 bitrate=1470.2kbits/s dup=8 drop=6 speed=1.01x    
stream	Start Stream	2026-08-17T14:01:24.7669503Z frame= 2177 fps= 30 q=0.0 size=   13072kB time=00:01:12.53 bitrate=1476.4kbits/s dup=8 drop=6 speed=1.01x    
stream	Start Stream	2026-08-17T14:01:25.2717536Z frame= 2192 fps= 30 q=0.0 size=   13179kB time=00:01:13.03 bitrate=1478.2kbits/s dup=8 drop=6 speed=1.01x    
stream	Start Stream	2026-08-17T14:01:25.7799929Z frame= 2207 fps= 30 q=0.0 size=   13254kB time=00:01:13.53 bitrate=1476.6kbits/s dup=8 drop=6 speed=1.01x    
stream	Start Stream	2026-08-17T14:01:26.2825827Z frame= 2222 fps= 30 q=0.0 size=   13329kB time=00:01:14.03 bitrate=1474.8kbits/s dup=8 drop=6 speed=   1x    
stream	Start Stream	2026-08-17T14:01:26.7961753Z frame= 2237 fps= 30 q=0.0 size=   13437kB time=00:01:14.53 bitrate=1476.9kbits/s dup=8 drop=6 speed=   1x    
stream	Start Stream	2026-08-17T14:01:27.2928455Z frame= 2252 fps= 30 q=0.0 size=   13550kB time=00:01:15.06 bitrate=1478.7kbits/s dup=8 drop=6 speed=1.01x    
stream	Start Stream	2026-08-17T14:01:27.7947017Z frame= 2268 fps= 30 q=0.0 size=   13649kB time=00:01:15.56 bitrate=1479.7kbits/s dup=8 drop=6 speed=1.01x    
stream	Start Stream	2026-08-17T14:01:28.3040139Z frame= 2283 fps= 30 q=0.0 size=   13740kB time=00:01:16.06 bitrate=1479.7kbits/s dup=8 drop=6 speed=1.01x    
stream	Start Stream	2026-08-17T14:01:28.8103541Z frame= 2298 fps= 30 q=0.0 size=   13907kB time=00:01:16.56 bitrate=1487.9kbits/s dup=8 drop=6 speed=   1x    
stream	Start Stream	2026-08-17T14:01:29.3235636Z frame= 2313 fps= 30 q=0.0 size=   13978kB time=00:01:17.06 bitrate=1485.9kbits/s dup=8 drop=6 speed=   1x    
stream	Start Stream	2026-08-17T14:01:29.8256814Z frame= 2328 fps= 30 q=0.0 size=   14026kB time=00:01:17.60 bitrate=1480.7kbits/s dup=8 drop=6 speed=1.01x    
stream	Start Stream	2026-08-17T14:01:30.3251713Z frame= 2343 fps= 30 q=0.0 size=   14073kB time=00:01:18.10 bitrate=1476.1kbits/s dup=8 drop=6 speed=1.01x    
stream	Start Stream	2026-08-17T14:01:30.8359674Z frame= 2359 fps= 30 q=0.0 size=   14158kB time=00:01:18.60 bitrate=1475.6kbits/s dup=8 drop=6 speed=   1x    
stream	Start Stream	2026-08-17T14:01:31.3489203Z frame= 2374 fps= 30 q=0.0 size=   14241kB time=00:01:19.10 bitrate=1474.8kbits/s dup=8 drop=6 speed=   1x    
stream	Start Stream	2026-08-17T14:01:31.8580650Z frame= 2389 fps= 30 q=0.0 size=   14329kB time=00:01:19.60 bitrate=1474.7kbits/s dup=8 drop=6 speed=   1x    
stream	Start Stream	2026-08-17T14:01:32.3582500Z frame= 2404 fps= 30 q=0.0 size=   14424kB time=00:01:20.13 bitrate=1474.6kbits/s dup=8 drop=6 speed=   1x    
stream	Start Stream	2026-08-17T14:01:32.8587778Z frame= 2420 fps= 30 q=0.0 size=   14561kB time=00:01:20.63 bitrate=1479.4kbits/s dup=8 drop=6 speed=   1x    
stream	Start Stream	2026-08-17T14:01:33.3617918Z frame= 2435 fps= 30 q=0.0 size=   14671kB time=00:01:21.13 bitrate=1481.3kbits/s dup=8 drop=6 speed=   1x    
stream	Start Stream	2026-08-17T14:01:33.8619627Z frame= 2450 fps= 30 q=0.0 size=   14769kB time=00:01:21.63 bitrate=1482.1kbits/s dup=8 drop=6 speed=   1x    
stream	Start Stream	2026-08-17T14:01:34.3622406Z frame= 2465 fps= 30 q=0.0 size=   14836kB time=00:01:22.13 bitrate=1479.7kbits/s dup=8 drop=6 speed=   1x    
stream	Start Stream	2026-08-17T14:01:34.8669751Z frame= 2480 fps= 30 q=0.0 size=   14928kB time=00:01:22.63 bitrate=1479.9kbits/s dup=8 drop=6 speed=   1x    
stream	Start Stream	2026-08-17T14:01:35.3699636Z frame= 2495 fps= 30 q=0.0 size=   15028kB time=00:01:23.13 bitrate=1480.8kbits/s dup=8 drop=6 speed=   1x    
stream	Start Stream	2026-08-17T14:01:35.8759673Z frame= 2510 fps= 30 q=0.0 size=   15124kB time=00:01:23.63 bitrate=1481.4kbits/s dup=8 drop=6 speed=   1x    
stream	Start Stream	2026-08-17T14:01:36.3812908Z frame= 2525 fps= 30 q=0.0 size=   15255kB time=00:01:24.13 bitrate=1485.3kbits/s dup=8 drop=6 speed=   1x    
stream	Start Stream	2026-08-17T14:01:36.8971412Z frame= 2540 fps= 30 q=0.0 size=   15330kB time=00:01:24.63 bitrate=1483.9kbits/s dup=8 drop=6 speed=   1x    
stream	Start Stream	2026-08-17T14:01:37.3939028Z frame= 2556 fps= 30 q=0.0 size=   15404kB time=00:01:25.16 bitrate=1481.6kbits/s dup=8 drop=6 speed=   1x    
stream	Start Stream	2026-08-17T14:01:37.8956053Z frame= 2571 fps= 30 q=0.0 size=   15477kB time=00:01:25.66 bitrate=1480.0kbits/s dup=8 drop=6 speed=   1x    
stream	Start Stream	2026-08-17T14:01:38.3995053Z frame= 2586 fps= 30 q=0.0 size=   15544kB time=00:01:26.16 bitrate=1477.8kbits/s dup=8 drop=6 speed=   1x    
stream	Start Stream	2026-08-17T14:01:38.9038622Z frame= 2601 fps= 30 q=0.0 size=   15607kB time=00:01:26.66 bitrate=1475.2kbits/s dup=8 drop=6 speed=   1x    
stream	Start Stream	2026-08-17T14:01:39.4079722Z frame= 2616 fps= 30 q=0.0 size=   15687kB time=00:01:27.16 bitrate=1474.3kbits/s dup=8 drop=6 speed=   1x    
stream	Start Stream	2026-08-17T14:01:39.9102437Z frame= 2631 fps= 30 q=0.0 size=   15778kB time=00:01:27.66 bitrate=1474.4kbits/s dup=8 drop=6 speed=   1x    
stream	Start Stream	2026-08-17T14:01:40.4235297Z frame= 2646 fps= 30 q=0.0 size=   15899kB time=00:01:28.16 bitrate=1477.2kbits/s dup=8 drop=6 speed=   1x    
stream	Start Stream	2026-08-17T14:01:40.9283713Z frame= 2661 fps= 30 q=0.0 size=   15991kB time=00:01:28.70 bitrate=1476.9kbits/s dup=8 drop=6 speed=   1x    
stream	Start Stream	2026-08-17T14:01:41.4304521Z frame= 2676 fps= 30 q=0.0 size=   16104kB time=00:01:29.20 bitrate=1478.9kbits/s dup=8 drop=6 speed=   1x    
stream	Start Stream	2026-08-17T14:01:41.9396652Z frame= 2692 fps= 30 q=0.0 size=   16212kB time=00:01:29.70 bitrate=1480.6kbits/s dup=8 drop=6 speed=   1x    
stream	Start Stream	2026-08-17T14:01:42.4489706Z frame= 2707 fps= 30 q=0.0 size=   16321kB time=00:01:30.20 bitrate=1482.3kbits/s dup=8 drop=6 speed=   1x    
stream	Start Stream	2026-08-17T14:01:42.9529535Z frame= 2722 fps= 30 q=0.0 size=   16387kB time=00:01:30.70 bitrate=1480.1kbits/s dup=8 drop=6 speed=   1x    
stream	Start Stream	2026-08-17T14:01:43.4607609Z frame= 2737 fps= 30 q=0.0 size=   16486kB time=00:01:31.20 bitrate=1480.9kbits/s dup=8 drop=6 speed=   1x    
stream	Start Stream	2026-08-17T14:01:43.9558904Z frame= 2753 fps= 30 q=0.0 size=   16606kB time=00:01:31.73 bitrate=1482.9kbits/s dup=8 drop=6 speed=   1x    
stream	Start Stream	2026-08-17T14:01:44.4644653Z frame= 2768 fps= 30 q=0.0 size=   16710kB time=00:01:32.23 bitrate=1484.2kbits/s dup=8 drop=6 speed=   1x    
stream	Start Stream	2026-08-17T14:01:44.9665153Z frame= 2782 fps= 30 q=0.0 size=   16806kB time=00:01:32.73 bitrate=1484.7kbits/s dup=8 drop=6 speed=   1x    
stream	Start Stream	2026-08-17T14:01:45.4689452Z frame= 2798 fps= 30 q=0.0 size=   16959kB time=00:01:33.23 bitrate=1490.1kbits/s dup=8 drop=6 speed=   1x    
stream	Start Stream	2026-08-17T14:01:45.9789523Z frame= 2813 fps= 30 q=0.0 size=   17032kB time=00:01:33.73 bitrate=1488.5kbits/s dup=8 drop=6 speed=   1x    
stream	Start Stream	2026-08-17T14:01:46.4813493Z frame= 2828 fps= 30 q=0.0 size=   17104kB time=00:01:34.23 bitrate=1486.9kbits/s dup=8 drop=6 speed=   1x    
stream	Start Stream	2026-08-17T14:01:46.9913677Z frame= 2843 fps= 30 q=0.0 size=   17146kB time=00:01:34.73 bitrate=1482.7kbits/s dup=8 drop=6 speed=   1x    
stream	Start Stream	2026-08-17T14:01:47.4914319Z frame= 2858 fps= 30 q=0.0 size=   17221kB time=00:01:35.26 bitrate=1480.8kbits/s dup=8 drop=6 speed=   1x    
stream	Start Stream	2026-08-17T14:01:47.9939855Z frame= 2874 fps= 30 q=0.0 size=   17305kB time=00:01:35.76 bitrate=1480.3kbits/s dup=8 drop=6 speed=   1x    
stream	Start Stream	2026-08-17T14:01:48.4957861Z frame= 2889 fps= 30 q=0.0 size=   17418kB time=00:01:36.26 bitrate=1482.2kbits/s dup=8 drop=6 speed=   1x    
stream	Start Stream	2026-08-17T14:01:49.0054009Z frame= 2904 fps= 30 q=0.0 size=   17515kB time=00:01:36.76 bitrate=1482.8kbits/s dup=8 drop=6 speed=   1x    
stream	Start Stream	2026-08-17T14:01:49.5102640Z frame= 2919 fps= 30 q=0.0 size=   17630kB time=00:01:37.26 bitrate=1484.8kbits/s dup=8 drop=6 speed=   1x    
stream	Start Stream	2026-08-17T14:01:50.0240652Z frame= 2934 fps= 30 q=0.0 size=   17740kB time=00:01:37.76 bitrate=1486.5kbits/s dup=8 drop=6 speed=   1x    
stream	Start Stream	2026-08-17T14:01:50.5307572Z frame= 2949 fps= 30 q=0.0 size=   17849kB time=00:01:38.30 bitrate=1487.5kbits/s dup=8 drop=6 speed=   1x    
stream	Start Stream	2026-08-17T14:01:51.0349771Z frame= 2964 fps= 30 q=0.0 size=   17920kB time=00:01:38.80 bitrate=1485.9kbits/s dup=8 drop=6 speed=   1x    
stream	Start Stream	2026-08-17T14:01:51.5388682Z frame= 2980 fps= 30 q=0.0 size=   18004kB time=00:01:39.30 bitrate=1485.3kbits/s dup=8 drop=6 speed=   1x    
stream	Start Stream	2026-08-17T14:01:52.0472126Z frame= 2995 fps= 30 q=0.0 size=   18111kB time=00:01:39.80 bitrate=1486.6kbits/s dup=8 drop=6 speed=   1x    
stream	Start Stream	2026-08-17T14:01:52.5486935Z frame= 3010 fps= 30 q=0.0 size=   18231kB time=00:01:40.30 bitrate=1489.0kbits/s dup=8 drop=6 speed=   1x    
stream	Start Stream	2026-08-17T14:01:53.0615360Z frame= 3025 fps= 30 q=0.0 size=   18337kB time=00:01:40.80 bitrate=1490.3kbits/s dup=8 drop=6 speed=   1x    
stream	Start Stream	2026-08-17T14:01:53.5664076Z frame= 3040 fps= 30 q=0.0 size=   18417kB time=00:01:41.33 bitrate=1488.9kbits/s dup=8 drop=6 speed=   1x    
stream	Start Stream	2026-08-17T14:01:54.0759781Z frame= 3056 fps= 30 q=0.0 size=   18490kB time=00:01:41.83 bitrate=1487.4kbits/s dup=8 drop=6 speed=   1x    
stream	Start Stream	2026-08-17T14:01:54.5877002Z frame= 3071 fps= 30 q=0.0 size=   18575kB time=00:01:42.33 bitrate=1486.9kbits/s dup=8 drop=6 speed=   1x    
stream	Start Stream	2026-08-17T14:01:55.0987568Z frame= 3086 fps= 30 q=0.0 size=   18626kB time=00:01:42.86 bitrate=1483.3kbits/s dup=8 drop=6 speed=   1x    
stream	Start Stream	2026-08-17T14:01:55.5967426Z frame= 3101 fps= 30 q=0.0 size=   18694kB time=00:01:43.36 bitrate=1481.5kbits/s dup=8 drop=6 speed=   1x    
stream	Start Stream	2026-08-17T14:01:56.0997390Z frame= 3116 fps= 30 q=0.0 size=   18774kB time=00:01:43.86 bitrate=1480.7kbits/s dup=8 drop=6 speed=   1x    
stream	Start Stream	2026-08-17T14:01:56.6052224Z frame= 3132 fps= 30 q=0.0 size=   18903kB time=00:01:44.36 bitrate=1483.7kbits/s dup=8 drop=6 speed=   1x    
stream	Start Stream	2026-08-17T14:01:57.1110614Z frame= 3147 fps= 30 q=0.0 size=   18998kB time=00:01:44.86 bitrate=1484.1kbits/s dup=8 drop=6 speed=   1x    
stream	Start Stream	2026-08-17T14:01:57.6139921Z frame= 3162 fps= 30 q=0.0 size=   19109kB time=00:01:45.36 bitrate=1485.6kbits/s dup=8 drop=6 speed=   1x    
stream	Start Stream	2026-08-17T14:01:58.1280377Z frame= 3177 fps= 30 q=0.0 size=   19227kB time=00:01:45.86 bitrate=1487.8kbits/s dup=8 drop=6 speed=   1x    
stream	Start Stream	2026-08-17T14:01:58.6257275Z frame= 3192 fps= 30 q=0.0 size=   19336kB time=00:01:46.40 bitrate=1488.8kbits/s dup=8 drop=6 speed=   1x    
stream	Start Stream	2026-08-17T14:01:59.1328369Z frame= 3207 fps= 30 q=0.0 size=   19419kB time=00:01:46.90 bitrate=1488.1kbits/s dup=8 drop=6 speed=   1x    
stream	Start Stream	2026-08-17T14:01:59.6412357Z frame= 3223 fps= 30 q=0.0 size=   19496kB time=00:01:47.40 bitrate=1487.1kbits/s dup=8 drop=6 speed=   1x    
stream	Start Stream	2026-08-17T14:02:00.1459980Z frame= 3238 fps= 30 q=0.0 size=   19597kB time=00:01:47.90 bitrate=1487.8kbits/s dup=8 drop=6 speed=   1x    
stream	Start Stream	2026-08-17T14:02:00.6483796Z frame= 3253 fps= 30 q=0.0 size=   19733kB time=00:01:48.40 bitrate=1491.2kbits/s dup=8 drop=6 speed=   1x    
stream	Start Stream	2026-08-17T14:02:01.1623449Z frame= 3268 fps= 30 q=0.0 size=   19822kB time=00:01:48.90 bitrate=1491.1kbits/s dup=8 drop=6 speed=   1x    
stream	Start Stream	2026-08-17T14:02:01.6689332Z frame= 3283 fps= 30 q=0.0 size=   19954kB time=00:01:49.43 bitrate=1493.7kbits/s dup=8 drop=6 speed=   1x    
stream	Start Stream	2026-08-17T14:02:02.1749897Z frame= 3299 fps= 30 q=0.0 size=   20078kB time=00:01:49.93 bitrate=1496.1kbits/s dup=8 drop=6 speed=   1x    
stream	Start Stream	2026-08-17T14:02:02.6766900Z frame= 3314 fps= 30 q=0.0 size=   20154kB time=00:01:50.43 bitrate=1495.0kbits/s dup=8 drop=6 speed=   1x    
stream	Start Stream	2026-08-17T14:02:03.1893666Z frame= 3329 fps= 30 q=0.0 size=   20207kB time=00:01:50.93 bitrate=1492.2kbits/s dup=8 drop=6 speed=   1x    
stream	Start Stream	2026-08-17T14:02:03.6923993Z frame= 3344 fps= 30 q=0.0 size=   20259kB time=00:01:51.46 bitrate=1488.9kbits/s dup=8 drop=6 speed=   1x    
stream	Start Stream	2026-08-17T14:02:04.2004047Z frame= 3359 fps= 30 q=0.0 size=   20338kB time=00:01:51.96 bitrate=1488.0kbits/s dup=8 drop=6 speed=   1x    
stream	Start Stream	2026-08-17T14:02:04.7029385Z frame= 3374 fps= 30 q=0.0 size=   20449kB time=00:01:52.46 bitrate=1489.5kbits/s dup=8 drop=6 speed=   1x    
stream	Start Stream	2026-08-17T14:02:05.2119938Z frame= 3390 fps= 30 q=0.0 size=   20544kB time=00:01:52.96 bitrate=1489.8kbits/s dup=8 drop=6 speed=   1x    
stream	Start Stream	2026-08-17T14:02:05.7219326Z frame= 3405 fps= 30 q=0.0 size=   20641kB time=00:01:53.46 bitrate=1490.2kbits/s dup=8 drop=6 speed=   1x    
stream	Start Stream	2026-08-17T14:02:06.2290297Z frame= 3420 fps= 30 q=0.0 size=   20760kB time=00:01:54.00 bitrate=1491.8kbits/s dup=8 drop=6 speed=   1x    
stream	Start Stream	2026-08-17T14:02:06.7290354Z frame= 3435 fps= 30 q=0.0 size=   20884kB time=00:01:54.50 bitrate=1494.2kbits/s dup=8 drop=6 speed=   1x    
stream	Start Stream	2026-08-17T14:02:07.2323314Z frame= 3450 fps= 30 q=0.0 size=   20967kB time=00:01:55.00 bitrate=1493.6kbits/s dup=8 drop=6 speed=   1x    
stream	Start Stream	2026-08-17T14:02:07.7345362Z frame= 3466 fps= 30 q=0.0 size=   21034kB time=00:01:55.50 bitrate=1491.9kbits/s dup=8 drop=6 speed=   1x    
stream	Start Stream	2026-08-17T14:02:08.2440360Z frame= 3481 fps= 30 q=0.0 size=   21127kB time=00:01:56.00 bitrate=1492.0kbits/s dup=8 drop=6 speed=   1x    
stream	Start Stream	2026-08-17T14:02:08.7587674Z frame= 3496 fps= 30 q=0.0 size=   21256kB time=00:01:56.50 bitrate=1494.7kbits/s dup=8 drop=6 speed=   1x    
stream	Start Stream	2026-08-17T14:02:09.2644779Z frame= 3511 fps= 30 q=0.0 size=   21353kB time=00:01:57.03 bitrate=1494.6kbits/s dup=8 drop=6 speed=   1x    
stream	Start Stream	2026-08-17T14:02:09.7690411Z frame= 3526 fps= 30 q=0.0 size=   21455kB time=00:01:57.53 bitrate=1495.4kbits/s dup=8 drop=6 speed=   1x    
stream	Start Stream	2026-08-17T14:02:10.2715414Z frame= 3542 fps= 30 q=0.0 size=   21531kB time=00:01:58.03 bitrate=1494.4kbits/s dup=8 drop=6 speed=   1x    
stream	Start Stream	2026-08-17T14:02:10.7799250Z frame= 3557 fps= 30 q=0.0 size=   21613kB time=00:01:58.53 bitrate=1493.7kbits/s dup=8 drop=6 speed=   1x    
stream	Start Stream	2026-08-17T14:02:11.2929612Z frame= 3572 fps= 30 q=0.0 size=   21681kB time=00:01:59.03 bitrate=1492.1kbits/s dup=8 drop=6 speed=   1x    
stream	Start Stream	2026-08-17T14:02:11.7961720Z frame= 3587 fps= 30 q=0.0 size=   21726kB time=00:01:59.56 bitrate=1488.5kbits/s dup=8 drop=6 speed=   1x    
stream	Start Stream	2026-08-17T14:02:12.2921367Z frame= 3602 fps= 30 q=0.0 size=   21811kB time=00:02:00.06 bitrate=1488.1kbits/s dup=8 drop=6 speed=   1x    
stream	Start Stream	2026-08-17T14:02:12.7993760Z frame= 3618 fps= 30 q=0.0 size=   21926kB time=00:02:00.56 bitrate=1489.8kbits/s dup=8 drop=6 speed=   1x    
stream	Start Stream	2026-08-17T14:02:13.2980553Z frame= 3633 fps= 30 q=0.0 size=   22026kB time=00:02:01.06 bitrate=1490.4kbits/s dup=8 drop=6 speed=   1x    
stream	Start Stream	2026-08-17T14:02:13.8059635Z frame= 3648 fps= 30 q=0.0 size=   22130kB time=00:02:01.56 bitrate=1491.3kbits/s dup=8 drop=6 speed=   1x    
stream	Start Stream	2026-08-17T14:02:14.3079661Z frame= 3663 fps= 30 q=0.0 size=   22243kB time=00:02:02.06 bitrate=1492.8kbits/s dup=8 drop=6 speed=   1x    
stream	Start Stream	2026-08-17T14:02:14.8130881Z frame= 3678 fps= 30 q=0.0 size=   22375kB time=00:02:02.56 bitrate=1495.5kbits/s dup=8 drop=6 speed=   1x    
stream	Start Stream	2026-08-17T14:02:15.3167349Z frame= 3693 fps= 30 q=0.0 size=   22462kB time=00:02:03.06 bitrate=1495.2kbits/s dup=8 drop=6 speed=   1x    
stream	Start Stream	2026-08-17T14:02:15.8171286Z frame= 3708 fps= 30 q=0.0 size=   22535kB time=00:02:03.56 bitrate=1494.0kbits/s dup=8 drop=6 speed=   1x    
stream	Start Stream	2026-08-17T14:02:16.3296209Z frame= 3723 fps= 30 q=0.0 size=   22627kB time=00:02:04.06 bitrate=1494.0kbits/s dup=8 drop=6 speed=   1x    
stream	Start Stream	2026-08-17T14:02:16.8358721Z frame= 3738 fps= 30 q=0.0 size=   22753kB time=00:02:04.60 bitrate=1495.9kbits/s dup=8 drop=6 speed=   1x    
stream	Start Stream	2026-08-17T14:02:17.3401625Z frame= 3754 fps= 30 q=0.0 size=   22854kB time=00:02:05.10 bitrate=1496.6kbits/s dup=8 drop=6 speed=   1x    
stream	Start Stream	2026-08-17T14:02:17.8448295Z frame= 3769 fps= 30 q=0.0 size=   22940kB time=00:02:05.60 bitrate=1496.2kbits/s dup=8 drop=6 speed=   1x    
stream	Start Stream	2026-08-17T14:02:18.3480987Z frame= 3784 fps= 30 q=0.0 size=   23093kB time=00:02:06.10 bitrate=1500.2kbits/s dup=8 drop=6 speed=   1x    
stream	Start Stream	2026-08-17T14:02:18.8586865Z frame= 3799 fps= 30 q=0.0 size=   23190kB time=00:02:06.60 bitrate=1500.6kbits/s dup=8 drop=6 speed=   1x    
stream	Start Stream	2026-08-17T14:02:19.3585776Z frame= 3814 fps= 30 q=0.0 size=   23245kB time=00:02:07.13 bitrate=1497.9kbits/s dup=8 drop=6 speed=   1x    
stream	Start Stream	2026-08-17T14:02:19.8619975Z frame= 3830 fps= 30 q=0.0 size=   23295kB time=00:02:07.63 bitrate=1495.1kbits/s dup=8 drop=6 speed=   1x    
stream	Start Stream	2026-08-17T14:02:20.3638078Z frame= 3845 fps= 30 q=0.0 size=   23360kB time=00:02:08.13 bitrate=1493.5kbits/s dup=8 drop=6 speed=   1x    
stream	Start Stream	2026-08-17T14:02:20.8666374Z frame= 3860 fps= 30 q=0.0 size=   23461kB time=00:02:08.63 bitrate=1494.1kbits/s dup=8 drop=6 speed=   1x    
stream	Start Stream	2026-08-17T14:02:21.3681910Z frame= 3875 fps= 30 q=0.0 size=   23562kB time=00:02:09.13 bitrate=1494.8kbits/s dup=8 drop=6 speed=   1x    
stream	Start Stream	2026-08-17T14:02:21.8750809Z frame= 3890 fps= 30 q=0.0 size=   23650kB time=00:02:09.63 bitrate=1494.5kbits/s dup=8 drop=6 speed=   1x    
stream	Start Stream	2026-08-17T14:02:22.3839609Z frame= 3905 fps= 30 q=0.0 size=   23791kB time=00:02:10.13 bitrate=1497.7kbits/s dup=8 drop=6 speed=   1x    
stream	Start Stream	2026-08-17T14:02:22.8941120Z frame= 3920 fps= 30 q=0.0 size=   23900kB time=00:02:10.63 bitrate=1498.8kbits/s dup=8 drop=6 speed=   1x    
stream	Start Stream	2026-08-17T14:02:23.3900303Z frame= 3935 fps= 30 q=0.0 size=   23993kB time=00:02:11.16 bitrate=1498.5kbits/s dup=8 drop=6 speed=   1x    
stream	Start Stream	2026-08-17T14:02:23.8966311Z frame= 3950 fps= 30 q=0.0 size=   24062kB time=00:02:11.66 bitrate=1497.1kbits/s dup=8 drop=6 speed=   1x    
stream	Start Stream	2026-08-17T14:02:24.3943084Z frame= 3965 fps= 30 q=0.0 size=   24161kB time=00:02:12.16 bitrate=1497.6kbits/s dup=8 drop=6 speed=   1x    
stream	Start Stream	2026-08-17T14:02:24.9020133Z frame= 3981 fps= 30 q=0.0 size=   24275kB time=00:02:12.66 bitrate=1498.9kbits/s dup=8 drop=6 speed=   1x    
stream	Start Stream	2026-08-17T14:02:25.4119971Z frame= 3996 fps= 30 q=0.0 size=   24380kB time=00:02:13.16 bitrate=1499.8kbits/s dup=8 drop=6 speed=   1x    
stream	Start Stream	2026-08-17T14:02:25.9124829Z frame= 4011 fps= 30 q=0.0 size=   24481kB time=00:02:13.66 bitrate=1500.4kbits/s dup=8 drop=6 speed=   1x    
stream	Start Stream	2026-08-17T14:02:26.4233527Z frame= 4026 fps= 30 q=0.0 size=   24576kB time=00:02:14.16 bitrate=1500.6kbits/s dup=8 drop=6 speed=   1x    
stream	Start Stream	2026-08-17T14:02:26.9266114Z frame= 4041 fps= 30 q=0.0 size=   24645kB time=00:02:14.70 bitrate=1498.8kbits/s dup=8 drop=6 speed=   1x    
stream	Start Stream	2026-08-17T14:02:27.4322813Z frame= 4057 fps= 30 q=0.0 size=   24719kB time=00:02:15.20 bitrate=1497.8kbits/s dup=8 drop=6 speed=   1x    
stream	Start Stream	2026-08-17T14:02:27.9352738Z frame= 4072 fps= 30 q=0.0 size=   24773kB time=00:02:15.70 bitrate=1495.5kbits/s dup=8 drop=6 speed=   1x    
stream	Start Stream	2026-08-17T14:02:28.4401269Z frame= 4087 fps= 30 q=0.0 size=   24853kB time=00:02:16.20 bitrate=1494.8kbits/s dup=8 drop=6 speed=   1x    
stream	Start Stream	2026-08-17T14:02:28.9430329Z frame= 4102 fps= 30 q=0.0 size=   24937kB time=00:02:16.70 bitrate=1494.4kbits/s dup=8 drop=6 speed=   1x    
stream	Start Stream	2026-08-17T14:02:29.4479578Z frame= 4117 fps= 30 q=0.0 size=   25037kB time=00:02:17.20 bitrate=1494.9kbits/s dup=8 drop=6 speed=   1x    
stream	Start Stream	2026-08-17T14:02:29.9594769Z frame= 4132 fps= 30 q=0.0 size=   25134kB time=00:02:17.70 bitrate=1495.3kbits/s dup=8 drop=6 speed=   1x    
stream	Start Stream	2026-08-17T14:02:30.4552826Z frame= 4147 fps= 30 q=0.0 size=   25252kB time=00:02:18.23 bitrate=1496.5kbits/s dup=8 drop=6 speed=   1x    
stream	Start Stream	2026-08-17T14:02:30.9561896Z frame= 4163 fps= 30 q=0.0 size=   25387kB time=00:02:18.73 bitrate=1499.1kbits/s dup=8 drop=6 speed=   1x    
stream	Start Stream	2026-08-17T14:02:31.4582327Z frame= 4178 fps= 30 q=0.0 size=   25480kB time=00:02:19.23 bitrate=1499.2kbits/s dup=8 drop=6 speed=   1x    
stream	Start Stream	2026-08-17T14:02:31.9618919Z frame= 4193 fps= 30 q=0.0 size=   25562kB time=00:02:19.73 bitrate=1498.6kbits/s dup=8 drop=6 speed=   1x    
stream	Start Stream	2026-08-17T14:02:32.4594918Z frame= 4207 fps= 30 q=0.0 size=   25643kB time=00:02:20.23 bitrate=1498.0kbits/s dup=8 drop=6 speed=   1x    
stream	Start Stream	2026-08-17T14:02:32.9667627Z frame= 4223 fps= 30 q=0.0 size=   25747kB time=00:02:20.73 bitrate=1498.7kbits/s dup=8 drop=6 speed=   1x    
stream	Start Stream	2026-08-17T14:02:33.4700473Z frame= 4238 fps= 30 q=0.0 size=   25864kB time=00:02:21.23 bitrate=1500.2kbits/s dup=8 drop=6 speed=   1x    
stream	Start Stream	2026-08-17T14:02:33.9719638Z frame= 4253 fps= 30 q=0.0 size=   25952kB time=00:02:21.73 bitrate=1500.0kbits/s dup=8 drop=6 speed=   1x    
stream	Start Stream	2026-08-17T14:02:34.4735833Z frame= 4268 fps= 30 q=0.0 size=   26089kB time=00:02:22.23 bitrate=1502.6kbits/s dup=8 drop=6 speed=   1x    
stream	Start Stream	2026-08-17T14:02:34.9764947Z frame= 4283 fps= 30 q=0.0 size=   26209kB time=00:02:22.73 bitrate=1504.2kbits/s dup=8 drop=6 speed=   1x    
stream	Start Stream	2026-08-17T14:02:35.4779671Z frame= 4298 fps= 30 q=0.0 size=   26272kB time=00:02:23.23 bitrate=1502.6kbits/s dup=8 drop=6 speed=   1x    
stream	Start Stream	2026-08-17T14:02:35.9829781Z frame= 4313 fps= 30 q=0.0 size=   26327kB time=00:02:23.73 bitrate=1500.5kbits/s dup=8 drop=6 speed=   1x    
stream	Start Stream	2026-08-17T14:02:36.4915039Z frame= 4328 fps= 30 q=0.0 size=   26388kB time=00:02:24.23 bitrate=1498.8kbits/s dup=8 drop=6 speed=   1x    
stream	Start Stream	2026-08-17T14:02:36.9987993Z frame= 4343 fps= 30 q=0.0 size=   26464kB time=00:02:24.76 bitrate=1497.5kbits/s dup=8 drop=6 speed=   1x    
stream	Start Stream	2026-08-17T14:02:37.4962521Z frame= 4358 fps= 30 q=0.0 size=   26549kB time=00:02:25.26 bitrate=1497.1kbits/s dup=8 drop=6 speed=   1x    
stream	Start Stream	2026-08-17T14:02:37.9980523Z frame= 4373 fps= 30 q=0.0 size=   26633kB time=00:02:25.76 bitrate=1496.7kbits/s dup=8 drop=6 speed=   1x    
stream	Start Stream	2026-08-17T14:02:38.5030027Z frame= 4389 fps= 30 q=0.0 size=   26740kB time=00:02:26.26 bitrate=1497.6kbits/s dup=8 drop=6 speed=   1x    
stream	Start Stream	2026-08-17T14:02:39.0089744Z frame= 4404 fps= 30 q=0.0 size=   26863kB time=00:02:26.76 bitrate=1499.4kbits/s dup=8 drop=6 speed=   1x    
stream	Start Stream	2026-08-17T14:02:39.5090018Z frame= 4419 fps= 30 q=0.0 size=   26978kB time=00:02:27.26 bitrate=1500.7kbits/s dup=8 drop=6 speed=   1x    
stream	Start Stream	2026-08-17T14:02:40.0234682Z frame= 4434 fps= 30 q=0.0 size=   27065kB time=00:02:27.76 bitrate=1500.4kbits/s dup=8 drop=6 speed=   1x    
stream	Start Stream	2026-08-17T14:02:40.5267256Z frame= 4449 fps= 30 q=0.0 size=   27156kB time=00:02:28.30 bitrate=1500.1kbits/s dup=8 drop=6 speed=   1x    
stream	Start Stream	2026-08-17T14:02:41.0264026Z frame= 4464 fps= 30 q=0.0 size=   27230kB time=00:02:28.80 bitrate=1499.1kbits/s dup=8 drop=6 speed=   1x    
stream	Start Stream	2026-08-17T14:02:41.5379948Z frame= 4480 fps= 30 q=0.0 size=   27343kB time=00:02:29.30 bitrate=1500.3kbits/s dup=8 drop=6 speed=   1x    
stream	Start Stream	2026-08-17T14:02:42.0443522Z frame= 4495 fps= 30 q=0.0 size=   27456kB time=00:02:29.80 bitrate=1501.4kbits/s dup=8 drop=6 speed=   1x    
stream	Start Stream	2026-08-17T14:02:42.5501550Z frame= 4510 fps= 30 q=0.0 size=   27575kB time=00:02:30.30 bitrate=1503.0kbits/s dup=8 drop=6 speed=   1x    
stream	Start Stream	2026-08-17T14:02:43.0574987Z frame= 4525 fps= 30 q=0.0 size=   27661kB time=00:02:30.80 bitrate=1502.6kbits/s dup=8 drop=6 speed=   1x    
stream	Start Stream	2026-08-17T14:02:43.5579695Z frame= 4541 fps= 30 q=0.0 size=   27735kB time=00:02:31.33 bitrate=1501.3kbits/s dup=8 drop=6 speed=   1x    
stream	Start Stream	2026-08-17T14:02:44.0621371Z frame= 4556 fps= 30 q=0.0 size=   27798kB time=00:02:31.83 bitrate=1499.8kbits/s dup=8 drop=6 speed=   1x    
stream	Start Stream	2026-08-17T14:02:44.5671024Z frame= 4571 fps= 30 q=0.0 size=   27870kB time=00:02:32.33 bitrate=1498.7kbits/s dup=8 drop=6 speed=   1x    
stream	Start Stream	2026-08-17T14:02:45.0743259Z frame= 4586 fps= 30 q=0.0 size=   27936kB time=00:02:32.83 bitrate=1497.4kbits/s dup=8 drop=6 speed=   1x    
stream	Start Stream	2026-08-17T14:02:45.5819496Z frame= 4601 fps= 30 q=0.0 size=   28020kB time=00:02:33.33 bitrate=1497.0kbits/s dup=8 drop=6 speed=   1x    
stream	Start Stream	2026-08-17T14:02:46.0892994Z frame= 4616 fps= 30 q=0.0 size=   28121kB time=00:02:33.83 bitrate=1497.5kbits/s dup=8 drop=6 speed=   1x    
stream	Start Stream	2026-08-17T14:02:46.5970309Z frame= 4631 fps= 30 q=0.0 size=   28240kB time=00:02:34.36 bitrate=1498.6kbits/s dup=8 drop=6 speed=   1x    
stream	Start Stream	2026-08-17T14:02:47.0999020Z frame= 4646 fps= 30 q=0.0 size=   28345kB time=00:02:34.86 bitrate=1499.4kbits/s dup=8 drop=6 speed=   1x    
stream	Start Stream	2026-08-17T14:02:47.6039702Z frame= 4662 fps= 30 q=0.0 size=   28466kB time=00:02:35.36 bitrate=1500.9kbits/s dup=8 drop=6 speed=   1x    
stream	Start Stream	2026-08-17T14:02:48.1149936Z frame= 4677 fps= 30 q=0.0 size=   28561kB time=00:02:35.86 bitrate=1501.1kbits/s dup=8 drop=6 speed=   1x    
stream	Start Stream	2026-08-17T14:02:48.6240438Z frame= 4692 fps= 30 q=0.0 size=   28660kB time=00:02:36.36 bitrate=1501.5kbits/s dup=8 drop=6 speed=   1x    
stream	Start Stream	2026-08-17T14:02:49.1294562Z frame= 4707 fps= 30 q=0.0 size=   28726kB time=00:02:36.90 bitrate=1499.8kbits/s dup=8 drop=6 speed=   1x    
stream	Start Stream	2026-08-17T14:02:49.6223432Z frame= 4722 fps= 30 q=0.0 size=   28829kB time=00:02:37.40 bitrate=1500.4kbits/s dup=8 drop=6 speed=   1x    
stream	Start Stream	2026-08-17T14:02:50.1251144Z frame= 4738 fps= 30 q=0.0 size=   28940kB time=00:02:37.90 bitrate=1501.5kbits/s dup=8 drop=6 speed=   1x    
stream	Start Stream	2026-08-17T14:02:50.6325881Z frame= 4752 fps= 30 q=0.0 size=   29047kB time=00:02:38.40 bitrate=1502.2kbits/s dup=8 drop=6 speed=   1x    
stream	Start Stream	2026-08-17T14:02:51.1383368Z frame= 4768 fps= 30 q=0.0 size=   29146kB time=00:02:38.90 bitrate=1502.6kbits/s dup=8 drop=6 speed=   1x    
stream	Start Stream	2026-08-17T14:02:51.6428611Z frame= 4783 fps= 30 q=0.0 size=   29289kB time=00:02:39.40 bitrate=1505.2kbits/s dup=8 drop=6 speed=   1x    
stream	Start Stream	2026-08-17T14:02:52.1551249Z frame= 4798 fps= 30 q=0.0 size=   29364kB time=00:02:39.90 bitrate=1504.4kbits/s dup=8 drop=6 speed=   1x    
stream	Start Stream	2026-08-17T14:02:52.6645484Z frame= 4814 fps= 30 q=0.0 size=   29435kB time=00:02:40.43 bitrate=1503.0kbits/s dup=8 drop=6 speed=   1x    
stream	Start Stream	2026-08-17T14:02:53.1589801Z frame= 4828 fps= 30 q=0.0 size=   29476kB time=00:02:40.93 bitrate=1500.4kbits/s dup=8 drop=6 speed=   1x    
stream	Start Stream	2026-08-17T14:02:53.6591627Z frame= 4844 fps= 30 q=0.0 size=   29552kB time=00:02:41.43 bitrate=1499.6kbits/s dup=8 drop=6 speed=   1x    
stream	Start Stream	2026-08-17T14:02:54.1592075Z frame= 4859 fps= 30 q=0.0 size=   29637kB time=00:02:41.93 bitrate=1499.3kbits/s dup=8 drop=6 speed=   1x    
stream	Start Stream	2026-08-17T14:02:54.6687860Z frame= 4873 fps= 30 q=0.0 size=   29746kB time=00:02:42.43 bitrate=1500.2kbits/s dup=8 drop=6 speed=   1x    
stream	Start Stream	2026-08-17T14:02:55.1711769Z frame= 4889 fps= 30 q=0.0 size=   29848kB time=00:02:42.93 bitrate=1500.7kbits/s dup=8 drop=6 speed=   1x    
stream	Start Stream	2026-08-17T14:02:55.6802399Z frame= 4904 fps= 30 q=0.0 size=   29960kB time=00:02:43.43 bitrate=1501.7kbits/s dup=8 drop=6 speed=   1x    
stream	Start Stream	2026-08-17T14:02:56.1945524Z frame= 4919 fps= 30 q=0.0 size=   30075kB time=00:02:43.93 bitrate=1502.9kbits/s dup=8 drop=6 speed=   1x    
stream	Start Stream	2026-08-17T14:02:56.6942754Z frame= 4935 fps= 30 q=0.0 size=   30181kB time=00:02:44.46 bitrate=1503.3kbits/s dup=8 drop=6 speed=   1x    
stream	Start Stream	2026-08-17T14:02:57.1990201Z frame= 4950 fps= 30 q=0.0 size=   30257kB time=00:02:44.96 bitrate=1502.5kbits/s dup=8 drop=6 speed=   1x    
stream	Start Stream	2026-08-17T14:02:57.6968317Z frame= 4965 fps= 30 q=0.0 size=   30340kB time=00:02:45.46 bitrate=1502.1kbits/s dup=8 drop=6 speed=   1x    
stream	Start Stream	2026-08-17T14:02:58.2056072Z frame= 4980 fps= 30 q=0.0 size=   30449kB time=00:02:45.96 bitrate=1502.9kbits/s dup=8 drop=6 speed=   1x    
stream	Start Stream	2026-08-17T14:02:58.7121020Z frame= 4995 fps= 30 q=0.0 size=   30566kB time=00:02:46.46 bitrate=1504.2kbits/s dup=8 drop=6 speed=   1x    
stream	Start Stream	2026-08-17T14:02:59.2149794Z frame= 5010 fps= 30 q=0.0 size=   30668kB time=00:02:46.96 bitrate=1504.7kbits/s dup=8 drop=6 speed=   1x    
stream	Start Stream	2026-08-17T14:02:59.7296198Z frame= 5025 fps= 30 q=0.0 size=   30743kB time=00:02:47.46 bitrate=1503.9kbits/s dup=8 drop=6 speed=   1x    
stream	Start Stream	2026-08-17T14:03:00.2287085Z frame= 5040 fps= 30 q=0.0 size=   30811kB time=00:02:48.00 bitrate=1502.4kbits/s dup=8 drop=6 speed=   1x    
stream	Start Stream	2026-08-17T14:03:00.7313252Z frame= 5055 fps= 30 q=0.0 size=   30894kB time=00:02:48.50 bitrate=1502.0kbits/s dup=8 drop=6 speed=   1x    
stream	Start Stream	2026-08-17T14:03:01.2339739Z frame= 5070 fps= 30 q=0.0 size=   30948kB time=00:02:49.00 bitrate=1500.2kbits/s dup=8 drop=6 speed=   1x    
stream	Start Stream	2026-08-17T14:03:01.7403245Z frame= 5086 fps= 30 q=0.0 size=   31006kB time=00:02:49.50 bitrate=1498.5kbits/s dup=8 drop=6 speed=   1x    
stream	Start Stream	2026-08-17T14:03:02.2428315Z frame= 5101 fps= 30 q=0.0 size=   31092kB time=00:02:50.00 bitrate=1498.2kbits/s dup=8 drop=6 speed=   1x    
stream	Start Stream	2026-08-17T14:03:02.4198980Z frame= 5116 fps= 30 q=0.0 size=   31193kB time=00:02:50.50 bitrate=1498.7kbits/s dup=8 drop=6 speed=   1x    
stream	Start Stream	2026-08-17T14:03:02.4200335Z Warning: maxDynamicUniformBuffersPerPipelineLayout artificially reduced from 500000 to 16 to fit dynamic offset allocation limit.
stream	Start Stream	2026-08-17T14:03:02.4202028Z Warning: maxDynamicStorageBuffersPerPipelineLayout artificially reduced from 500000 to 16 to fit dynamic offset allocation limit.
stream	Start Stream	2026-08-17T14:03:03.2586789Z frame= 5131 fps= 30 q=0.0 size=   31297kB time=00:02:51.03 bitrate=1499.1kbits/s dup=8 drop=6 speed=   1x    
stream	Start Stream	2026-08-17T14:03:03.7645885Z frame= 5146 fps= 30 q=0.0 size=   31377kB time=00:02:51.53 bitrate=1498.5kbits/s dup=8 drop=6 speed=   1x    
stream	Start Stream	2026-08-17T14:03:04.0509172Z frame= 5161 fps= 30 q=0.0 size=   31495kB time=00:02:52.03 bitrate=1499.7kbits/s dup=8 drop=6 speed=   1x    
stream	Start Stream	2026-08-17T14:03:04.0510692Z [6949:7051:0817/140304.050727:ERROR:google_apis/gcm/engine/registration_request.cc:291] Registration response error message: DEPRECATED_ENDPOINT
stream	Start Stream	2026-08-17T14:03:04.7688340Z frame= 5177 fps= 30 q=0.0 size=   31633kB time=00:02:52.53 bitrate=1502.0kbits/s dup=8 drop=6 speed=   1x    
stream	Start Stream	2026-08-17T14:03:05.2694366Z frame= 5192 fps= 30 q=0.0 size=   31714kB time=00:02:53.03 bitrate=1501.5kbits/s dup=8 drop=6 speed=   1x    
stream	Start Stream	2026-08-17T14:03:05.7801338Z frame= 5207 fps= 30 q=0.0 size=   31791kB time=00:02:53.53 bitrate=1500.8kbits/s dup=8 drop=6 speed=   1x    
stream	Start Stream	2026-08-17T14:03:06.2909431Z frame= 5222 fps= 30 q=0.0 size=   31872kB time=00:02:54.03 bitrate=1500.2kbits/s dup=8 drop=6 speed=   1x    
stream	Start Stream	2026-08-17T14:03:06.7959757Z frame= 5237 fps= 30 q=0.0 size=   32000kB time=00:02:54.56 bitrate=1501.7kbits/s dup=8 drop=6 speed=   1x    
stream	Start Stream	2026-08-17T14:03:07.2940827Z frame= 5252 fps= 30 q=0.0 size=   32096kB time=00:02:55.06 bitrate=1501.9kbits/s dup=8 drop=6 speed=   1x    
stream	Start Stream	2026-08-17T14:03:07.8025499Z frame= 5268 fps= 30 q=0.0 size=   32182kB time=00:02:55.56 bitrate=1501.6kbits/s dup=8 drop=6 speed=   1x    
stream	Start Stream	2026-08-17T14:03:08.3069799Z frame= 5283 fps= 30 q=0.0 size=   32331kB time=00:02:56.06 bitrate=1504.3kbits/s dup=8 drop=6 speed=   1x    
stream	Start Stream	2026-08-17T14:03:08.8064417Z frame= 5298 fps= 30 q=0.0 size=   32438kB time=00:02:56.56 bitrate=1505.0kbits/s dup=8 drop=6 speed=   1x    
stream	Start Stream	2026-08-17T14:03:09.3151923Z frame= 5313 fps= 30 q=0.0 size=   32498kB time=00:02:57.06 bitrate=1503.5kbits/s dup=8 drop=6 speed=   1x    
stream	Start Stream	2026-08-17T14:03:09.8233616Z frame= 5328 fps= 30 q=0.0 size=   32551kB time=00:02:57.56 bitrate=1501.7kbits/s dup=8 drop=6 speed=   1x    
stream	Start Stream	2026-08-17T14:03:10.3289630Z frame= 5343 fps= 30 q=0.0 size=   32603kB time=00:02:58.10 bitrate=1499.6kbits/s dup=8 drop=6 speed=   1x    
stream	Start Stream	2026-08-17T14:03:10.8316308Z frame= 5358 fps= 30 q=0.0 size=   32697kB time=00:02:58.60 bitrate=1499.7kbits/s dup=8 drop=6 speed=   1x    
stream	Start Stream	2026-08-17T14:03:11.3276212Z frame= 5373 fps= 30 q=0.0 size=   32787kB time=00:02:59.10 bitrate=1499.7kbits/s dup=8 drop=6 speed=   1x    
stream	Start Stream	2026-08-17T14:03:11.8327416Z frame= 5389 fps= 30 q=0.0 size=   32887kB time=00:02:59.60 bitrate=1500.1kbits/s dup=8 drop=6 speed=   1x    
stream	Start Stream	2026-08-17T14:03:12.3389702Z frame= 5404 fps= 30 q=0.0 size=   32988kB time=00:03:00.10 bitrate=1500.5kbits/s dup=8 drop=6 speed=   1x    
stream	Start Stream	2026-08-17T14:03:12.8479405Z frame= 5419 fps= 30 q=0.0 size=   33116kB time=00:03:00.60 bitrate=1502.1kbits/s dup=8 drop=6 speed=   1x    
stream	Start Stream	2026-08-17T14:03:13.3460855Z frame= 5434 fps= 30 q=0.0 size=   33225kB time=00:03:01.10 bitrate=1502.9kbits/s dup=8 drop=6 speed=   1x    
stream	Start Stream	2026-08-17T14:03:13.8491699Z frame= 5449 fps= 30 q=0.0 size=   33301kB time=00:03:01.60 bitrate=1502.2kbits/s dup=8 drop=6 speed=   1x    
stream	Start Stream	2026-08-17T14:03:14.3599747Z frame= 5464 fps= 30 q=0.0 size=   33377kB time=00:03:02.10 bitrate=1501.5kbits/s dup=8 drop=6 speed=   1x    
stream	Start Stream	2026-08-17T14:03:14.8570446Z frame= 5479 fps= 30 q=0.0 size=   33480kB time=00:03:02.63 bitrate=1501.8kbits/s dup=8 drop=6 speed=   1x    
stream	Start Stream	2026-08-17T14:03:15.3648862Z frame= 5495 fps= 30 q=0.0 size=   33591kB time=00:03:03.13 bitrate=1502.6kbits/s dup=8 drop=6 speed=   1x    
stream	Start Stream	2026-08-17T14:03:15.8701196Z frame= 5510 fps= 30 q=0.0 size=   33690kB time=00:03:03.63 bitrate=1502.9kbits/s dup=8 drop=6 speed=   1x    
stream	Start Stream	2026-08-17T14:03:16.3721637Z frame= 5525 fps= 30 q=0.0 size=   33805kB time=00:03:04.13 bitrate=1504.0kbits/s dup=8 drop=6 speed=   1x    
stream	Start Stream	2026-08-17T14:03:16.8739692Z frame= 5540 fps= 30 q=0.0 size=   33875kB time=00:03:04.63 bitrate=1503.0kbits/s dup=8 drop=6 speed=   1x    
stream	Start Stream	2026-08-17T14:03:17.3731563Z frame= 5555 fps= 30 q=0.0 size=   33945kB time=00:03:05.13 bitrate=1502.1kbits/s dup=8 drop=6 speed=   1x    
stream	Start Stream	2026-08-17T14:03:17.8766839Z frame= 5570 fps= 30 q=0.0 size=   34015kB time=00:03:05.63 bitrate=1501.1kbits/s dup=8 drop=6 speed=   1x    
stream	Start Stream	2026-08-17T14:03:18.3785082Z frame= 5585 fps= 30 q=0.0 size=   34087kB time=00:03:06.13 bitrate=1500.2kbits/s dup=8 drop=6 speed=   1x    
stream	Start Stream	2026-08-17T14:03:18.8919881Z frame= 5600 fps= 30 q=0.0 size=   34137kB time=00:03:06.63 bitrate=1498.4kbits/s dup=8 drop=6 speed=   1x    
stream	Start Stream	2026-08-17T14:03:19.4007546Z frame= 5615 fps= 30 q=0.0 size=   34222kB time=00:03:07.16 bitrate=1497.8kbits/s dup=8 drop=6 speed=   1x    
stream	Start Stream	2026-08-17T14:03:19.8970157Z frame= 5630 fps= 30 q=0.0 size=   34314kB time=00:03:07.66 bitrate=1497.9kbits/s dup=8 drop=6 speed=   1x    
stream	Start Stream	2026-08-17T14:03:20.3986559Z frame= 5646 fps= 30 q=0.0 size=   34439kB time=00:03:08.16 bitrate=1499.3kbits/s dup=8 drop=6 speed=   1x    
stream	Start Stream	2026-08-17T14:03:20.9078661Z frame= 5661 fps= 30 q=0.0 size=   34528kB time=00:03:08.66 bitrate=1499.2kbits/s dup=8 drop=6 speed=   1x    
stream	Start Stream	2026-08-17T14:03:21.4126535Z frame= 5676 fps= 30 q=0.0 size=   34650kB time=00:03:09.16 bitrate=1500.5kbits/s dup=8 drop=6 speed=   1x    
stream	Start Stream	2026-08-17T14:03:21.9296998Z frame= 5691 fps= 30 q=0.0 size=   34763kB time=00:03:09.66 bitrate=1501.5kbits/s dup=8 drop=6 speed=   1x    
stream	Start Stream	2026-08-17T14:03:22.4271552Z frame= 5706 fps= 30 q=0.0 size=   34863kB time=00:03:10.20 bitrate=1501.6kbits/s dup=8 drop=6 speed=   1x    
stream	Start Stream	2026-08-17T14:03:22.9275936Z frame= 5722 fps= 30 q=0.0 size=   34941kB time=00:03:10.70 bitrate=1501.0kbits/s dup=8 drop=6 speed=   1x    
stream	Start Stream	2026-08-17T14:03:23.4298381Z frame= 5737 fps= 30 q=0.0 size=   35021kB time=00:03:11.20 bitrate=1500.5kbits/s dup=8 drop=6 speed=   1x    
stream	Start Stream	2026-08-17T14:03:23.9349764Z frame= 5752 fps= 30 q=0.0 size=   35130kB time=00:03:11.70 bitrate=1501.2kbits/s dup=8 drop=6 speed=   1x    
stream	Start Stream	2026-08-17T14:03:24.4404419Z frame= 5767 fps= 30 q=0.0 size=   35251kB time=00:03:12.20 bitrate=1502.5kbits/s dup=8 drop=6 speed=   1x    
stream	Start Stream	2026-08-17T14:03:24.9470126Z frame= 5782 fps= 30 q=0.0 size=   35324kB time=00:03:12.70 bitrate=1501.7kbits/s dup=8 drop=6 speed=   1x    
stream	Start Stream	2026-08-17T14:03:25.4462713Z frame= 5797 fps= 30 q=0.0 size=   35486kB time=00:03:13.20 bitrate=1504.7kbits/s dup=8 drop=6 speed=   1x    
stream	Start Stream	2026-08-17T14:03:25.9489743Z frame= 5812 fps= 30 q=0.0 size=   35572kB time=00:03:13.70 bitrate=1504.4kbits/s dup=8 drop=6 speed=   1x    
stream	Start Stream	2026-08-17T14:03:26.4567737Z frame= 5827 fps= 30 q=0.0 size=   35648kB time=00:03:14.20 bitrate=1503.8kbits/s dup=8 drop=6 speed=   1x    
stream	Start Stream	2026-08-17T14:03:26.9599999Z frame= 5842 fps= 30 q=0.0 size=   35697kB time=00:03:14.73 bitrate=1501.7kbits/s dup=8 drop=6 speed=   1x    
stream	Start Stream	2026-08-17T14:03:27.4633167Z frame= 5858 fps= 30 q=0.0 size=   35750kB time=00:03:15.23 bitrate=1500.1kbits/s dup=8 drop=6 speed=   1x    
stream	Start Stream	2026-08-17T14:03:27.9686740Z frame= 5873 fps= 30 q=0.0 size=   35829kB time=00:03:15.73 bitrate=1499.6kbits/s dup=8 drop=6 speed=   1x    
stream	Start Stream	2026-08-17T14:03:28.4756088Z frame= 5888 fps= 30 q=0.0 size=   35942kB time=00:03:16.23 bitrate=1500.4kbits/s dup=8 drop=6 speed=   1x    
stream	Start Stream	2026-08-17T14:03:28.9827736Z frame= 5903 fps= 30 q=0.0 size=   36035kB time=00:03:16.73 bitrate=1500.5kbits/s dup=8 drop=6 speed=   1x    
stream	Start Stream	2026-08-17T14:03:29.4892088Z frame= 5918 fps= 30 q=0.0 size=   36131kB time=00:03:17.23 bitrate=1500.7kbits/s dup=8 drop=6 speed=   1x    
stream	Start Stream	2026-08-17T14:03:29.9960084Z frame= 5933 fps= 30 q=0.0 size=   36250kB time=00:03:17.76 bitrate=1501.6kbits/s dup=8 drop=6 speed=   1x    
stream	Start Stream	2026-08-17T14:03:30.4937732Z frame= 5948 fps= 30 q=0.0 size=   36374kB time=00:03:18.26 bitrate=1502.9kbits/s dup=8 drop=6 speed=   1x    
stream	Start Stream	2026-08-17T14:03:30.9973926Z frame= 5964 fps= 30 q=0.0 size=   36454kB time=00:03:18.76 bitrate=1502.4kbits/s dup=8 drop=6 speed=   1x    
stream	Start Stream	2026-08-17T14:03:31.5059513Z frame= 5979 fps= 30 q=0.0 size=   36527kB time=00:03:19.26 bitrate=1501.6kbits/s dup=8 drop=6 speed=   1x    
stream	Start Stream	2026-08-17T14:03:32.0152753Z frame= 5994 fps= 30 q=0.0 size=   36620kB time=00:03:19.76 bitrate=1501.7kbits/s dup=8 drop=6 speed=   1x    
stream	Start Stream	2026-08-17T14:03:32.5265162Z frame= 6009 fps= 30 q=0.0 size=   36751kB time=00:03:20.26 bitrate=1503.3kbits/s dup=8 drop=6 speed=   1x    
stream	Start Stream	2026-08-17T14:03:33.0240067Z frame= 6024 fps= 30 q=0.0 size=   36852kB time=00:03:20.80 bitrate=1503.5kbits/s dup=8 drop=6 speed=   1x    
stream	Start Stream	2026-08-17T14:03:33.5274054Z frame= 6040 fps= 30 q=0.0 size=   36955kB time=00:03:21.30 bitrate=1503.9kbits/s dup=8 drop=6 speed=   1x    
stream	Start Stream	2026-08-17T14:03:34.0310431Z frame= 6055 fps= 30 q=0.0 size=   37030kB time=00:03:21.80 bitrate=1503.2kbits/s dup=8 drop=6 speed=   1x    
stream	Start Stream	2026-08-17T14:03:34.5419746Z frame= 6070 fps= 30 q=0.0 size=   37119kB time=00:03:22.30 bitrate=1503.1kbits/s dup=8 drop=6 speed=   1x    
stream	Start Stream	2026-08-17T14:03:35.0420886Z frame= 6085 fps= 30 q=0.0 size=   37179kB time=00:03:22.80 bitrate=1501.8kbits/s dup=8 drop=6 speed=   1x    
stream	Start Stream	2026-08-17T14:03:35.5443149Z frame= 6100 fps= 30 q=0.0 size=   37230kB time=00:03:23.30 bitrate=1500.2kbits/s dup=8 drop=6 speed=   1x    
stream	Start Stream	2026-08-17T14:03:36.0572369Z frame= 6115 fps= 30 q=0.0 size=   37299kB time=00:03:23.80 bitrate=1499.3kbits/s dup=8 drop=6 speed=   1x    
stream	Start Stream	2026-08-17T14:03:36.5602546Z frame= 6130 fps= 30 q=0.0 size=   37402kB time=00:03:24.33 bitrate=1499.5kbits/s dup=8 drop=6 speed=   1x    
stream	Start Stream	2026-08-17T14:03:37.0635676Z frame= 6145 fps= 30 q=0.0 size=   37495kB time=00:03:24.83 bitrate=1499.6kbits/s dup=8 drop=6 speed=   1x    
stream	Start Stream	2026-08-17T14:03:37.5628070Z frame= 6160 fps= 30 q=0.0 size=   37593kB time=00:03:25.33 bitrate=1499.8kbits/s dup=8 drop=6 speed=   1x    
stream	Start Stream	2026-08-17T14:03:38.0699534Z frame= 6175 fps= 30 q=0.0 size=   37696kB time=00:03:25.83 bitrate=1500.3kbits/s dup=8 drop=6 speed=   1x    
stream	Start Stream	2026-08-17T14:03:38.5787979Z frame= 6191 fps= 30 q=0.0 size=   37841kB time=00:03:26.33 bitrate=1502.4kbits/s dup=8 drop=6 speed=   1x    
stream	Start Stream	2026-08-17T14:03:39.0887034Z frame= 6206 fps= 30 q=0.0 size=   37935kB time=00:03:26.83 bitrate=1502.5kbits/s dup=8 drop=6 speed=   1x    
stream	Start Stream	2026-08-17T14:03:39.5945245Z frame= 6221 fps= 30 q=0.0 size=   38013kB time=00:03:27.36 bitrate=1501.7kbits/s dup=8 drop=6 speed=   1x    
stream	Start Stream	2026-08-17T14:03:40.0965171Z frame= 6236 fps= 30 q=0.0 size=   38084kB time=00:03:27.86 bitrate=1500.9kbits/s dup=8 drop=6 speed=   1x    
stream	Start Stream	2026-08-17T14:03:40.5994935Z frame= 6252 fps= 30 q=0.0 size=   38210kB time=00:03:28.36 bitrate=1502.3kbits/s dup=8 drop=6 speed=   1x    
stream	Start Stream	2026-08-17T14:03:41.1011855Z frame= 6267 fps= 30 q=0.0 size=   38314kB time=00:03:28.86 bitrate=1502.7kbits/s dup=8 drop=6 speed=   1x    
stream	Start Stream	2026-08-17T14:03:41.6070196Z frame= 6282 fps= 30 q=0.0 size=   38412kB time=00:03:29.36 bitrate=1503.0kbits/s dup=8 drop=6 speed=   1x    
stream	Start Stream	2026-08-17T14:03:42.1152012Z frame= 6297 fps= 30 q=0.0 size=   38517kB time=00:03:29.86 bitrate=1503.5kbits/s dup=8 drop=6 speed=   1x    
stream	Start Stream	2026-08-17T14:03:42.6207640Z frame= 6312 fps= 30 q=0.0 size=   38677kB time=00:03:30.36 bitrate=1506.1kbits/s dup=8 drop=6 speed=   1x    
stream	Start Stream	2026-08-17T14:03:43.1219359Z frame= 6327 fps= 30 q=0.0 size=   38742kB time=00:03:30.90 bitrate=1504.9kbits/s dup=8 drop=6 speed=   1x    
stream	Start Stream	2026-08-17T14:03:43.6250661Z frame= 6343 fps= 30 q=0.0 size=   38799kB time=00:03:31.40 bitrate=1503.5kbits/s dup=8 drop=6 speed=   1x    
stream	Start Stream	2026-08-17T14:03:44.1305474Z frame= 6357 fps= 30 q=0.0 size=   38845kB time=00:03:31.90 bitrate=1501.7kbits/s dup=8 drop=6 speed=   1x    
stream	Start Stream	2026-08-17T14:03:44.6308763Z frame= 6373 fps= 30 q=0.0 size=   38931kB time=00:03:32.40 bitrate=1501.5kbits/s dup=8 drop=6 speed=   1x    
stream	Start Stream	2026-08-17T14:03:45.1399925Z frame= 6388 fps= 30 q=0.0 size=   38994kB time=00:03:32.90 bitrate=1500.4kbits/s dup=8 drop=6 speed=   1x    
stream	Start Stream	2026-08-17T14:03:45.6429439Z frame= 6403 fps= 30 q=0.0 size=   39093kB time=00:03:33.40 bitrate=1500.7kbits/s dup=8 drop=6 speed=   1x    
stream	Start Stream	2026-08-17T14:03:46.1567784Z frame= 6418 fps= 30 q=0.0 size=   39181kB time=00:03:33.90 bitrate=1500.6kbits/s dup=8 drop=6 speed=   1x    
stream	Start Stream	2026-08-17T14:03:46.6564506Z frame= 6433 fps= 30 q=0.0 size=   39309kB time=00:03:34.43 bitrate=1501.7kbits/s dup=8 drop=6 speed=   1x    
stream	Start Stream	2026-08-17T14:03:47.1572846Z frame= 6448 fps= 30 q=0.0 size=   39431kB time=00:03:34.93 bitrate=1502.9kbits/s dup=8 drop=6 speed=   1x    
stream	Start Stream	2026-08-17T14:03:47.6659767Z frame= 6464 fps= 30 q=0.0 size=   39530kB time=00:03:35.43 bitrate=1503.1kbits/s dup=8 drop=6 speed=   1x    
stream	Start Stream	2026-08-17T14:03:48.1729513Z frame= 6479 fps= 30 q=0.0 size=   39613kB time=00:03:35.93 bitrate=1502.8kbits/s dup=8 drop=6 speed=   1x    
stream	Start Stream	2026-08-17T14:03:48.6807462Z frame= 6494 fps= 30 q=0.0 size=   39700kB time=00:03:36.43 bitrate=1502.6kbits/s dup=8 drop=6 speed=   1x    
stream	Start Stream	2026-08-17T14:03:49.1820859Z frame= 6509 fps= 30 q=0.0 size=   39794kB time=00:03:36.93 bitrate=1502.7kbits/s dup=8 drop=6 speed=   1x    
stream	Start Stream	2026-08-17T14:03:49.6937666Z frame= 6524 fps= 30 q=0.0 size=   39905kB time=00:03:37.43 bitrate=1503.5kbits/s dup=8 drop=6 speed=   1x    
stream	Start Stream	2026-08-17T14:03:50.1931026Z frame= 6539 fps= 30 q=0.0 size=   40007kB time=00:03:37.96 bitrate=1503.6kbits/s dup=8 drop=6 speed=   1x    
stream	Start Stream	2026-08-17T14:03:50.7010617Z frame= 6555 fps= 30 q=0.0 size=   40123kB time=00:03:38.46 bitrate=1504.5kbits/s dup=8 drop=6 speed=   1x    
stream	Start Stream	2026-08-17T14:03:51.2097736Z frame= 6570 fps= 30 q=0.0 size=   40193kB time=00:03:38.96 bitrate=1503.7kbits/s dup=8 drop=6 speed=   1x    
stream	Start Stream	2026-08-17T14:03:51.7155235Z frame= 6585 fps= 30 q=0.0 size=   40262kB time=00:03:39.46 bitrate=1502.9kbits/s dup=8 drop=6 speed=   1x    
stream	Start Stream	2026-08-17T14:03:52.2244441Z frame= 6600 fps= 30 q=0.0 size=   40327kB time=00:03:39.96 bitrate=1501.8kbits/s dup=8 drop=6 speed=   1x    
stream	Start Stream	2026-08-17T14:03:52.7292876Z frame= 6615 fps= 30 q=0.0 size=   40389kB time=00:03:40.50 bitrate=1500.5kbits/s dup=8 drop=6 speed=   1x    
stream	Start Stream	2026-08-17T14:03:53.2239988Z frame= 6630 fps= 30 q=0.0 size=   40469kB time=00:03:41.00 bitrate=1500.1kbits/s dup=8 drop=6 speed=   1x    
stream	Start Stream	2026-08-17T14:03:53.7317209Z frame= 6646 fps= 30 q=0.0 size=   40551kB time=00:03:41.50 bitrate=1499.7kbits/s dup=8 drop=6 speed=   1x    
stream	Start Stream	2026-08-17T14:03:54.2335834Z frame= 6661 fps= 30 q=0.0 size=   40653kB time=00:03:42.00 bitrate=1500.1kbits/s dup=8 drop=6 speed=   1x    
stream	Start Stream	2026-08-17T14:03:54.7380135Z frame= 6676 fps= 30 q=0.0 size=   40762kB time=00:03:42.50 bitrate=1500.8kbits/s dup=8 drop=6 speed=   1x    
stream	Start Stream	2026-08-17T14:03:55.2430080Z frame= 6691 fps= 30 q=0.0 size=   40864kB time=00:03:43.00 bitrate=1501.2kbits/s dup=8 drop=6 speed=   1x    
stream	Start Stream	2026-08-17T14:03:55.7460829Z frame= 6706 fps= 30 q=0.0 size=   40989kB time=00:03:43.50 bitrate=1502.4kbits/s dup=8 drop=6 speed=   1x    
stream	Start Stream	2026-08-17T14:03:56.2584453Z frame= 6721 fps= 30 q=0.0 size=   41077kB time=00:03:44.00 bitrate=1502.3kbits/s dup=8 drop=6 speed=   1x    
stream	Start Stream	2026-08-17T14:03:56.7664091Z frame= 6736 fps= 30 q=0.0 size=   41173kB time=00:03:44.53 bitrate=1502.2kbits/s dup=8 drop=6 speed=   1x    
stream	Start Stream	2026-08-17T14:03:57.2686501Z frame= 6751 fps= 30 q=0.0 size=   41246kB time=00:03:45.03 bitrate=1501.5kbits/s dup=8 drop=6 speed=   1x    
stream	Start Stream	2026-08-17T14:03:57.7709678Z frame= 6767 fps= 30 q=0.0 size=   41359kB time=00:03:45.53 bitrate=1502.3kbits/s dup=8 drop=6 speed=   1x    
stream	Start Stream	2026-08-17T14:03:58.2780082Z frame= 6782 fps= 30 q=0.0 size=   41468kB time=00:03:46.03 bitrate=1502.9kbits/s dup=8 drop=6 speed=   1x    
stream	Start Stream	2026-08-17T14:03:58.7794191Z frame= 6797 fps= 30 q=0.0 size=   41564kB time=00:03:46.53 bitrate=1503.1kbits/s dup=8 drop=6 speed=   1x    
stream	Start Stream	2026-08-17T14:03:59.2941418Z frame= 6812 fps= 30 q=0.0 size=   41706kB time=00:03:47.03 bitrate=1504.9kbits/s dup=8 drop=6 speed=   1x    
stream	Start Stream	2026-08-17T14:03:59.7953576Z frame= 6827 fps= 30 q=0.0 size=   41813kB time=00:03:47.56 bitrate=1505.2kbits/s dup=8 drop=6 speed=   1x    
stream	Start Stream	2026-08-17T14:04:00.2954978Z frame= 6842 fps= 30 q=0.0 size=   41875kB time=00:03:48.06 bitrate=1504.1kbits/s dup=8 drop=6 speed=   1x    
stream	Start Stream	2026-08-17T14:04:00.7990009Z frame= 6858 fps= 30 q=0.0 size=   41942kB time=00:03:48.56 bitrate=1503.2kbits/s dup=8 drop=6 speed=   1x    
stream	Start Stream	2026-08-17T14:04:01.3090341Z frame= 6873 fps= 30 q=0.0 size=   41992kB time=00:03:49.06 bitrate=1501.7kbits/s dup=8 drop=6 speed=   1x    
stream	Start Stream	2026-08-17T14:04:01.8095140Z frame= 6888 fps= 30 q=0.0 size=   42065kB time=00:03:49.56 bitrate=1501.1kbits/s dup=8 drop=6 speed=   1x    
stream	Start Stream	2026-08-17T14:04:02.3110363Z frame= 6903 fps= 30 q=0.0 size=   42147kB time=00:03:50.06 bitrate=1500.7kbits/s dup=8 drop=6 speed=   1x    
stream	Start Stream	2026-08-17T14:04:02.8203724Z frame= 6918 fps= 30 q=0.0 size=   42256kB time=00:03:50.56 bitrate=1501.3kbits/s dup=8 drop=6 speed=   1x    
stream	Start Stream	2026-08-17T14:04:03.3247167Z frame= 6933 fps= 30 q=0.0 size=   42345kB time=00:03:51.10 bitrate=1501.0kbits/s dup=8 drop=6 speed=   1x    
stream	Start Stream	2026-08-17T14:04:03.8265752Z frame= 6948 fps= 30 q=0.0 size=   42457kB time=00:03:51.60 bitrate=1501.7kbits/s dup=8 drop=6 speed=   1x    
stream	Start Stream	2026-08-17T14:04:04.3369923Z frame= 6964 fps= 30 q=0.0 size=   42577kB time=00:03:52.10 bitrate=1502.8kbits/s dup=8 drop=6 speed=   1x    
stream	Start Stream	2026-08-17T14:04:04.8439317Z frame= 6979 fps= 30 q=0.0 size=   42676kB time=00:03:52.60 bitrate=1503.0kbits/s dup=8 drop=6 speed=   1x    
stream	Start Stream	2026-08-17T14:04:05.3479061Z frame= 6994 fps= 30 q=0.0 size=   42741kB time=00:03:53.10 bitrate=1502.1kbits/s dup=8 drop=6 speed=   1x    
stream	Start Stream	2026-08-17T14:04:05.8584490Z frame= 7009 fps= 30 q=0.0 size=   42828kB time=00:03:53.60 bitrate=1501.9kbits/s dup=8 drop=6 speed=   1x    
stream	Start Stream	2026-08-17T14:04:06.3589399Z frame= 7024 fps= 30 q=0.0 size=   42934kB time=00:03:54.13 bitrate=1502.2kbits/s dup=8 drop=6 speed=   1x    
stream	Start Stream	2026-08-17T14:04:06.8580084Z frame= 7040 fps= 30 q=0.0 size=   43058kB time=00:03:54.63 bitrate=1503.3kbits/s dup=8 drop=6 speed=   1x    
stream	Start Stream	2026-08-17T14:04:07.3663217Z frame= 7055 fps= 30 q=0.0 size=   43158kB time=00:03:55.13 bitrate=1503.6kbits/s dup=8 drop=6 speed=   1x    
stream	Start Stream	2026-08-17T14:04:07.8779625Z frame= 7070 fps= 30 q=0.0 size=   43239kB time=00:03:55.63 bitrate=1503.3kbits/s dup=8 drop=6 speed=   1x    
stream	Start Stream	2026-08-17T14:04:08.3793623Z frame= 7085 fps= 30 q=0.0 size=   43325kB time=00:03:56.13 bitrate=1503.1kbits/s dup=8 drop=6 speed=   1x    
stream	Start Stream	2026-08-17T14:04:08.8893969Z frame= 7100 fps= 30 q=0.0 size=   43386kB time=00:03:56.63 bitrate=1502.0kbits/s dup=8 drop=6 speed=   1x    
stream	Start Stream	2026-08-17T14:04:09.3979896Z frame= 7115 fps= 30 q=0.0 size=   43444kB time=00:03:57.16 bitrate=1500.6kbits/s dup=8 drop=6 speed=   1x    
stream	Start Stream	2026-08-17T14:04:09.8966420Z frame= 7130 fps= 30 q=0.0 size=   43494kB time=00:03:57.66 bitrate=1499.2kbits/s dup=8 drop=6 speed=   1x    
stream	Start Stream	2026-08-17T14:04:10.4059922Z frame= 7146 fps= 30 q=0.0 size=   43594kB time=00:03:58.16 bitrate=1499.4kbits/s dup=8 drop=6 speed=   1x    
stream	Start Stream	2026-08-17T14:04:10.9067379Z frame= 7161 fps= 30 q=0.0 size=   43693kB time=00:03:58.66 bitrate=1499.7kbits/s dup=8 drop=6 speed=   1x    
stream	Start Stream	2026-08-17T14:04:11.4070141Z frame= 7176 fps= 30 q=0.0 size=   43796kB time=00:03:59.16 bitrate=1500.1kbits/s dup=8 drop=6 speed=   1x    
stream	Start Stream	2026-08-17T14:04:11.9098976Z frame= 7191 fps= 30 q=0.0 size=   43892kB time=00:03:59.66 bitrate=1500.3kbits/s dup=8 drop=6 speed=   1x    
stream	Start Stream	2026-08-17T14:04:12.4257752Z frame= 7206 fps= 30 q=0.0 size=   44029kB time=00:04:00.16 bitrate=1501.8kbits/s dup=8 drop=6 speed=   1x    
stream	Start Stream	2026-08-17T14:04:12.9279580Z frame= 7221 fps= 30 q=0.0 size=   44139kB time=00:04:00.70 bitrate=1502.2kbits/s dup=8 drop=6 speed=   1x    
stream	Start Stream	2026-08-17T14:04:13.4279567Z frame= 7236 fps= 30 q=0.0 size=   44225kB time=00:04:01.20 bitrate=1502.0kbits/s dup=8 drop=6 speed=   1x    
stream	Start Stream	2026-08-17T14:04:13.9305841Z frame= 7252 fps= 30 q=0.0 size=   44295kB time=00:04:01.70 bitrate=1501.3kbits/s dup=8 drop=6 speed=   1x    
stream	Start Stream	2026-08-17T14:04:14.4396198Z frame= 7267 fps= 30 q=0.0 size=   44411kB time=00:04:02.20 bitrate=1502.1kbits/s dup=8 drop=6 speed=   1x    
stream	Start Stream	2026-08-17T14:04:14.9414303Z frame= 7282 fps= 30 q=0.0 size=   44518kB time=00:04:02.70 bitrate=1502.6kbits/s dup=8 drop=6 speed=   1x    
stream	Start Stream	2026-08-17T14:04:15.4477393Z frame= 7297 fps= 30 q=0.0 size=   44607kB time=00:04:03.20 bitrate=1502.6kbits/s dup=8 drop=6 speed=   1x    
stream	Start Stream	2026-08-17T14:04:15.9608853Z frame= 7312 fps= 30 q=0.0 size=   44701kB time=00:04:03.70 bitrate=1502.6kbits/s dup=8 drop=6 speed=   1x    
stream	Start Stream	2026-08-17T14:04:16.4627402Z frame= 7327 fps= 30 q=0.0 size=   44859kB time=00:04:04.23 bitrate=1504.6kbits/s dup=8 drop=6 speed=   1x    
stream	Start Stream	2026-08-17T14:04:16.9673176Z frame= 7342 fps= 30 q=0.0 size=   44943kB time=00:04:04.73 bitrate=1504.4kbits/s dup=8 drop=6 speed=   1x    
stream	Start Stream	2026-08-17T14:04:17.4598464Z frame= 7358 fps= 30 q=0.0 size=   45004kB time=00:04:05.23 bitrate=1503.4kbits/s dup=8 drop=6 speed=   1x    
stream	Start Stream	2026-08-17T14:04:17.9608374Z frame= 7373 fps= 30 q=0.0 size=   45052kB time=00:04:05.73 bitrate=1501.9kbits/s dup=8 drop=6 speed=   1x    
stream	Start Stream	2026-08-17T14:04:18.4644853Z frame= 7388 fps= 30 q=0.0 size=   45132kB time=00:04:06.23 bitrate=1501.5kbits/s dup=8 drop=6 speed=   1x    
stream	Start Stream	2026-08-17T14:04:18.9729273Z frame= 7403 fps= 30 q=0.0 size=   45209kB time=00:04:06.73 bitrate=1501.0kbits/s dup=8 drop=6 speed=   1x    
stream	Start Stream	2026-08-17T14:04:19.4789436Z frame= 7418 fps= 30 q=0.0 size=   45308kB time=00:04:07.23 bitrate=1501.3kbits/s dup=8 drop=6 speed=   1x    
stream	Start Stream	2026-08-17T14:04:19.9906686Z frame= 7433 fps= 30 q=0.0 size=   45404kB time=00:04:07.73 bitrate=1501.4kbits/s dup=8 drop=6 speed=   1x    
stream	Start Stream	2026-08-17T14:04:20.4955181Z frame= 7448 fps= 30 q=0.0 size=   45529kB time=00:04:08.26 bitrate=1502.3kbits/s dup=8 drop=6 speed=   1x    
stream	Start Stream	2026-08-17T14:04:20.9979689Z frame= 7463 fps= 30 q=0.0 size=   45642kB time=00:04:08.76 bitrate=1503.0kbits/s dup=8 drop=6 speed=   1x    
stream	Start Stream	2026-08-17T14:04:21.4905459Z frame= 7478 fps= 30 q=0.0 size=   45735kB time=00:04:09.26 bitrate=1503.1kbits/s dup=8 drop=6 speed=   1x    
stream	Start Stream	2026-08-17T14:04:22.0009430Z frame= 7494 fps= 30 q=0.0 size=   45819kB time=00:04:09.76 bitrate=1502.8kbits/s dup=8 drop=6 speed=   1x    
stream	Start Stream	2026-08-17T14:04:22.5010164Z frame= 7509 fps= 30 q=0.0 size=   45907kB time=00:04:10.26 bitrate=1502.7kbits/s dup=8 drop=6 speed=   1x    
stream	Start Stream	2026-08-17T14:04:23.0030434Z frame= 7524 fps= 30 q=0.0 size=   46007kB time=00:04:10.76 bitrate=1502.9kbits/s dup=8 drop=6 speed=   1x    
stream	Start Stream	2026-08-17T14:04:23.5087160Z frame= 7539 fps= 30 q=0.0 size=   46119kB time=00:04:11.26 bitrate=1503.6kbits/s dup=8 drop=6 speed=   1x    
stream	Start Stream	2026-08-17T14:04:24.0157928Z frame= 7554 fps= 30 q=0.0 size=   46223kB time=00:04:11.76 bitrate=1504.0kbits/s dup=8 drop=6 speed=   1x    
stream	Start Stream	2026-08-17T14:04:24.5274323Z frame= 7569 fps= 30 q=0.0 size=   46331kB time=00:04:12.26 bitrate=1504.5kbits/s dup=8 drop=6 speed=   1x    
stream	Start Stream	2026-08-17T14:04:25.0337969Z frame= 7584 fps= 30 q=0.0 size=   46405kB time=00:04:12.80 bitrate=1503.7kbits/s dup=8 drop=6 speed=   1x    
stream	Start Stream	2026-08-17T14:04:25.5373063Z frame= 7600 fps= 30 q=0.0 size=   46474kB time=00:04:13.30 bitrate=1503.0kbits/s dup=8 drop=6 speed=   1x    
stream	Start Stream	2026-08-17T14:04:26.0420705Z frame= 7615 fps= 30 q=0.0 size=   46536kB time=00:04:13.80 bitrate=1502.1kbits/s dup=8 drop=6 speed=   1x    
stream	Start Stream	2026-08-17T14:04:26.5483530Z frame= 7630 fps= 30 q=0.0 size=   46592kB time=00:04:14.30 bitrate=1500.9kbits/s dup=8 drop=6 speed=   1x    
stream	Start Stream	2026-08-17T14:04:27.0525241Z frame= 7645 fps= 30 q=0.0 size=   46677kB time=00:04:14.80 bitrate=1500.7kbits/s dup=8 drop=6 speed=   1x    
stream	Start Stream	2026-08-17T14:04:27.5601141Z frame= 7660 fps= 30 q=0.0 size=   46755kB time=00:04:15.33 bitrate=1500.1kbits/s dup=8 drop=6 speed=   1x    
stream	Start Stream	2026-08-17T14:04:28.0587763Z frame= 7675 fps= 30 q=0.0 size=   46870kB time=00:04:15.83 bitrate=1500.8kbits/s dup=8 drop=6 speed=   1x    
stream	Start Stream	2026-08-17T14:04:28.5604565Z frame= 7690 fps= 30 q=0.0 size=   46964kB time=00:04:16.33 bitrate=1500.9kbits/s dup=8 drop=6 speed=   1x    
stream	Start Stream	2026-08-17T14:04:29.0640850Z frame= 7706 fps= 30 q=0.0 size=   47086kB time=00:04:16.83 bitrate=1501.8kbits/s dup=8 drop=6 speed=   1x    
stream	Start Stream	2026-08-17T14:04:29.5670481Z frame= 7720 fps= 30 q=0.0 size=   47199kB time=00:04:17.33 bitrate=1502.5kbits/s dup=8 drop=6 speed=   1x    
stream	Start Stream	2026-08-17T14:04:30.0695290Z frame= 7736 fps= 30 q=0.0 size=   47284kB time=00:04:17.83 bitrate=1502.3kbits/s dup=8 drop=6 speed=   1x    
stream	Start Stream	2026-08-17T14:04:30.5766743Z frame= 7751 fps= 30 q=0.0 size=   47378kB time=00:04:18.33 bitrate=1502.4kbits/s dup=8 drop=6 speed=   1x    
stream	Start Stream	2026-08-17T14:04:31.0813921Z frame= 7766 fps= 30 q=0.0 size=   47460kB time=00:04:18.83 bitrate=1502.1kbits/s dup=8 drop=6 speed=   1x    
stream	Start Stream	2026-08-17T14:04:31.5895998Z frame= 7781 fps= 30 q=0.0 size=   47566kB time=00:04:19.33 bitrate=1502.6kbits/s dup=8 drop=6 speed=   1x    
stream	Start Stream	2026-08-17T14:04:32.0967426Z frame= 7796 fps= 30 q=0.0 size=   47661kB time=00:04:19.86 bitrate=1502.5kbits/s dup=8 drop=6 speed=   1x    
stream	Start Stream	2026-08-17T14:04:32.5930801Z frame= 7811 fps= 30 q=0.0 size=   47761kB time=00:04:20.36 bitrate=1502.7kbits/s dup=8 drop=6 speed=   1x    
stream	Start Stream	2026-08-17T14:04:33.0975119Z frame= 7827 fps= 30 q=0.0 size=   47923kB time=00:04:20.86 bitrate=1504.9kbits/s dup=8 drop=6 speed=   1x    
stream	Start Stream	2026-08-17T14:04:33.5974849Z frame= 7842 fps= 30 q=0.0 size=   48002kB time=00:04:21.36 bitrate=1504.5kbits/s dup=8 drop=6 speed=   1x    
stream	Start Stream	2026-08-17T14:04:34.0989834Z frame= 7857 fps= 30 q=0.0 size=   48065kB time=00:04:21.86 bitrate=1503.6kbits/s dup=8 drop=6 speed=   1x    
stream	Start Stream	2026-08-17T14:04:34.6009735Z frame= 7872 fps= 30 q=0.0 size=   48124kB time=00:04:22.36 bitrate=1502.6kbits/s dup=8 drop=6 speed=   1x    
stream	Start Stream	2026-08-17T14:04:35.1101359Z frame= 7887 fps= 30 q=0.0 size=   48187kB time=00:04:22.86 bitrate=1501.7kbits/s dup=8 drop=6 speed=   1x    
stream	Start Stream	2026-08-17T14:04:35.6207189Z frame= 7902 fps= 30 q=0.0 size=   48268kB time=00:04:23.36 bitrate=1501.4kbits/s dup=8 drop=6 speed=   1x    
stream	Start Stream	2026-08-17T14:04:36.1264096Z frame= 7917 fps= 30 q=0.0 size=   48355kB time=00:04:23.90 bitrate=1501.0kbits/s dup=8 drop=6 speed=   1x    
stream	Start Stream	2026-08-17T14:04:36.6301414Z frame= 7932 fps= 30 q=0.0 size=   48475kB time=00:04:24.40 bitrate=1501.9kbits/s dup=8 drop=6 speed=   1x    
stream	Start Stream	2026-08-17T14:04:37.1409718Z frame= 7948 fps= 30 q=0.0 size=   48580kB time=00:04:24.90 bitrate=1502.3kbits/s dup=8 drop=6 speed=   1x    
stream	Start Stream	2026-08-17T14:04:37.6448412Z frame= 7963 fps= 30 q=0.0 size=   48694kB time=00:04:25.40 bitrate=1503.0kbits/s dup=8 drop=6 speed=   1x    
stream	Start Stream	2026-08-17T14:04:38.1563284Z frame= 7978 fps= 30 q=0.0 size=   48799kB time=00:04:25.90 bitrate=1503.4kbits/s dup=8 drop=6 speed=   1x    
stream	Start Stream	2026-08-17T14:04:38.6559360Z frame= 7993 fps= 30 q=0.0 size=   48890kB time=00:04:26.43 bitrate=1503.2kbits/s dup=8 drop=6 speed=   1x    
stream	Start Stream	2026-08-17T14:04:39.1598487Z frame= 8008 fps= 30 q=0.0 size=   48964kB time=00:04:26.93 bitrate=1502.7kbits/s dup=8 drop=6 speed=   1x    
stream	Start Stream	2026-08-17T14:04:39.6563918Z frame= 8023 fps= 30 q=0.0 size=   49054kB time=00:04:27.43 bitrate=1502.6kbits/s dup=8 drop=6 speed=   1x    
stream	Start Stream	2026-08-17T14:04:40.1648957Z frame= 8039 fps= 30 q=0.0 size=   49171kB time=00:04:27.93 bitrate=1503.4kbits/s dup=8 drop=6 speed=   1x    
stream	Start Stream	2026-08-17T14:04:40.6718497Z frame= 8054 fps= 30 q=0.0 size=   49293kB time=00:04:28.43 bitrate=1504.3kbits/s dup=8 drop=6 speed=   1x    
stream	Start Stream	2026-08-17T14:04:41.1800107Z frame= 8069 fps= 30 q=0.0 size=   49390kB time=00:04:28.93 bitrate=1504.5kbits/s dup=8 drop=6 speed=   1x    
stream	Start Stream	2026-08-17T14:04:41.6866190Z frame= 8084 fps= 30 q=0.0 size=   49463kB time=00:04:29.43 bitrate=1503.9kbits/s dup=8 drop=6 speed=   1x    
stream	Start Stream	2026-08-17T14:04:42.1915826Z frame= 8099 fps= 30 q=0.0 size=   49531kB time=00:04:29.96 bitrate=1503.0kbits/s dup=8 drop=6 speed=   1x    
stream	Start Stream	2026-08-17T14:04:42.6942989Z frame= 8115 fps= 30 q=0.0 size=   49611kB time=00:04:30.46 bitrate=1502.6kbits/s dup=8 drop=6 speed=   1x    
stream	Start Stream	2026-08-17T14:04:43.1948872Z frame= 8129 fps= 30 q=0.0 size=   49659kB time=00:04:30.96 bitrate=1501.3kbits/s dup=8 drop=6 speed=   1x    
stream	Start Stream	2026-08-17T14:04:43.6924579Z frame= 8144 fps= 30 q=0.0 size=   49742kB time=00:04:31.46 bitrate=1501.0kbits/s dup=8 drop=6 speed=   1x    
stream	Start Stream	2026-08-17T14:04:44.2020348Z frame= 8160 fps= 30 q=0.0 size=   49837kB time=00:04:31.96 bitrate=1501.2kbits/s dup=8 drop=6 speed=   1x    
stream	Start Stream	2026-08-17T14:04:44.7069962Z frame= 8175 fps= 30 q=0.0 size=   49958kB time=00:04:32.46 bitrate=1502.0kbits/s dup=8 drop=6 speed=   1x    
stream	Start Stream	2026-08-17T14:04:45.2070570Z frame= 8190 fps= 30 q=0.0 size=   50052kB time=00:04:32.96 bitrate=1502.1kbits/s dup=8 drop=6 speed=   1x    
stream	Start Stream	2026-08-17T14:04:45.7180650Z frame= 8205 fps= 30 q=0.0 size=   50166kB time=00:04:33.46 bitrate=1502.8kbits/s dup=8 drop=6 speed=   1x    
stream	Start Stream	2026-08-17T14:04:46.2285054Z frame= 8220 fps= 30 q=0.0 size=   50275kB time=00:04:34.00 bitrate=1503.1kbits/s dup=8 drop=6 speed=   1x    
stream	Start Stream	2026-08-17T14:04:46.7304797Z frame= 8235 fps= 30 q=0.0 size=   50386kB time=00:04:34.50 bitrate=1503.7kbits/s dup=8 drop=6 speed=   1x    
stream	Start Stream	2026-08-17T14:04:47.2430128Z frame= 8251 fps= 30 q=0.0 size=   50461kB time=00:04:35.00 bitrate=1503.2kbits/s dup=8 drop=6 speed=   1x    
stream	Start Stream	2026-08-17T14:04:47.7489610Z frame= 8266 fps= 30 q=0.0 size=   50546kB time=00:04:35.50 bitrate=1503.0kbits/s dup=8 drop=6 speed=   1x    
stream	Start Stream	2026-08-17T14:04:48.2582581Z frame= 8281 fps= 30 q=0.0 size=   50661kB time=00:04:36.00 bitrate=1503.7kbits/s dup=8 drop=6 speed=   1x    
stream	Start Stream	2026-08-17T14:04:48.7577802Z frame= 8296 fps= 30 q=0.0 size=   50770kB time=00:04:36.53 bitrate=1504.0kbits/s dup=8 drop=6 speed=   1x    
stream	Start Stream	2026-08-17T14:04:49.2559334Z frame= 8311 fps= 30 q=0.0 size=   50872kB time=00:04:37.03 bitrate=1504.3kbits/s dup=8 drop=6 speed=   1x    
stream	Start Stream	2026-08-17T14:04:49.7595468Z frame= 8327 fps= 30 q=0.0 size=   51014kB time=00:04:37.53 bitrate=1505.8kbits/s dup=8 drop=6 speed=   1x    
stream	Start Stream	2026-08-17T14:04:50.2585729Z frame= 8341 fps= 30 q=0.0 size=   51090kB time=00:04:38.03 bitrate=1505.3kbits/s dup=8 drop=6 speed=   1x    
stream	Start Stream	2026-08-17T14:04:50.7676037Z frame= 8357 fps= 30 q=0.0 size=   51165kB time=00:04:38.53 bitrate=1504.8kbits/s dup=8 drop=6 speed=   1x    
stream	Start Stream	2026-08-17T14:04:51.2709482Z frame= 8372 fps= 30 q=0.0 size=   51206kB time=00:04:39.03 bitrate=1503.3kbits/s dup=8 drop=6 speed=   1x    
stream	Start Stream	2026-08-17T14:04:51.7700630Z frame= 8387 fps= 30 q=0.0 size=   51284kB time=00:04:39.53 bitrate=1502.9kbits/s dup=8 drop=6 speed=   1x    
stream	Start Stream	2026-08-17T14:04:52.2701289Z frame= 8402 fps= 30 q=0.0 size=   51370kB time=00:04:40.03 bitrate=1502.8kbits/s dup=8 drop=6 speed=   1x    
stream	Start Stream	2026-08-17T14:04:52.7809372Z frame= 8417 fps= 30 q=0.0 size=   51479kB time=00:04:40.53 bitrate=1503.3kbits/s dup=8 drop=6 speed=   1x    
stream	Start Stream	2026-08-17T14:04:53.2874286Z frame= 8432 fps= 30 q=0.0 size=   51570kB time=00:04:41.03 bitrate=1503.3kbits/s dup=8 drop=6 speed=   1x    
stream	Start Stream	2026-08-17T14:04:53.7968655Z frame= 8448 fps= 30 q=0.0 size=   51687kB time=00:04:41.56 bitrate=1503.8kbits/s dup=8 drop=6 speed=   1x    
stream	Start Stream	2026-08-17T14:04:54.2968457Z frame= 8462 fps= 30 q=0.0 size=   51794kB time=00:04:42.06 bitrate=1504.2kbits/s dup=8 drop=6 speed=   1x    
stream	Start Stream	2026-08-17T14:04:54.7932768Z frame= 8477 fps= 30 q=0.0 size=   51899kB time=00:04:42.56 bitrate=1504.6kbits/s dup=8 drop=6 speed=   1x    
stream	Start Stream	2026-08-17T14:04:55.2953717Z frame= 8493 fps= 30 q=0.0 size=   51975kB time=00:04:43.06 bitrate=1504.2kbits/s dup=8 drop=6 speed=   1x    
stream	Start Stream	2026-08-17T14:04:55.7959248Z frame= 8508 fps= 30 q=0.0 size=   52053kB time=00:04:43.56 bitrate=1503.8kbits/s dup=8 drop=6 speed=   1x    
stream	Start Stream	2026-08-17T14:04:56.2980380Z frame= 8523 fps= 30 q=0.0 size=   52170kB time=00:04:44.06 bitrate=1504.5kbits/s dup=8 drop=6 speed=   1x    
stream	Start Stream	2026-08-17T14:04:56.8033560Z frame= 8538 fps= 30 q=0.0 size=   52291kB time=00:04:44.56 bitrate=1505.3kbits/s dup=8 drop=6 speed=   1x    
stream	Start Stream	2026-08-17T14:04:57.3109676Z frame= 8553 fps= 30 q=0.0 size=   52385kB time=00:04:45.06 bitrate=1505.4kbits/s dup=8 drop=6 speed=   1x    
stream	Start Stream	2026-08-17T14:04:57.8191132Z frame= 8568 fps= 30 q=0.0 size=   52470kB time=00:04:45.56 bitrate=1505.2kbits/s dup=8 drop=6 speed=   1x    
stream	Start Stream	2026-08-17T14:04:58.3290874Z frame= 8583 fps= 30 q=0.0 size=   52535kB time=00:04:46.10 bitrate=1504.2kbits/s dup=8 drop=6 speed=   1x    
stream	Start Stream	2026-08-17T14:04:58.8300392Z frame= 8599 fps= 30 q=0.0 size=   52622kB time=00:04:46.60 bitrate=1504.1kbits/s dup=8 drop=6 speed=   1x    
stream	Start Stream	2026-08-17T14:04:59.3299420Z frame= 8613 fps= 30 q=0.0 size=   52669kB time=00:04:47.10 bitrate=1502.8kbits/s dup=8 drop=6 speed=   1x    
stream	Start Stream	2026-08-17T14:04:59.8353204Z frame= 8629 fps= 30 q=0.0 size=   52747kB time=00:04:47.60 bitrate=1502.4kbits/s dup=8 drop=6 speed=   1x    
stream	Start Stream	2026-08-17T14:05:00.3389662Z frame= 8644 fps= 30 q=0.0 size=   52833kB time=00:04:48.10 bitrate=1502.3kbits/s dup=8 drop=6 speed=   1x    
stream	Start Stream	2026-08-17T14:05:00.8476240Z frame= 8659 fps= 30 q=0.0 size=   52949kB time=00:04:48.60 bitrate=1503.0kbits/s dup=8 drop=6 speed=   1x    
stream	Start Stream	2026-08-17T14:05:01.3595097Z frame= 8674 fps= 30 q=0.0 size=   53052kB time=00:04:49.10 bitrate=1503.3kbits/s dup=8 drop=6 speed=   1x    
stream	Start Stream	2026-08-17T14:05:01.8570063Z frame= 8689 fps= 30 q=0.0 size=   53163kB time=00:04:49.63 bitrate=1503.7kbits/s dup=8 drop=6 speed=   1x    
stream	Start Stream	2026-08-17T14:05:02.3625345Z frame= 8705 fps= 30 q=0.0 size=   53274kB time=00:04:50.13 bitrate=1504.2kbits/s dup=8 drop=6 speed=   1x    
stream	Start Stream	2026-08-17T14:05:02.8594438Z frame= 8719 fps= 30 q=0.0 size=   53386kB time=00:04:50.63 bitrate=1504.8kbits/s dup=8 drop=6 speed=   1x    
stream	Start Stream	2026-08-17T14:05:03.3667318Z frame= 8735 fps= 30 q=0.0 size=   53460kB time=00:04:51.13 bitrate=1504.3kbits/s dup=8 drop=6 speed=   1x    
stream	Start Stream	2026-08-17T14:05:03.8680163Z frame= 8750 fps= 30 q=0.0 size=   53542kB time=00:04:51.63 bitrate=1504.0kbits/s dup=8 drop=6 speed=   1x    
stream	Start Stream	2026-08-17T14:05:04.3716335Z frame= 8765 fps= 30 q=0.0 size=   53667kB time=00:04:52.13 bitrate=1504.9kbits/s dup=8 drop=6 speed=   1x    
stream	Start Stream	2026-08-17T14:05:04.8746912Z frame= 8780 fps= 30 q=0.0 size=   53769kB time=00:04:52.63 bitrate=1505.2kbits/s dup=8 drop=6 speed=   1x    
stream	Start Stream	2026-08-17T14:05:05.3812709Z frame= 8795 fps= 30 q=0.0 size=   53854kB time=00:04:53.13 bitrate=1505.0kbits/s dup=8 drop=6 speed=   1x    
stream	Start Stream	2026-08-17T14:05:05.8912578Z frame= 8810 fps= 30 q=0.0 size=   54003kB time=00:04:53.63 bitrate=1506.6kbits/s dup=8 drop=6 speed=   1x    
stream	Start Stream	2026-08-17T14:05:06.3976747Z frame= 8825 fps= 30 q=0.0 size=   54111kB time=00:04:54.16 bitrate=1506.9kbits/s dup=8 drop=6 speed=   1x    
stream	Start Stream	2026-08-17T14:05:06.9019517Z frame= 8840 fps= 30 q=0.0 size=   54168kB time=00:04:54.66 bitrate=1505.9kbits/s dup=8 drop=6 speed=   1x    
stream	Start Stream	2026-08-17T14:05:07.4033500Z frame= 8856 fps= 30 q=0.0 size=   54223kB time=00:04:55.16 bitrate=1504.9kbits/s dup=8 drop=6 speed=   1x    
stream	Start Stream	2026-08-17T14:05:07.9075314Z frame= 8871 fps= 30 q=0.0 size=   54277kB time=00:04:55.66 bitrate=1503.9kbits/s dup=8 drop=6 speed=   1x    
stream	Start Stream	2026-08-17T14:05:08.4100114Z frame= 8886 fps= 30 q=0.0 size=   54365kB time=00:04:56.16 bitrate=1503.7kbits/s dup=8 drop=6 speed=   1x    
stream	Start Stream	2026-08-17T14:05:08.9216514Z frame= 8901 fps= 30 q=0.0 size=   54456kB time=00:04:56.66 bitrate=1503.7kbits/s dup=8 drop=6 speed=   1x    
stream	Start Stream	2026-08-17T14:05:09.4257976Z frame= 8916 fps= 30 q=0.0 size=   54540kB time=00:04:57.20 bitrate=1503.3kbits/s dup=8 drop=6 speed=   1x    
stream	Start Stream	2026-08-17T14:05:09.9223239Z frame= 8931 fps= 30 q=0.0 size=   54642kB time=00:04:57.70 bitrate=1503.6kbits/s dup=8 drop=6 speed=   1x    
stream	Start Stream	2026-08-17T14:05:10.4289194Z frame= 8947 fps= 30 q=0.0 size=   54781kB time=00:04:58.20 bitrate=1504.9kbits/s dup=8 drop=6 speed=   1x    
stream	Start Stream	2026-08-17T14:05:10.9369991Z frame= 8962 fps= 30 q=0.0 size=   54882kB time=00:04:58.70 bitrate=1505.2kbits/s dup=8 drop=6 speed=   1x    
stream	Start Stream	2026-08-17T14:05:11.4413671Z frame= 8977 fps= 30 q=0.0 size=   54961kB time=00:04:59.20 bitrate=1504.8kbits/s dup=8 drop=6 speed=   1x    
stream	Start Stream	2026-08-17T14:05:11.9554493Z frame= 8992 fps= 30 q=0.0 size=   55028kB time=00:04:59.70 bitrate=1504.1kbits/s dup=8 drop=6 speed=   1x    
stream	Start Stream	2026-08-17T14:05:12.4625864Z frame= 9007 fps= 30 q=0.0 size=   55138kB time=00:05:00.23 bitrate=1504.5kbits/s dup=8 drop=6 speed=   1x    
stream	Start Stream	2026-08-17T14:05:12.9699806Z frame= 9022 fps= 30 q=0.0 size=   55247kB time=00:05:00.73 bitrate=1504.9kbits/s dup=8 drop=6 speed=   1x    
stream	Start Stream	2026-08-17T14:05:13.4760556Z frame= 9038 fps= 30 q=0.0 size=   55348kB time=00:05:01.23 bitrate=1505.2kbits/s dup=8 drop=6 speed=   1x    
stream	Start Stream	2026-08-17T14:05:13.9789682Z frame= 9053 fps= 30 q=0.0 size=   55450kB time=00:05:01.73 bitrate=1505.5kbits/s dup=8 drop=6 speed=   1x    
stream	Start Stream	2026-08-17T14:05:14.4798940Z frame= 9068 fps= 30 q=0.0 size=   55535kB time=00:05:02.23 bitrate=1505.3kbits/s dup=8 drop=6 speed=   1x    
stream	Start Stream	2026-08-17T14:05:14.9919403Z frame= 9083 fps= 30 q=0.0 size=   55603kB time=00:05:02.73 bitrate=1504.6kbits/s dup=8 drop=6 speed=   1x    
stream	Start Stream	2026-08-17T14:05:15.4926037Z frame= 9098 fps= 30 q=0.0 size=   55669kB time=00:05:03.26 bitrate=1503.7kbits/s dup=8 drop=6 speed=   1x    
stream	Start Stream	2026-08-17T14:05:15.9905121Z frame= 9113 fps= 30 q=0.0 size=   55717kB time=00:05:03.76 bitrate=1502.6kbits/s dup=8 drop=6 speed=   1x    
stream	Start Stream	2026-08-17T14:05:16.4928401Z frame= 9129 fps= 30 q=0.0 size=   55812kB time=00:05:04.26 bitrate=1502.7kbits/s dup=8 drop=6 speed=   1x    
stream	Start Stream	2026-08-17T14:05:16.9985876Z frame= 9144 fps= 30 q=0.0 size=   55886kB time=00:05:04.76 bitrate=1502.2kbits/s dup=8 drop=6 speed=   1x    
stream	Start Stream	2026-08-17T14:05:17.5051953Z frame= 9159 fps= 30 q=0.0 size=   55999kB time=00:05:05.26 bitrate=1502.8kbits/s dup=8 drop=6 speed=   1x    
stream	Start Stream	2026-08-17T14:05:18.0067659Z frame= 9174 fps= 30 q=0.0 size=   56093kB time=00:05:05.76 bitrate=1502.8kbits/s dup=8 drop=6 speed=   1x    
stream	Start Stream	2026-08-17T14:05:18.5149885Z frame= 9189 fps= 30 q=0.0 size=   56215kB time=00:05:06.26 bitrate=1503.6kbits/s dup=8 drop=6 speed=   1x    
stream	Start Stream	2026-08-17T14:05:19.0233874Z frame= 9204 fps= 30 q=0.0 size=   56339kB time=00:05:06.76 bitrate=1504.5kbits/s dup=8 drop=6 speed=   1x    
stream	Start Stream	2026-08-17T14:05:19.5286009Z frame= 9219 fps= 30 q=0.0 size=   56422kB time=00:05:07.30 bitrate=1504.1kbits/s dup=8 drop=6 speed=   1x    
stream	Start Stream	2026-08-17T14:05:20.0262464Z frame= 9234 fps= 30 q=0.0 size=   56502kB time=00:05:07.80 bitrate=1503.8kbits/s dup=8 drop=6 speed=   1x    
stream	Start Stream	2026-08-17T14:05:20.5292895Z frame= 9250 fps= 30 q=0.0 size=   56600kB time=00:05:08.30 bitrate=1504.0kbits/s dup=8 drop=6 speed=   1x    
stream	Start Stream	2026-08-17T14:05:21.0389710Z frame= 9265 fps= 30 q=0.0 size=   56710kB time=00:05:08.80 bitrate=1504.4kbits/s dup=8 drop=6 speed=   1x    
stream	Start Stream	2026-08-17T14:05:21.5436293Z frame= 9280 fps= 30 q=0.0 size=   56815kB time=00:05:09.30 bitrate=1504.8kbits/s dup=8 drop=6 speed=   1x    
stream	Start Stream	2026-08-17T14:05:22.0440365Z frame= 9295 fps= 30 q=0.0 size=   56892kB time=00:05:09.80 bitrate=1504.4kbits/s dup=8 drop=6 speed=   1x    
stream	Start Stream	2026-08-17T14:05:22.5589520Z frame= 9310 fps= 30 q=0.0 size=   57063kB time=00:05:10.30 bitrate=1506.5kbits/s dup=8 drop=6 speed=   1x    
stream	Start Stream	2026-08-17T14:05:23.0588597Z frame= 9325 fps= 30 q=0.0 size=   57153kB time=00:05:10.83 bitrate=1506.3kbits/s dup=8 drop=6 speed=   1x    
stream	Start Stream	2026-08-17T14:05:23.5561816Z frame= 9340 fps= 30 q=0.0 size=   57216kB time=00:05:11.33 bitrate=1505.5kbits/s dup=8 drop=6 speed=   1x    
stream	Start Stream	2026-08-17T14:05:24.0689343Z frame= 9356 fps= 30 q=0.0 size=   57271kB time=00:05:11.83 bitrate=1504.5kbits/s dup=8 drop=6 speed=   1x    
stream	Start Stream	2026-08-17T14:05:24.5690308Z frame= 9371 fps= 30 q=0.0 size=   57344kB time=00:05:12.33 bitrate=1504.0kbits/s dup=8 drop=6 speed=   1x    
stream	Start Stream	2026-08-17T14:05:25.0739732Z frame= 9386 fps= 30 q=0.0 size=   57423kB time=00:05:12.83 bitrate=1503.7kbits/s dup=8 drop=6 speed=   1x    
stream	Start Stream	2026-08-17T14:05:25.5743638Z frame= 9401 fps= 30 q=0.0 size=   57516kB time=00:05:13.33 bitrate=1503.7kbits/s dup=8 drop=6 speed=   1x    
stream	Start Stream	2026-08-17T14:05:26.0820028Z frame= 9416 fps= 30 q=0.0 size=   57611kB time=00:05:13.83 bitrate=1503.8kbits/s dup=8 drop=6 speed=   1x    
stream	Start Stream	2026-08-17T14:05:26.5931414Z frame= 9431 fps= 30 q=0.0 size=   57731kB time=00:05:14.33 bitrate=1504.6kbits/s dup=8 drop=6 speed=   1x    
stream	Start Stream	2026-08-17T14:05:27.0979111Z frame= 9446 fps= 30 q=0.0 size=   57848kB time=00:05:14.86 bitrate=1505.1kbits/s dup=8 drop=6 speed=   1x    
stream	Start Stream	2026-08-17T14:05:27.5973190Z frame= 9461 fps= 30 q=0.0 size=   57950kB time=00:05:15.36 bitrate=1505.3kbits/s dup=8 drop=6 speed=   1x    
stream	Start Stream	2026-08-17T14:05:28.1073560Z frame= 9477 fps= 30 q=0.0 size=   58035kB time=00:05:15.86 bitrate=1505.1kbits/s dup=8 drop=6 speed=   1x    
stream	Start Stream	2026-08-17T14:05:28.6100347Z frame= 9492 fps= 30 q=0.0 size=   58119kB time=00:05:16.36 bitrate=1504.9kbits/s dup=8 drop=6 speed=   1x    
stream	Start Stream	2026-08-17T14:05:29.1215417Z frame= 9507 fps= 30 q=0.0 size=   58217kB time=00:05:16.86 bitrate=1505.1kbits/s dup=8 drop=6 speed=   1x    
stream	Start Stream	2026-08-17T14:05:29.6259468Z frame= 9522 fps= 30 q=0.0 size=   58314kB time=00:05:17.40 bitrate=1505.1kbits/s dup=8 drop=6 speed=   1x    
stream	Start Stream	2026-08-17T14:05:30.1286856Z frame= 9537 fps= 30 q=0.0 size=   58426kB time=00:05:17.90 bitrate=1505.6kbits/s dup=8 drop=6 speed=   1x    
stream	Start Stream	2026-08-17T14:05:30.6315860Z frame= 9552 fps= 30 q=0.0 size=   58535kB time=00:05:18.40 bitrate=1506.0kbits/s dup=8 drop=6 speed=   1x    
stream	Start Stream	2026-08-17T14:05:31.1380057Z frame= 9568 fps= 30 q=0.0 size=   58611kB time=00:05:18.90 bitrate=1505.6kbits/s dup=8 drop=6 speed=   1x    
stream	Start Stream	2026-08-17T14:05:31.6447519Z frame= 9583 fps= 30 q=0.0 size=   58687kB time=00:05:19.40 bitrate=1505.2kbits/s dup=8 drop=6 speed=   1x    
stream	Start Stream	2026-08-17T14:05:32.1571107Z frame= 9598 fps= 30 q=0.0 size=   58742kB time=00:05:19.90 bitrate=1504.3kbits/s dup=8 drop=6 speed=   1x    
stream	Start Stream	2026-08-17T14:05:32.6605723Z frame= 9614 fps= 30 q=0.0 size=   58808kB time=00:05:20.43 bitrate=1503.5kbits/s dup=8 drop=6 speed=   1x    
stream	Start Stream	2026-08-17T14:05:33.1623722Z frame= 9629 fps= 30 q=0.0 size=   58887kB time=00:05:20.93 bitrate=1503.1kbits/s dup=8 drop=6 speed=   1x    
stream	Start Stream	2026-08-17T14:05:33.6625897Z frame= 9644 fps= 30 q=0.0 size=   58976kB time=00:05:21.43 bitrate=1503.0kbits/s dup=8 drop=6 speed=   1x    
stream	Start Stream	2026-08-17T14:05:34.1705783Z frame= 9659 fps= 30 q=0.0 size=   59083kB time=00:05:21.93 bitrate=1503.4kbits/s dup=8 drop=6 speed=   1x    
stream	Start Stream	2026-08-17T14:05:34.6777858Z frame= 9674 fps= 30 q=0.0 size=   59196kB time=00:05:22.43 bitrate=1504.0kbits/s dup=8 drop=6 speed=   1x    
stream	Start Stream	2026-08-17T14:05:35.1819876Z frame= 9689 fps= 30 q=0.0 size=   59312kB time=00:05:22.93 bitrate=1504.6kbits/s dup=8 drop=6 speed=   1x    
stream	Start Stream	2026-08-17T14:05:35.6890838Z frame= 9704 fps= 30 q=0.0 size=   59424kB time=00:05:23.43 bitrate=1505.1kbits/s dup=8 drop=6 speed=   1x    
stream	Start Stream	2026-08-17T14:05:36.1979263Z frame= 9719 fps= 30 q=0.0 size=   59503kB time=00:05:23.96 bitrate=1504.6kbits/s dup=8 drop=6 speed=   1x    
stream	Start Stream	2026-08-17T14:05:36.6911965Z frame= 9734 fps= 30 q=0.0 size=   59589kB time=00:05:24.46 bitrate=1504.5kbits/s dup=8 drop=6 speed=   1x    
stream	Start Stream	2026-08-17T14:05:37.1960199Z frame= 9750 fps= 30 q=0.0 size=   59667kB time=00:05:24.96 bitrate=1504.1kbits/s dup=8 drop=6 speed=   1x    
stream	Start Stream	2026-08-17T14:05:37.7054977Z frame= 9765 fps= 30 q=0.0 size=   59777kB time=00:05:25.46 bitrate=1504.6kbits/s dup=8 drop=6 speed=   1x    
stream	Start Stream	2026-08-17T14:05:38.2131409Z frame= 9780 fps= 30 q=0.0 size=   59875kB time=00:05:25.96 bitrate=1504.8kbits/s dup=8 drop=6 speed=   1x    
stream	Start Stream	2026-08-17T14:05:38.7239510Z frame= 9795 fps= 30 q=0.0 size=   59974kB time=00:05:26.46 bitrate=1504.9kbits/s dup=8 drop=6 speed=   1x    
stream	Start Stream	2026-08-17T14:05:39.2290544Z frame= 9810 fps= 30 q=0.0 size=   60128kB time=00:05:27.00 bitrate=1506.3kbits/s dup=8 drop=6 speed=   1x    
stream	Start Stream	2026-08-17T14:05:39.7262376Z frame= 9825 fps= 30 q=0.0 size=   60212kB time=00:05:27.50 bitrate=1506.1kbits/s dup=8 drop=6 speed=   1x    
stream	Start Stream	2026-08-17T14:05:40.2354849Z frame= 9841 fps= 30 q=0.0 size=   60272kB time=00:05:28.00 bitrate=1505.3kbits/s dup=8 drop=6 speed=   1x    
stream	Start Stream	2026-08-17T14:05:40.7395676Z frame= 9856 fps= 30 q=0.0 size=   60337kB time=00:05:28.50 bitrate=1504.7kbits/s dup=8 drop=6 speed=   1x    
stream	Start Stream	2026-08-17T14:05:41.2439257Z frame= 9871 fps= 30 q=0.0 size=   60397kB time=00:05:29.00 bitrate=1503.9kbits/s dup=8 drop=6 speed=   1x    
stream	Start Stream	2026-08-17T14:05:41.7460711Z frame= 9886 fps= 30 q=0.0 size=   60469kB time=00:05:29.50 bitrate=1503.4kbits/s dup=8 drop=6 speed=   1x    
stream	Start Stream	2026-08-17T14:05:42.2592535Z frame= 9901 fps= 30 q=0.0 size=   60550kB time=00:05:30.00 bitrate=1503.1kbits/s dup=8 drop=6 speed=   1x    
stream	Start Stream	2026-08-17T14:05:42.7629655Z frame= 9916 fps= 30 q=0.0 size=   60661kB time=00:05:30.50 bitrate=1503.6kbits/s dup=8 drop=7 speed=   1x    
stream	Start Stream	2026-08-17T14:05:43.2659944Z frame= 9931 fps= 30 q=0.0 size=   60776kB time=00:05:31.00 bitrate=1504.2kbits/s dup=8 drop=7 speed=   1x    
stream	Start Stream	2026-08-17T14:05:43.7660608Z frame= 9946 fps= 30 q=0.0 size=   60883kB time=00:05:31.50 bitrate=1504.5kbits/s dup=8 drop=7 speed=   1x    
stream	Start Stream	2026-08-17T14:05:44.2699712Z frame= 9961 fps= 30 q=0.0 size=   60989kB time=00:05:32.00 bitrate=1504.9kbits/s dup=8 drop=7 speed=   1x    
stream	Start Stream	2026-08-17T14:05:44.7746844Z frame= 9976 fps= 30 q=0.0 size=   61086kB time=00:05:32.50 bitrate=1505.0kbits/s dup=8 drop=7 speed=   1x    
stream	Start Stream	2026-08-17T14:05:45.2819750Z frame= 9991 fps= 30 q=0.0 size=   61158kB time=00:05:33.00 bitrate=1504.5kbits/s dup=8 drop=7 speed=   1x    
stream	Start Stream	2026-08-17T14:05:45.7822722Z frame=10006 fps= 30 q=0.0 size=   61258kB time=00:05:33.50 bitrate=1504.7kbits/s dup=8 drop=7 speed=   1x    
stream	Start Stream	2026-08-17T14:05:46.2867791Z frame=10021 fps= 30 q=0.0 size=   61363kB time=00:05:34.00 bitrate=1505.0kbits/s dup=8 drop=7 speed=   1x    
stream	Start Stream	2026-08-17T14:05:46.7919014Z frame=10036 fps= 30 q=0.0 size=   61478kB time=00:05:34.53 bitrate=1505.5kbits/s dup=8 drop=7 speed=   1x    
stream	Start Stream	2026-08-17T14:05:47.2923498Z frame=10051 fps= 30 q=0.0 size=   61571kB time=00:05:35.03 bitrate=1505.5kbits/s dup=8 drop=7 speed=   1x    
stream	Start Stream	2026-08-17T14:05:47.7897492Z frame=10066 fps= 30 q=0.0 size=   61642kB time=00:05:35.53 bitrate=1505.0kbits/s dup=8 drop=7 speed=   1x    
stream	Start Stream	2026-08-17T14:05:48.2945995Z frame=10082 fps= 30 q=0.0 size=   61712kB time=00:05:36.03 bitrate=1504.4kbits/s dup=8 drop=7 speed=   1x    
stream	Start Stream	2026-08-17T14:05:48.7996439Z frame=10097 fps= 30 q=0.0 size=   61795kB time=00:05:36.53 bitrate=1504.2kbits/s dup=8 drop=7 speed=   1x    
stream	Start Stream	2026-08-17T14:05:49.3016087Z frame=10112 fps= 30 q=0.0 size=   61842kB time=00:05:37.03 bitrate=1503.2kbits/s dup=8 drop=7 speed=   1x    
stream	Start Stream	2026-08-17T14:05:49.8020834Z frame=10127 fps= 30 q=0.0 size=   61916kB time=00:05:37.53 bitrate=1502.7kbits/s dup=8 drop=7 speed=   1x    
stream	Start Stream	2026-08-17T14:05:50.3049852Z frame=10142 fps= 30 q=0.0 size=   62009kB time=00:05:38.03 bitrate=1502.7kbits/s dup=8 drop=7 speed=   1x    
stream	Start Stream	2026-08-17T14:05:50.8105358Z frame=10157 fps= 30 q=0.0 size=   62125kB time=00:05:38.53 bitrate=1503.3kbits/s dup=8 drop=7 speed=   1x    
stream	Start Stream	2026-08-17T14:05:51.3197696Z frame=10172 fps= 30 q=0.0 size=   62221kB time=00:05:39.03 bitrate=1503.4kbits/s dup=8 drop=7 speed=   1x    
stream	Start Stream	2026-08-17T14:05:51.8203622Z frame=10187 fps= 30 q=0.0 size=   62325kB time=00:05:39.56 bitrate=1503.6kbits/s dup=8 drop=7 speed=   1x    
stream	Start Stream	2026-08-17T14:05:52.3209131Z frame=10202 fps= 30 q=0.0 size=   62450kB time=00:05:40.06 bitrate=1504.4kbits/s dup=8 drop=7 speed=   1x    
stream	Start Stream	2026-08-17T14:05:52.8224512Z frame=10218 fps= 30 q=0.0 size=   62555kB time=00:05:40.56 bitrate=1504.7kbits/s dup=8 drop=7 speed=   1x    
stream	Start Stream	2026-08-17T14:05:53.3319124Z frame=10233 fps= 30 q=0.0 size=   62624kB time=00:05:41.06 bitrate=1504.2kbits/s dup=8 drop=7 speed=   1x    
stream	Start Stream	2026-08-17T14:05:53.8349020Z frame=10248 fps= 30 q=0.0 size=   62706kB time=00:05:41.56 bitrate=1503.9kbits/s dup=8 drop=7 speed=   1x    
stream	Start Stream	2026-08-17T14:05:54.3439103Z frame=10263 fps= 30 q=0.0 size=   62810kB time=00:05:42.06 bitrate=1504.2kbits/s dup=8 drop=7 speed=   1x    
stream	Start Stream	2026-08-17T14:05:54.8567059Z frame=10278 fps= 30 q=0.0 size=   62939kB time=00:05:42.56 bitrate=1505.1kbits/s dup=8 drop=7 speed=   1x    
stream	Start Stream	2026-08-17T14:05:55.3565182Z frame=10293 fps= 30 q=0.0 size=   63022kB time=00:05:43.10 bitrate=1504.7kbits/s dup=8 drop=7 speed=   1x    
stream	Start Stream	2026-08-17T14:05:55.8577918Z frame=10308 fps= 30 q=0.0 size=   63169kB time=00:05:43.60 bitrate=1506.1kbits/s dup=8 drop=7 speed=   1x    
stream	Start Stream	2026-08-17T14:05:56.3652119Z frame=10323 fps= 30 q=0.0 size=   63263kB time=00:05:44.10 bitrate=1506.1kbits/s dup=8 drop=7 speed=   1x    
stream	Start Stream	2026-08-17T14:05:56.8684751Z frame=10339 fps= 30 q=0.0 size=   63345kB time=00:05:44.60 bitrate=1505.9kbits/s dup=8 drop=7 speed=   1x    
stream	Start Stream	2026-08-17T14:05:57.3701640Z frame=10354 fps= 30 q=0.0 size=   63397kB time=00:05:45.10 bitrate=1504.9kbits/s dup=8 drop=7 speed=   1x    
stream	Start Stream	2026-08-17T14:05:57.8759884Z frame=10369 fps= 30 q=0.0 size=   63451kB time=00:05:45.60 bitrate=1504.0kbits/s dup=8 drop=7 speed=   1x    
stream	Start Stream	2026-08-17T14:05:58.3913826Z frame=10384 fps= 30 q=0.0 size=   63548kB time=00:05:46.10 bitrate=1504.2kbits/s dup=8 drop=7 speed=   1x    
stream	Start Stream	2026-08-17T14:05:58.8959481Z frame=10399 fps= 30 q=0.0 size=   63639kB time=00:05:46.63 bitrate=1504.0kbits/s dup=8 drop=7 speed=   1x    
stream	Start Stream	2026-08-17T14:05:59.3905841Z frame=10414 fps= 30 q=0.0 size=   63726kB time=00:05:47.13 bitrate=1503.9kbits/s dup=8 drop=7 speed=   1x    
stream	Start Stream	2026-08-17T14:05:59.8984188Z frame=10430 fps= 30 q=0.0 size=   63840kB time=00:05:47.63 bitrate=1504.4kbits/s dup=8 drop=7 speed=   1x    
stream	Start Stream	2026-08-17T14:06:00.4019819Z frame=10445 fps= 30 q=0.0 size=   63979kB time=00:05:48.13 bitrate=1505.5kbits/s dup=8 drop=7 speed=   1x    
stream	Start Stream	2026-08-17T14:06:00.9081835Z frame=10460 fps= 30 q=0.0 size=   64076kB time=00:05:48.63 bitrate=1505.6kbits/s dup=8 drop=7 speed=   1x    
stream	Start Stream	2026-08-17T14:06:01.4185474Z frame=10475 fps= 30 q=0.0 size=   64160kB time=00:05:49.13 bitrate=1505.4kbits/s dup=8 drop=7 speed=   1x    
stream	Start Stream	2026-08-17T14:06:01.9220698Z frame=10490 fps= 30 q=0.0 size=   64227kB time=00:05:49.66 bitrate=1504.7kbits/s dup=8 drop=7 speed=   1x    
stream	Start Stream	2026-08-17T14:06:02.4235344Z frame=10505 fps= 30 q=0.0 size=   64344kB time=00:05:50.16 bitrate=1505.3kbits/s dup=8 drop=7 speed=   1x    
stream	Start Stream	2026-08-17T14:06:02.9290717Z frame=10520 fps= 30 q=0.0 size=   64440kB time=00:05:50.66 bitrate=1505.4kbits/s dup=8 drop=7 speed=   1x    
stream	Start Stream	2026-08-17T14:06:03.4266903Z frame=10535 fps= 30 q=0.0 size=   64541kB time=00:05:51.16 bitrate=1505.6kbits/s dup=8 drop=7 speed=   1x    
stream	Start Stream	2026-08-17T14:06:03.9359514Z frame=10551 fps= 30 q=0.0 size=   64649kB time=00:05:51.66 bitrate=1506.0kbits/s dup=8 drop=7 speed=   1x    
stream	Start Stream	2026-08-17T14:06:04.4359691Z frame=10566 fps= 30 q=0.0 size=   64737kB time=00:05:52.16 bitrate=1505.9kbits/s dup=8 drop=7 speed=   1x    
stream	Start Stream	2026-08-17T14:06:04.9479389Z frame=10581 fps= 30 q=0.0 size=   64810kB time=00:05:52.66 bitrate=1505.5kbits/s dup=8 drop=7 speed=   1x    
stream	Start Stream	2026-08-17T14:06:05.4472482Z frame=10596 fps= 30 q=0.0 size=   64871kB time=00:05:53.16 bitrate=1504.7kbits/s dup=8 drop=7 speed=   1x    
stream	Start Stream	2026-08-17T14:06:05.9575217Z frame=10611 fps= 30 q=0.0 size=   64920kB time=00:05:53.66 bitrate=1503.7kbits/s dup=8 drop=7 speed=   1x    
stream	Start Stream	2026-08-17T14:06:06.4605812Z frame=10626 fps= 30 q=0.0 size=   65012kB time=00:05:54.20 bitrate=1503.6kbits/s dup=8 drop=7 speed=   1x    
stream	Start Stream	2026-08-17T14:06:06.9648509Z frame=10641 fps= 30 q=0.0 size=   65096kB time=00:05:54.70 bitrate=1503.4kbits/s dup=8 drop=7 speed=   1x    
stream	Start Stream	2026-08-17T14:06:07.4718510Z frame=10657 fps= 30 q=0.0 size=   65203kB time=00:05:55.20 bitrate=1503.8kbits/s dup=8 drop=7 speed=   1x    
stream	Start Stream	2026-08-17T14:06:07.9780849Z frame=10672 fps= 30 q=0.0 size=   65299kB time=00:05:55.70 bitrate=1503.9kbits/s dup=8 drop=7 speed=   1x    
stream	Start Stream	2026-08-17T14:06:08.4807568Z frame=10687 fps= 30 q=0.0 size=   65422kB time=00:05:56.20 bitrate=1504.6kbits/s dup=8 drop=7 speed=   1x    
stream	Start Stream	2026-08-17T14:06:08.9926996Z frame=10702 fps= 30 q=0.0 size=   65538kB time=00:05:56.70 bitrate=1505.1kbits/s dup=8 drop=7 speed=   1x    
stream	Start Stream	2026-08-17T14:06:09.4970477Z frame=10717 fps= 30 q=0.0 size=   65627kB time=00:05:57.23 bitrate=1505.0kbits/s dup=8 drop=7 speed=   1x    
stream	Start Stream	2026-08-17T14:06:09.9938364Z frame=10733 fps= 30 q=0.0 size=   65703kB time=00:05:57.73 bitrate=1504.6kbits/s dup=8 drop=7 speed=   1x    
stream	Start Stream	2026-08-17T14:06:10.4946910Z frame=10747 fps= 30 q=0.0 size=   65788kB time=00:05:58.23 bitrate=1504.4kbits/s dup=8 drop=7 speed=   1x    
stream	Start Stream	2026-08-17T14:06:11.0021811Z frame=10763 fps= 30 q=0.0 size=   65894kB time=00:05:58.73 bitrate=1504.7kbits/s dup=8 drop=7 speed=   1x    
stream	Start Stream	2026-08-17T14:06:11.5059293Z frame=10778 fps= 30 q=0.0 size=   65997kB time=00:05:59.23 bitrate=1505.0kbits/s dup=8 drop=7 speed=   1x    
stream	Start Stream	2026-08-17T14:06:12.0119902Z frame=10793 fps= 30 q=0.0 size=   66078kB time=00:05:59.73 bitrate=1504.8kbits/s dup=8 drop=7 speed=   1x    
stream	Start Stream	2026-08-17T14:06:12.5136737Z frame=10808 fps= 30 q=0.0 size=   66240kB time=00:06:00.23 bitrate=1506.4kbits/s dup=8 drop=7 speed=   1x    
stream	Start Stream	2026-08-17T14:06:13.0233679Z frame=10823 fps= 30 q=0.0 size=   66331kB time=00:06:00.73 bitrate=1506.3kbits/s dup=8 drop=7 speed=   1x    
stream	Start Stream	2026-08-17T14:06:13.5210023Z frame=10839 fps= 30 q=0.0 size=   66390kB time=00:06:01.26 bitrate=1505.5kbits/s dup=8 drop=7 speed=   1x    
stream	Start Stream	2026-08-17T14:06:14.0250567Z frame=10854 fps= 30 q=0.0 size=   66439kB time=00:06:01.76 bitrate=1504.5kbits/s dup=8 drop=7 speed=   1x    
stream	Start Stream	2026-08-17T14:06:14.5219112Z frame=10868 fps= 30 q=0.0 size=   66507kB time=00:06:02.26 bitrate=1503.9kbits/s dup=8 drop=7 speed=   1x    
stream	Start Stream	2026-08-17T14:06:15.0240891Z frame=10884 fps= 30 q=0.0 size=   66586kB time=00:06:02.76 bitrate=1503.6kbits/s dup=8 drop=7 speed=   1x    
stream	Start Stream	2026-08-17T14:06:15.5350153Z frame=10899 fps= 30 q=0.0 size=   66672kB time=00:06:03.26 bitrate=1503.5kbits/s dup=8 drop=7 speed=   1x    
stream	Start Stream	2026-08-17T14:06:16.0439967Z frame=10914 fps= 30 q=0.0 size=   66762kB time=00:06:03.76 bitrate=1503.5kbits/s dup=8 drop=7 speed=   1x    
stream	Start Stream	2026-08-17T14:06:16.5524544Z frame=10929 fps= 30 q=0.0 size=   66877kB time=00:06:04.26 bitrate=1504.0kbits/s dup=8 drop=7 speed=   1x    
stream	Start Stream	2026-08-17T14:06:17.0641512Z frame=10945 fps= 30 q=0.0 size=   66989kB time=00:06:04.80 bitrate=1504.3kbits/s dup=8 drop=7 speed=   1x    
stream	Start Stream	2026-08-17T14:06:17.5683393Z frame=10959 fps= 30 q=0.0 size=   67091kB time=00:06:05.30 bitrate=1504.6kbits/s dup=8 drop=7 speed=   1x    
stream	Start Stream	2026-08-17T14:06:17.8104069Z frame=10975 fps= 30 q=0.0 size=   67179kB time=00:06:05.80 bitrate=1504.5kbits/s dup=8 drop=7 speed=   1x    
stream	Start Stream	2026-08-17T14:06:17.8105519Z [6949:7051:0817/140617.810225:ERROR:google_apis/gcm/engine/registration_request.cc:291] Registration response error message: DEPRECATED_ENDPOINT
stream	Start Stream	2026-08-17T14:06:18.5802884Z frame=10990 fps= 30 q=0.0 size=   67263kB time=00:06:06.30 bitrate=1504.3kbits/s dup=8 drop=7 speed=   1x    
stream	Start Stream	2026-08-17T14:06:19.0926655Z frame=11005 fps= 30 q=0.0 size=   67356kB time=00:06:06.80 bitrate=1504.3kbits/s dup=8 drop=7 speed=   1x    
stream	Start Stream	2026-08-17T14:06:19.5938367Z frame=11020 fps= 30 q=0.0 size=   67466kB time=00:06:07.33 bitrate=1504.6kbits/s dup=8 drop=7 speed=   1x    
stream	Start Stream	2026-08-17T14:06:20.1020069Z frame=11035 fps= 30 q=0.0 size=   67559kB time=00:06:07.83 bitrate=1504.6kbits/s dup=8 drop=7 speed=   1x    
stream	Start Stream	2026-08-17T14:06:20.6070646Z frame=11051 fps= 30 q=0.0 size=   67682kB time=00:06:08.33 bitrate=1505.3kbits/s dup=8 drop=7 speed=   1x    
stream	Start Stream	2026-08-17T14:06:21.1204443Z frame=11066 fps= 30 q=0.0 size=   67753kB time=00:06:08.83 bitrate=1504.8kbits/s dup=8 drop=7 speed=   1x    
stream	Start Stream	2026-08-17T14:06:21.6253332Z frame=11081 fps= 30 q=0.0 size=   67823kB time=00:06:09.36 bitrate=1504.2kbits/s dup=8 drop=7 speed=   1x    
stream	Start Stream	2026-08-17T14:06:22.1310642Z frame=11096 fps= 30 q=0.0 size=   67880kB time=00:06:09.86 bitrate=1503.4kbits/s dup=8 drop=7 speed=   1x    
stream	Start Stream	2026-08-17T14:06:22.6351647Z frame=11112 fps= 30 q=0.0 size=   67947kB time=00:06:10.36 bitrate=1502.9kbits/s dup=8 drop=7 speed=   1x    
stream	Start Stream	2026-08-17T14:06:23.1435343Z frame=11127 fps= 30 q=0.0 size=   68031kB time=00:06:10.86 bitrate=1502.7kbits/s dup=8 drop=7 speed=   1x    
stream	Start Stream	2026-08-17T14:06:23.6549697Z frame=11142 fps= 30 q=0.0 size=   68106kB time=00:06:11.36 bitrate=1502.4kbits/s dup=8 drop=7 speed=   1x    
stream	Start Stream	2026-08-17T14:06:24.1603283Z frame=11157 fps= 30 q=0.0 size=   68220kB time=00:06:11.90 bitrate=1502.7kbits/s dup=8 drop=7 speed=   1x    
stream	Start Stream	2026-08-17T14:06:24.6607176Z frame=11172 fps= 30 q=0.0 size=   68320kB time=00:06:12.40 bitrate=1502.9kbits/s dup=8 drop=7 speed=   1x    
stream	Start Stream	2026-08-17T14:06:25.1595565Z frame=11187 fps= 30 q=0.0 size=   68439kB time=00:06:12.90 bitrate=1503.5kbits/s dup=8 drop=7 speed=   1x    
stream	Start Stream	2026-08-17T14:06:25.6591526Z frame=11203 fps= 30 q=0.0 size=   68557kB time=00:06:13.40 bitrate=1504.1kbits/s dup=8 drop=7 speed=   1x    
stream	Start Stream	2026-08-17T14:06:26.1599260Z frame=11218 fps= 30 q=0.0 size=   68651kB time=00:06:13.90 bitrate=1504.1kbits/s dup=8 drop=7 speed=   1x    
stream	Start Stream	2026-08-17T14:06:26.6612345Z frame=11233 fps= 30 q=0.0 size=   68743kB time=00:06:14.40 bitrate=1504.1kbits/s dup=8 drop=7 speed=   1x    
stream	Start Stream	2026-08-17T14:06:27.1700343Z frame=11248 fps= 30 q=0.0 size=   68817kB time=00:06:14.90 bitrate=1503.7kbits/s dup=8 drop=7 speed=   1x    
stream	Start Stream	2026-08-17T14:06:27.6739743Z frame=11263 fps= 30 q=0.0 size=   68936kB time=00:06:15.40 bitrate=1504.3kbits/s dup=8 drop=7 speed=   1x    
stream	Start Stream	2026-08-17T14:06:28.1742045Z frame=11278 fps= 30 q=0.0 size=   69038kB time=00:06:15.90 bitrate=1504.5kbits/s dup=8 drop=7 speed=   1x    
stream	Start Stream	2026-08-17T14:06:28.6789410Z frame=11293 fps= 30 q=0.0 size=   69142kB time=00:06:16.40 bitrate=1504.8kbits/s dup=8 drop=7 speed=   1x    
stream	Start Stream	2026-08-17T14:06:29.1780754Z frame=11308 fps= 30 q=0.0 size=   69284kB time=00:06:16.90 bitrate=1505.9kbits/s dup=8 drop=7 speed=   1x    
stream	Start Stream	2026-08-17T14:06:29.6864849Z frame=11323 fps= 30 q=0.0 size=   69383kB time=00:06:17.40 bitrate=1506.0kbits/s dup=8 drop=7 speed=   1x    
stream	Start Stream	2026-08-17T14:06:30.2013303Z frame=11338 fps= 30 q=0.0 size=   69443kB time=00:06:17.93 bitrate=1505.2kbits/s dup=8 drop=7 speed=   1x    
stream	Start Stream	2026-08-17T14:06:30.6914834Z frame=11353 fps= 30 q=0.0 size=   69508kB time=00:06:18.43 bitrate=1504.7kbits/s dup=8 drop=7 speed=   1x    
stream	Start Stream	2026-08-17T14:06:31.1929796Z frame=11369 fps= 30 q=0.0 size=   69560kB time=00:06:18.93 bitrate=1503.8kbits/s dup=8 drop=7 speed=   1x    
stream	Start Stream	2026-08-17T14:06:31.6989371Z frame=11384 fps= 30 q=0.0 size=   69633kB time=00:06:19.43 bitrate=1503.4kbits/s dup=8 drop=7 speed=   1x    
stream	Start Stream	2026-08-17T14:06:32.1981642Z frame=11399 fps= 30 q=0.0 size=   69722kB time=00:06:19.93 bitrate=1503.3kbits/s dup=8 drop=7 speed=   1x    
stream	Start Stream	2026-08-17T14:06:32.6990377Z frame=11414 fps= 30 q=0.0 size=   69838kB time=00:06:20.43 bitrate=1503.8kbits/s dup=8 drop=7 speed=   1x    
stream	Start Stream	2026-08-17T14:06:33.2037477Z frame=11429 fps= 30 q=0.0 size=   69927kB time=00:06:20.93 bitrate=1503.8kbits/s dup=8 drop=7 speed=   1x    
stream	Start Stream	2026-08-17T14:06:33.7064221Z frame=11444 fps= 30 q=0.0 size=   70047kB time=00:06:21.43 bitrate=1504.4kbits/s dup=8 drop=7 speed=   1x    
stream	Start Stream	2026-08-17T14:06:34.2150031Z frame=11459 fps= 30 q=0.0 size=   70141kB time=00:06:21.93 bitrate=1504.4kbits/s dup=8 drop=7 speed=   1x    
stream	Start Stream	2026-08-17T14:06:34.7235005Z frame=11474 fps= 30 q=0.0 size=   70247kB time=00:06:22.43 bitrate=1504.7kbits/s dup=8 drop=7 speed=   1x    
stream	Start Stream	2026-08-17T14:06:35.2202400Z frame=11489 fps= 30 q=0.0 size=   70314kB time=00:06:22.96 bitrate=1504.1kbits/s dup=8 drop=7 speed=   1x    
stream	Start Stream	2026-08-17T14:06:35.3524349Z frame=11505 fps= 30 q=0.0 size=   70404kB time=00:06:23.46 bitrate=1504.0kbits/s dup=8 drop=7 speed=   1x    
stream	Start Stream	2026-08-17T14:06:35.3525049Z [aost#0:1/aac @ 0x5599ebc74180] Error submitting a packet to the muxer: Broken pipe
stream	Start Stream	2026-08-17T14:06:35.3525545Z [out#0/flv @ 0x5599ebc6fa00] Error muxing a packet
stream	Start Stream	2026-08-17T14:06:35.3876593Z [flv @ 0x5599ebc705c0] Failed to update header with correct duration.
stream	Start Stream	2026-08-17T14:06:35.3877575Z [flv @ 0x5599ebc705c0] Failed to update header with correct filesize.
stream	Start Stream	2026-08-17T14:06:35.3878429Z [out#0/flv @ 0x5599ebc6fa00] Error writing trailer: Broken pipe
stream	Start Stream	2026-08-17T14:06:35.3879066Z [out#0/flv @ 0x5599ebc6fa00] Error closing file: Broken pipe
stream	Start Stream	2026-08-17T14:06:35.3879932Z [out#0/flv @ 0x5599ebc6fa00] video:69823kB audio:98kB subtitle:0kB other streams:0kB global headers:0kB muxing overhead: 0.740173%
stream	Start Stream	2026-08-17T14:06:35.3881321Z frame=11509 fps= 30 q=0.0 Lsize=   70439kB time=00:06:23.63 bitrate=1504.1kbits/s dup=8 drop=7 speed=   1x    
stream	Start Stream	2026-08-17T14:06:35.3897951Z [libx264 @ 0x5599ebc71240] frame I:192   Avg QP: 0.12  size: 24052
stream	Start Stream	2026-08-17T14:06:35.3904198Z [libx264 @ 0x5599ebc71240] frame P:11318 Avg QP: 0.01  size:  5910
stream	Start Stream	2026-08-17T14:06:35.3904854Z [libx264 @ 0x5599ebc71240] mb I  I16..4: 100.0%  0.0%  0.0%
stream	Start Stream	2026-08-17T14:06:35.3905589Z [libx264 @ 0x5599ebc71240] mb P  I16..4:  3.5%  0.0%  0.0%  P16..4:  3.2%  0.0%  0.0%  0.0%  0.0%    skip:93.3%
stream	Start Stream	2026-08-17T14:06:35.3906163Z [libx264 @ 0x5599ebc71240] coded y,uvDC,uvAC intra: 8.1% 14.6% 14.4% inter: 1.3% 2.4% 2.4%
stream	Start Stream	2026-08-17T14:06:35.3906822Z [libx264 @ 0x5599ebc71240] i16 v,h,dc,p: 90%  5%  4%  1%
stream	Start Stream	2026-08-17T14:06:35.3907199Z [libx264 @ 0x5599ebc71240] i8c dc,h,v,p: 86%  7%  6%  1%
stream	Start Stream	2026-08-17T14:06:35.3907540Z [libx264 @ 0x5599ebc71240] kb/s:1490.99
stream	Start Stream	2026-08-17T14:06:35.3907854Z [aac @ 0x5599ebc74580] Qavg: 65536.000
stream	Start Stream	2026-08-17T14:06:35.4166849Z Conversion failed!
stream	Start Stream	2026-08-17T14:06:40.4214977Z ##[error]Process completed with exit code 224.
stream	Upload diagnostic screenshot	﻿2026-08-17T14:06:40.4306162Z Node 20 is being deprecated. This workflow is running with Node 24 by default. If you need to temporarily use Node 20, you can set the ACTIONS_ALLOW_USE_UNSECURE_NODE_VERSION=true environment variable. For more information see: https://github.blog/changelog/2025-09-19-deprecation-of-node-20-on-github-actions-runners/
stream	Upload diagnostic screenshot	2026-08-17T14:06:40.4308441Z ##[group]Run actions/upload-artifact@v4
stream	Upload diagnostic screenshot	2026-08-17T14:06:40.4308805Z with:
stream	Upload diagnostic screenshot	2026-08-17T14:06:40.4309064Z   name: stream-diagnostic
stream	Upload diagnostic screenshot	2026-08-17T14:06:40.4309409Z   path: /tmp/stream-screen.png
stream	Upload diagnostic screenshot	http.log
stream	Upload diagnostic screenshot	
stream	Upload diagnostic screenshot	2026-08-17T14:06:40.4309780Z   if-no-files-found: warn
stream	Upload diagnostic screenshot	2026-08-17T14:06:40.4310099Z   compression-level: 6
stream	Upload diagnostic screenshot	2026-08-17T14:06:40.4310387Z   overwrite: false
stream	Upload diagnostic screenshot	2026-08-17T14:06:40.4310669Z   include-hidden-files: false
stream	Upload diagnostic screenshot	2026-08-17T14:06:40.4310988Z ##[endgroup]
stream	Upload diagnostic screenshot	2026-08-17T14:06:40.6183743Z (node:7494) [DEP0040] DeprecationWarning: The `punycode` module is deprecated. Please use a userland alternative instead.
stream	Upload diagnostic screenshot	2026-08-17T14:06:40.6185206Z (Use `node --trace-deprecation ...` to show where the warning was created)
stream	Upload diagnostic screenshot	2026-08-17T14:06:40.6318949Z Multiple search paths detected. Calculating the least common ancestor of all paths
stream	Upload diagnostic screenshot	2026-08-17T14:06:40.6378713Z The least common ancestor is /. This will be the root directory of the artifact
stream	Upload diagnostic screenshot	2026-08-17T14:06:40.6408696Z With the provided path, there will be 2 files uploaded
stream	Upload diagnostic screenshot	2026-08-17T14:06:40.6440027Z Artifact name is valid!
stream	Upload diagnostic screenshot	2026-08-17T14:06:40.6440685Z Root directory input is valid!
stream	Upload diagnostic screenshot	2026-08-17T14:06:40.9379142Z Beginning upload of artifact content to blob storage
stream	Upload diagnostic screenshot	2026-08-17T14:06:40.9623371Z (node:7494) [DEP0169] DeprecationWarning: `url.parse()` behavior is not standardized and prone to errors that have security implications. Use the WHATWG URL API instead. CVEs are not issued for `url.parse()` vulnerabilities.
stream	Upload diagnostic screenshot	2026-08-17T14:06:41.1951597Z Uploaded bytes 4218
stream	Upload diagnostic screenshot	2026-08-17T14:06:41.2635404Z Finished uploading artifact content to blob storage!
stream	Upload diagnostic screenshot	2026-08-17T14:06:41.2636339Z SHA256 digest of uploaded artifact zip is 163a0bd89479892f0fc88529020f0e49ef0ebf69011e3a6385ca2432f3fc7e4a
stream	Upload diagnostic screenshot	2026-08-17T14:06:41.2637196Z Finalizing artifact upload
stream	Upload diagnostic screenshot	2026-08-17T14:06:41.4675932Z Artifact stream-diagnostic.zip successfully finalized. Artifact ID 9291237875
stream	Upload diagnostic screenshot	2026-08-17T14:06:41.4676970Z Artifact stream-diagnostic has been successfully uploaded! Final size is 4218 bytes. Artifact ID is 9291237875
stream	Upload diagnostic screenshot	2026-08-17T14:06:41.4678204Z Artifact download URL: https://github.com/Gojozz/my-racing-stream/actions/runs/32037348346/artifacts/9291237875
stream	Post Checkout repository	﻿2026-08-17T14:06:41.4890626Z Node 20 is being deprecated. This workflow is running with Node 24 by default. If you need to temporarily use Node 20, you can set the ACTIONS_ALLOW_USE_UNSECURE_NODE_VERSION=true environment variable. For more information see: https://github.blog/changelog/2025-09-19-deprecation-of-node-20-on-github-actions-runners/
stream	Post Checkout repository	2026-08-17T14:06:41.4892313Z Post job cleanup.
stream	Post Checkout repository	2026-08-17T14:06:41.5925502Z [command]/usr/bin/git version
stream	Post Checkout repository	2026-08-17T14:06:41.5960532Z git version 2.54.0
stream	Post Checkout repository	2026-08-17T14:06:41.5997544Z Temporarily overriding HOME='/home/runner/work/_temp/d9e66ab2-ba5d-46f3-b1e0-63c832c529cd' before making global git config changes
stream	Post Checkout repository	2026-08-17T14:06:41.6007368Z Adding repository directory to the temporary git global config as a safe directory
stream	Post Checkout repository	2026-08-17T14:06:41.6008487Z [command]/usr/bin/git config --global --add safe.directory /home/runner/work/my-racing-stream/my-racing-stream
stream	Post Checkout repository	2026-08-17T14:06:41.6058271Z [command]/usr/bin/git config --local --name-only --get-regexp core\.sshCommand
stream	Post Checkout repository	2026-08-17T14:06:41.6134825Z [command]/usr/bin/git submodule foreach --recursive sh -c "git config --local --name-only --get-regexp 'core\.sshCommand' && git config --local --unset-all 'core.sshCommand' || :"
stream	Post Checkout repository	2026-08-17T14:06:41.6354669Z [command]/usr/bin/git config --local --name-only --get-regexp http\.https\:\/\/github\.com\/\.extraheader
stream	Post Checkout repository	2026-08-17T14:06:41.6377939Z http.https://github.com/.extraheader
stream	Post Checkout repository	2026-08-17T14:06:41.6399162Z [command]/usr/bin/git config --local --unset-all http.https://github.com/.extraheader
stream	Post Checkout repository	2026-08-17T14:06:41.6424380Z [command]/usr/bin/git submodule foreach --recursive sh -c "git config --local --name-only --get-regexp 'http\.https\:\/\/github\.com\/\.extraheader' && git config --local --unset-all 'http.https://github.com/.extraheader' || :"
stream	Post Checkout repository	2026-08-17T14:06:41.6671252Z [command]/usr/bin/git config --local --name-only --get-regexp ^includeIf\.gitdir:
stream	Post Checkout repository	2026-08-17T14:06:41.6701409Z [command]/usr/bin/git submodule foreach --recursive git config --local --show-origin --name-only --get-regexp remote.origin.url
stream	Complete job	﻿2026-08-17T14:06:41.7333937Z Cleaning up orphan processes
stream	Complete job	2026-08-17T14:06:41.7724509Z Terminate orphan process: pid (6943) (Xvfb)
stream	Complete job	2026-08-17T14:06:41.7750453Z Terminate orphan process: pid (6947) (python3)
stream	Complete job	2026-08-17T14:06:41.7807651Z Terminate orphan process: pid (6949) (chrome)
stream	Complete job	2026-08-17T14:06:41.7858925Z Terminate orphan process: pid (7036) (chrome_crashpad_handler)
stream	Complete job	2026-08-17T14:06:41.7908709Z Terminate orphan process: pid (7038) (chrome_crashpad_handler)
stream	Complete job	2026-08-17T14:06:41.7998613Z ##[warning]Node.js 20 is deprecated. The following actions target Node.js 20 but are being forced to run on Node.js 24: actions/checkout@v4, actions/upload-artifact@v4. For more information see: https://github.blog/changelog/2025-09-19-deprecation-of-node-20-on-github-actions-runners/
